seed,pair,cal,test,own,identity,static,u_stab,v_stab,need_err
184000,0,0,2,0.9999774353505152,0.0388479603029429,0.7360102708730555,0.9999430595925192,0.99994607764921,0.0007700377007636
184000,1,1,3,0.999887030790526,0.0352343798197988,0.736452604354211,0.9997835571594984,0.999685269249,0.0042914210590746
184000,2,2,0,0.999984561763404,0.0395538627631172,0.7348332271908302,0.9997121361524548,0.9997369035523272,0.0007257013641029
184000,3,3,1,0.9998573091700216,0.0557343559531971,0.7333330960578989,0.9998018597090352,0.9996850192308608,0.0020186830188264
184001,0,0,2,0.9998531042756764,0.2401998779988883,0.4586688030767775,0.9998363628770764,0.999874232161946,0.000864510623879
184001,1,1,3,0.999924215202527,0.2447810369808898,0.4586479724842576,0.9994186737440104,0.999588210315611,0.0012386796315067
184001,2,2,0,0.9999229187083076,0.2470532483004854,0.4565270576715869,0.999676188605086,0.9996475815448888,0.0018767951545606
184001,3,3,1,0.9997185752791536,0.2386807753565606,0.4627509602573763,0.9995813689465473,0.9995125227148288,0.003742649641781
184002,0,0,2,0.9998267472443086,0.2600700723241504,0.7903225170500452,0.9996817001659162,0.999768846207634,0.0042774255924488
184002,1,1,3,0.9994126175400792,0.2250131075665511,0.8039814584760459,0.9991289490148249,0.9981661144900318,0.0151923616738176
184002,2,2,0,0.999818185858366,0.2563352332778533,0.7976405945450646,0.9998658985498148,0.9996785662336284,0.0041105687240241
184002,3,3,1,0.9989716581629152,0.2586475267232194,0.7903601534089445,0.997547441353669,0.997314574797222,0.0201347094398711
184003,0,0,2,0.9999289262298684,0.1800867367174436,0.5794657186754735,0.9999473838997648,0.9999365497660008,0.0016652915365071
184003,1,1,3,0.9998752933304076,0.1820322868927766,0.5781969414733933,0.9999113702454604,0.9998017332836966,0.0006394996606888
184003,2,2,0,0.9999196209644714,0.1770978369678312,0.5799276606849825,0.9999355241621386,0.9999085744304016,0.000342164971457
184003,3,3,1,0.9998226913691928,0.1784163356779775,0.5801663362444858,0.9999082794666584,0.9997633950580684,0.000716429629075
184004,0,0,2,0.99996761603463,0.2798132099920882,0.6005888082814665,0.9999808785515604,0.9999493221782,0.001955963023682
184004,1,1,3,0.9998613766421116,0.2821585367379697,0.5992535239630701,0.999896139699773,0.9997635670931416,0.0018720860786809
184004,2,2,0,0.999969455611124,0.2817524678487796,0.5996026038889521,0.9999839776496664,0.9999426844677044,0.0030275257798741
184004,3,3,1,0.9998407906345578,0.2728984416991206,0.6023578824406937,0.999941830452554,0.9998158902297666,0.0034276688182157
184005,0,0,2,0.9999484496919686,0.0525089288029817,0.6891876770321476,0.9997494539138964,0.9998051002772336,0.0005549440779787
184005,1,1,3,0.9998806558602568,0.0547984833819055,0.6911733242440085,0.9994880158645028,0.9995143404741684,0.0033385425586999
184005,2,2,0,0.9999745422122932,0.0517703394789145,0.6900634802202298,0.9996980670402896,0.9997645161474208,0.0014021890425913
184005,3,3,1,0.999862628216854,0.0517703913922706,0.6889872906338097,0.9997409630829546,0.9997180152775372,0.0007299294105872
184006,0,0,2,0.9999723836644746,0.2324794788421187,0.5502507107200705,0.9993504599140552,0.9995392228761978,0.0022870104534743
184006,1,1,3,0.9995577432582088,0.2309160596969899,0.5503094668031554,0.9994107873773184,0.9995979600624648,0.0068720560483289
184006,2,2,0,0.9999652220425144,0.2308199116594056,0.5499197445690709,0.9983648718426996,0.9988328401537756,0.0023333095303028
184006,3,3,1,0.9992784124814008,0.2154310944689827,0.5492739829563614,0.998799903262386,0.9988281844416628,0.0107287689128173
184007,0,0,2,0.9998632777974548,0.4356651851159339,0.559921845178924,0.9999031183127264,0.9998363291915016,0.00369677247901
184007,1,1,3,0.9999084311211776,0.4418403834242212,0.5582726674818042,0.999923818220533,0.9998677422178204,0.0010093289663022
184007,2,2,0,0.9997794928847066,0.4418368140485345,0.5596842005932483,0.999705457160766,0.9998235637160072,0.001740216833555
184007,3,3,1,0.9992095657903356,0.4396839510240685,0.559925507241002,0.9989405473758256,0.9990494256085752,0.0103979655368166
184008,0,0,2,0.9999463903614711,0.0940990620198359,0.6870251935666453,0.9996843137538846,0.9997984209170652,0.002733252195071
184008,1,1,3,0.9999493269962808,0.1049669488063629,0.6835821425586107,0.9998596654178012,0.9998977975800658,0.0028939885443136
184008,2,2,0,0.9999558878639738,0.0986069203710894,0.6844932333190525,0.9998996264706632,0.9999309775222642,0.0015897617085074
184008,3,3,1,0.9999006127938282,0.095060685841683,0.6865497509343327,0.9987806036032774,0.9990512766253268,0.0051217195233763
184009,0,0,2,0.9997224306209452,0.0255146924108885,0.4681715247991705,0.996893533355632,0.998460561377526,4.209595637671981e-05
184009,1,1,3,0.9997812729826996,0.036524989557363,0.4685540033278981,0.9978702263250336,0.9988415253499318,0.0047718674556371
184009,2,2,0,0.9997996169671656,0.0414569283741455,0.4663652022475339,0.999309191757746,0.9996541851750796,0.0053439364659871
184009,3,3,1,0.9998015471421884,0.0345717005429008,0.4693650666728376,0.9996602439910522,0.9997340523851128,0.0048232487013022
184010,0,0,2,0.9998391108839356,0.2255570961619599,0.4504666818021651,0.99990081864618,0.9997716696941088,0.0024115614712098
184010,1,1,3,0.9995083701506544,0.2411906489112364,0.4558301066231691,0.9995859062582592,0.999648452929109,0.013291615893394
184010,2,2,0,0.9997716536338946,0.2273372527733254,0.4514880492330944,0.999859316461654,0.9998324343036846,0.0008035655735303
184010,3,3,1,0.99965747634584,0.2281283088772449,0.4505089802673733,0.999614682060618,0.9996175786102768,0.0102989657020683
184011,0,0,2,0.9975457314594508,0.6863140102721822,0.5294460231194917,0.9926432401550302,0.9951335020414802,0.0007170662679714
184011,1,1,3,0.9985050009218726,0.6870239786220222,0.492960552349979,0.9995510996556566,0.9985620352908434,0.003600722761836
184011,2,2,0,0.998392080468784,0.6917788916925781,0.4989611439505255,0.9947126627671592,0.9933264022448796,0.0028038621702167
184011,3,3,1,0.9972800150907676,0.6956284466001648,0.5128926375254508,0.9944726875159392,0.997272252840829,0.003983615373588
184012,0,0,2,0.9999058241411198,0.4527734450571101,0.4938041266665771,0.9998778029726908,0.999947567701849,0.0062338207486107
184012,1,1,3,0.9998718854813654,0.4531335802794921,0.4940723001551194,0.9997111699933028,0.9996967664985796,0.0009387009405582
184012,2,2,0,0.999965456510436,0.4532006697602972,0.4947405200923734,0.9998423902603372,0.9999034378267124,0.0017756620335733
184012,3,3,1,0.999866512007712,0.4512059349899049,0.4967694612516893,0.9998846014354178,0.9998786820434364,0.0056473842754163
184013,0,0,2,0.9998452731751312,0.09461157250957,0.3872819777629454,0.9986038288000298,0.9989947375951488,0.0037607804832101
184013,1,1,3,0.9995168753481316,0.1077578505537675,0.3954012501291065,0.9979295346189032,0.9992499598396976,0.0120902386462026
184013,2,2,0,0.9997958007061092,0.0891832502456702,0.3887413678230052,0.99785131898136,0.9989775751780752,0.001969216005535
184013,3,3,1,0.9997609279238512,0.0924225338693975,0.3889197473137869,0.9984895918553326,0.9988406510727832,0.0075777132048663
184014,0,0,2,0.9998716857832268,0.1461842640051708,0.3117952519764297,0.9986523712999432,0.9987992834290894,0.0007827330000734
184014,1,1,3,0.9996529792445614,0.1576594121505383,0.3061051754775002,0.9993028318885908,0.9994400219676546,0.0009605535677273
184014,2,2,0,0.999924999532922,0.1499159717906748,0.3070943048850015,0.9992230049531516,0.9996303414104688,0.0036158167051099
184014,3,3,1,0.9997431179607248,0.1461862922776255,0.3111859238099304,0.996814529789513,0.9976489957295795,0.0008675419717745
184015,0,0,2,0.9999523135712546,0.0240039366257163,0.7440857375741373,0.9994732719171427,0.999745281709069,0.0009018294593242
184015,1,1,3,0.9998321190006116,0.0264860461405263,0.7429777912343628,0.9996524823557552,0.9995864147910394,0.0003885992605907
184015,2,2,0,0.9998725129909574,0.0181356380843622,0.743841573715078,0.9991378999262748,0.9997284629890684,0.0028633767552098
184015,3,3,1,0.9992212427507856,0.0182085305357277,0.7445784509869994,0.9970401706425576,0.9988653340406762,0.0054439413334032
184016,0,0,2,0.9999917598315732,0.1316213987714672,0.4374855412821848,0.9999724125468332,0.9999782157324448,0.0018119791773126
184016,1,1,3,0.9999285424915622,0.079982230804708,0.4185382690967802,0.9979812820588072,0.9979542123656192,0.0035637700060704
184016,2,2,0,0.9999873395370428,0.1434119829897379,0.4409558761962144,0.9993885274966424,0.9993772831451498,0.0012182309372267
184016,3,3,1,0.9997813588304671,0.1534409468361489,0.4450414650398445,0.992401414903183,0.9922489752268604,0.0035394842186561
184017,0,0,2,0.9990116841205796,0.0204385714387578,0.6902566150856091,0.9947213923236536,0.9947893949085124,0.005255608342592
184017,1,1,3,0.9991633678218528,0.0293093584353595,0.6833003968969968,0.9966347177155784,0.9974958350667842,0.019620286442786
184017,2,2,0,0.9996099739572342,0.0592365315180686,0.6908922294122931,0.9987749760445778,0.9985602913267968,0.0030447421187107
184017,3,3,1,0.9992562098810532,0.0230110570138958,0.694889451806346,0.9975189904074774,0.9982816675523132,0.0082640175227203
184018,0,0,2,0.999913868423623,0.0734406476229408,0.5702901772203922,0.9995645022164564,0.9996017384314944,0.0008601528439003
184018,1,1,3,0.9999010894886368,0.0784342983139749,0.5818118296536998,0.9970025794303824,0.99714773006036,0.0027541407253026
184018,2,2,0,0.9998785167218884,0.062651163897584,0.5785870126640484,0.9978913172871346,0.9980162426152096,0.0003307711565333
184018,3,3,1,0.9997912599603044,0.0594084664174617,0.5766098912650061,0.9996765118547836,0.9995016972470436,0.0011579828478703
184019,0,0,2,0.9999601827315044,0.0398409196360032,0.6590344577749484,0.9997395165116276,0.9998863912033188,0.0010331810095197
184019,1,1,3,0.9996149153007056,0.0338333977751113,0.6553709577744643,0.9976518353862428,0.9991637761078224,0.0023883419278337
184019,2,2,0,0.9999649983413482,0.0392479725161555,0.6591365045724626,0.9997284476558272,0.9999285904180945,0.0012726824124168
184019,3,3,1,0.9993943984623178,0.057154661577771,0.6607195704494169,0.998347015599838,0.999565501305492,0.000850384001358
184020,0,0,2,0.9999200591232416,0.490943325053208,0.7265810943962201,0.9997653838828008,0.999930274892082,0.0008472327718207
184020,1,1,3,0.999494115828179,0.4942228066329199,0.7262301417177159,0.9994638249641656,0.999801355847608,0.003891039396487
184020,2,2,0,0.9998935415533228,0.4907270982672794,0.7272069918936256,0.9996759560013926,0.9999297155542746,0.0008058883071867
184020,3,3,1,0.9995300571001624,0.4888004261229322,0.7267388691380687,0.9994528302749084,0.9995881389817016,0.0032697363494902
184021,0,0,2,0.99990130735055,0.733575212013348,0.6270548353329007,0.9996144440386447,0.9998788072878436,0.0001923784903772
184021,1,1,3,0.9971444773875352,0.7773620780129437,0.5622859061745775,0.99389476706351,0.9984990403013436,0.016946015044217
184021,2,2,0,0.9823326131317804,0.6725854390946876,0.6785960936221236,0.9717909882227612,0.9837345189757146,0.0454502822798279
184021,3,3,1,0.9898146763441048,0.6935842658971482,0.6614096830837541,0.9830103965724076,0.9902926636677856,0.0369432267763419
184022,0,0,2,0.999859064832941,0.300667263266033,0.6241358841408138,0.9994291200818904,0.9996115406104092,0.0024549153363149
184022,1,1,3,0.9998366523992316,0.3039490513555018,0.6223610602077767,0.9996786621652706,0.9994406978327608,0.0020276759656445
184022,2,2,0,0.9999952478254664,0.296110662213441,0.6246212392903985,0.9999659859435078,0.9999682150467836,0.0004073990676611
184022,3,3,1,0.9998869225911712,0.3062369889972304,0.626369916155458,0.9991775334754234,0.9993101878968056,0.00072566304756
184023,0,0,2,0.999224775702572,0.6061335502261989,0.6762445694415503,0.9993260895399372,0.9989912477534236,0.0052967128231278
184023,1,1,3,0.9980410010509204,0.6073721269436412,0.6598804060766588,0.9969895762400968,0.9978979725825978,0.0014461009606169
184023,2,2,0,0.9992860430777508,0.5919767137336065,0.6776643129894294,0.9989902252115028,0.998863536264882,0.0044269881504118
184023,3,3,1,0.999418199011364,0.603560262781745,0.6752519223967819,0.9991885694222484,0.999612875559218,0.0092705887878316
184024,0,0,2,0.9998977062188528,0.2962733945384911,0.4617151475680552,0.9998911998605332,0.9998517512371092,0.0011243560304168
184024,1,1,3,0.9994813476236708,0.3102138637483277,0.455652596949281,0.9994432206231189,0.9994919715672734,0.0098408012802536
184024,2,2,0,0.9998323394744576,0.3019702113525714,0.4613044032778335,0.9998228635517846,0.9998219351230528,0.0026294412145203
184024,3,3,1,0.9997400670485976,0.2961923885598929,0.4579927673766916,0.9996039706618632,0.9997104722507072,0.0063344368197779
184025,0,0,2,0.9998288844178124,0.0855072060675398,0.6998307237749085,0.999340590961857,0.9995857030742588,0.001038003891846
184025,1,1,3,0.9993672049767712,0.1003953550683316,0.7035624804346474,0.9985475416226196,0.9994451080269268,0.0061690573856689
184025,2,2,0,0.9997732244788556,0.0700006064354947,0.697238690616276,0.999693433311437,0.999607825553026,0.0080430971797821
184025,3,3,1,0.999009791696602,0.0662446603935337,0.6978047629181665,0.9995722002485478,0.9994215293237472,0.0113932995487471
184026,0,0,2,0.999367168275302,0.5804334964193857,0.4786985602144096,0.9781834424607913,0.9752134855753608,0.0097812137319225
184026,1,1,3,0.998996656174393,0.5859165210639745,0.4777115079708164,0.9729231639796858,0.969282128369216,0.0122919514251137
184026,2,2,0,0.9985095228786124,0.5834878886976973,0.4781498049403353,0.9653876434541276,0.9596635660608012,0.0153399080429568
184026,3,3,1,0.9997026222967724,0.5745438281315184,0.4805769366443025,0.9958065518843188,0.995721694525239,0.0049311606907784
184027,0,0,2,0.9993941771380638,0.0784515940203523,0.6790224151448604,0.999482828808674,0.9984477606913332,0.0245935347963563
184027,1,1,3,0.9990713327558643,0.0804451049297285,0.6755785601904326,0.998914001298888,0.9970721256187104,0.0294918984981376
184027,2,2,0,0.999853631976733,0.0815891964639866,0.6787185446501784,0.9997616171824796,0.9995938969412244,0.0090732868017177
184027,3,3,1,0.9980382017630812,0.0877825116544886,0.6764522582667447,0.9987042685718648,0.9953486168356476,0.0439111220213936
184028,0,0,2,0.999927123850436,0.3216243133020016,0.5669804199480762,0.9999109316432648,0.999894833456371,0.0003654077939705
184028,1,1,3,0.9998797581368384,0.3219939783335643,0.5660970848226896,0.9995000130140684,0.9994245390707854,0.0001632738170376
184028,2,2,0,0.9998451744087716,0.326280449623592,0.5679028783651874,0.9998522606091216,0.999718868940096,0.0017319435050437
184028,3,3,1,0.9997495860399568,0.3215051875950839,0.5676120701970133,0.99960416405294,0.9993738065596304,0.0059504036100617
184029,0,0,2,0.999971662226631,0.4099933793962272,0.490229607535243,0.9999904472872791,0.9999690775751005,0.0017109995582036
184029,1,1,3,0.9998964365735924,0.4061975789387594,0.4861984307842543,0.9997986241821204,0.999897031973556,0.001122530292317
184029,2,2,0,0.999987352833078,0.4088226774053263,0.4907115399152834,0.9999875012006672,0.9999849705203648,0.001874269724496
184029,3,3,1,0.9997945242263584,0.4063394821708212,0.4897707697236353,0.9997458853073278,0.9998804431127802,0.0064063367105914
184030,0,0,2,0.999920017925534,0.3813838343057978,0.6946615339184491,0.99981068211984,0.9998044599259442,0.001660271140788
184030,1,1,3,0.9998799944066664,0.3732732018548633,0.7006839816349408,0.9989367472660816,0.9989485075625072,0.004577481583568
184030,2,2,0,0.9999090521657984,0.3770088348182814,0.6938381440947189,0.999839693640935,0.9997797363812028,0.0020271036375653
184030,3,3,1,0.9996915019504324,0.3801313836980937,0.6934997025274892,0.99968738226014,0.9992787732563326,0.0027378166577138
184031,0,0,2,0.999878693192318,0.4337098007776332,0.3177705657467012,0.9996356301460334,0.9997809734588036,0.0023581297700412
184031,1,1,3,0.999866681392946,0.4314721405253663,0.3154372434721286,0.9998982838088248,0.99989614420227,0.0021624595556315
184031,2,2,0,0.9998264880487918,0.4341822127644726,0.3157496783107959,0.9998828786104884,0.9998467722574216,0.0003661123101025
184031,3,3,1,0.9996862975018074,0.4341004055349815,0.3173674514973161,0.999563415307992,0.9995435597500896,0.0010733346298803
184032,0,0,2,0.9999710241837578,0.1113318681544975,0.5391530829388725,0.9996565873280993,0.9997396037780868,0.0017185833242964
184032,1,1,3,0.9999124233867916,0.1113131914886902,0.5418350493778071,0.9978071519147056,0.99771979224783,0.0020239868714161
184032,2,2,0,0.999958384395088,0.1125150080439324,0.540505167798599,0.9993124305057376,0.9991560561216634,0.0018365919112826
184032,3,3,1,0.9999080936077932,0.1096600471207286,0.5391891322767723,0.9991631760607644,0.9990681483038149,0.0021380915340107
184033,0,0,2,0.999752805321956,0.2969817608064216,0.3961567268443055,0.9996811557105436,0.9997465056595772,0.0030262985836522
184033,1,1,3,0.9998103900378356,0.3137153581807184,0.3936359436548375,0.9994712163908104,0.9994646306812336,0.0016154071069414
184033,2,2,0,0.9998488978223582,0.2999723352069407,0.3916138489027599,0.9998159924895424,0.9997238180071044,0.0039876646740668
184033,3,3,1,0.999607827396966,0.2938471237899275,0.3852060756506416,0.9959471847689584,0.996068568420748,0.0013027654860737
184034,0,0,2,0.9998348292019144,0.2611219028276477,0.6807239147057891,0.9986612262127216,0.9992850325338756,0.0005368956343207
184034,1,1,3,0.9998518299008838,0.2524964819906193,0.6828585267456881,0.9979404431875007,0.9984485473834144,0.0036510801908136
184034,2,2,0,0.999769322400894,0.265357903039394,0.681161124444537,0.9989111874392952,0.9991321036513506,0.0003774319533353
184034,3,3,1,0.9986071543127728,0.2678171348378098,0.6754852717758156,0.9975408450734776,0.9964240367698428,0.0127743533897383
184035,0,0,2,0.9999184904863686,0.1616487499671047,0.5791102222530091,0.9965581940478194,0.9967236296066608,0.0008736232362546
184035,1,1,3,0.9998832491081716,0.15934302478544,0.5891907353552768,0.998853902356472,0.9994582606423432,0.0075898215786904
184035,2,2,0,0.9997514226008878,0.1561204920617976,0.5838016437264709,0.9981354153423226,0.998087325543522,0.0043271143643373
184035,3,3,1,0.999367610932248,0.1530383737915497,0.5839207149179124,0.9980587677008554,0.997479160509824,0.0103232792932922
184036,0,0,2,0.9995751781865736,0.6652452158447731,0.4573703169983809,0.9996240234580058,0.9994766113577443,0.0047927371651654
184036,1,1,3,0.9998362149639712,0.6843359216366518,0.4398003166379647,0.9994971753368213,0.9991424095128308,0.0006373870929238
184036,2,2,0,0.9971982317811208,0.6806626809986503,0.4430425647573439,0.9985457225006272,0.9950470784031316,0.0138190174337
184036,3,3,1,0.9996359374299306,0.6821323055143304,0.4425830518593525,0.9998396607909408,0.9993509703286724,0.0038240779336182
184037,0,0,2,0.9995152064076862,0.4467368663473073,0.446039008756291,0.998572955874078,0.9989205745435524,0.0052827348833776
184037,1,1,3,0.9994030083008372,0.4268250432491605,0.4542873040847887,0.9980070253953908,0.9986706856787996,0.0048272574606795
184037,2,2,0,0.9995156119020656,0.4423635960918374,0.4479295699059072,0.99781752068244,0.9969257452677914,0.00099276020143
184037,3,3,1,0.9991158902396516,0.4477646126949008,0.443682561223468,0.994691515614274,0.996273353160552,0.0100259168238276
184038,0,0,2,0.9999211550417196,0.3205922388468604,0.7231122172512414,0.9999481238892716,0.9999189227889864,0.0006734591326802
184038,1,1,3,0.9996595358652578,0.320428026292595,0.7261692345937244,0.9996286707593688,0.999297272334442,0.0042932347414307
184038,2,2,0,0.999847732273036,0.3188145934314137,0.7230082257576279,0.9998987649670924,0.9997432528108002,0.0019143736295967
184038,3,3,1,0.999153587275525,0.319226746980819,0.7222291227494743,0.998857402903918,0.998201025181679,0.0084607082059102
184039,0,0,2,0.999927188875872,0.4536682995737101,0.2369451372584134,0.9999399119539724,0.9999215371096868,0.0027961581504081
184039,1,1,3,0.999891244608936,0.4517898897283949,0.2336918268913642,0.9998763706041116,0.99976967969196,0.0041313070680857
184039,2,2,0,0.999841296454016,0.45413353770263,0.233425162884918,0.9999670608040628,0.9997629640172528,0.0020599901487663
184039,3,3,1,0.9992885496373606,0.4546808199635149,0.235708986443881,0.9999523343804227,0.9993085762755396,0.0036056644260972
184040,0,0,2,0.999952077067344,0.2110932745763699,0.8426743029771746,0.9997413060733522,0.9996827396313184,0.0020809741437198
184040,1,1,3,0.9998047901520106,0.228689433147437,0.8414948328895868,0.998089966858013,0.9982151759044456,0.0017160964250501
184040,2,2,0,0.9998635546143696,0.2326152102647626,0.8406917733579576,0.9984071643036462,0.9979998001553396,0.0069167217816317
184040,3,3,1,0.9997291948413212,0.2586813894826586,0.8371363323881313,0.999239114577276,0.9991074980997992,0.0015767518671238
184041,0,0,2,0.9998512280333312,0.2104791439895059,0.6990855275151848,0.9994290148124724,0.999175536363083,0.0047260220122312
184041,1,1,3,0.9999718116522744,0.2025921250259743,0.6998812522977378,0.9992965107590904,0.9993856099375708,0.000612139568183
184041,2,2,0,0.999822855571261,0.2002636071627115,0.6984481094064837,0.999007192423525,0.999175554811666,0.0047142124721972
184041,3,3,1,0.9999760472209612,0.2051887563970469,0.69883856992708,0.9989296783259828,0.9990258343719424,0.0005978885184636
184042,0,0,2,0.9998797427681576,0.0842899496582816,0.6227985615543153,0.9998149541173098,0.9999062434665964,0.0031664044306473
184042,1,1,3,0.9998172409856744,0.1186777035744514,0.6287259818712149,0.9990700690437178,0.9993025109656488,0.0016264607304673
184042,2,2,0,0.999875274660612,0.1237241573794708,0.6277704370081807,0.997438410708531,0.997299124361672,0.0022635587515922
184042,3,3,1,0.9997301637801448,0.1389567118485159,0.6283355345462096,0.9980250672521532,0.9971334060535464,0.0092885949466623
184043,0,0,2,0.999881568173296,0.2877171843886497,0.5843766689749343,0.9937759462598866,0.993672118090124,0.0030477277034191
184043,1,1,3,0.9998827640328258,0.3002599424749195,0.5851920922224008,0.9991651085087526,0.999075425800727,0.0030249748503343
184043,2,2,0,0.9999321908813452,0.2985645770441596,0.5885315030088072,0.999711242059678,0.9998408401532138,0.0009334853769418
184043,3,3,1,0.9996217445228348,0.2963117248461518,0.5841179541811726,0.9914148149099714,0.992343418933639,0.0036536392127417
184044,0,0,2,0.9999200981875568,0.2639793752121063,0.61956033878201,0.9996776526096156,0.9995313888199906,0.0009591302862385
184044,1,1,3,0.9998523842826628,0.2591769643996662,0.619852734966174,0.9993797838491,0.999395598475866,0.0040351589510246
184044,2,2,0,0.9998546323499996,0.2680166120315351,0.6199200631664363,0.99928606523868,0.9994355833542048,0.0012600858745548
184044,3,3,1,0.9998224296351054,0.2599884886049768,0.6198078527227242,0.999039876622426,0.999217709593028,0.0044159969780472
184045,0,0,2,0.9997757671197764,0.2148100146039804,0.5809861325677057,0.9997760656362864,0.9996733316757092,0.004498512119866
184045,1,1,3,0.9997987359368484,0.2058611882682718,0.5719996322885625,0.9996936737549432,0.999785071645563,0.0062611327108049
184045,2,2,0,0.9996360730513584,0.1993927944284805,0.5732870595689363,0.9993209126874488,0.9997269761734532,0.0075508687966702
184045,3,3,1,0.9995084191125844,0.2157124389561899,0.5728185206319147,0.999692003700104,0.9994952177582834,0.0091985837848634
184046,0,0,2,0.99996010412881,0.0190280632126073,0.6515761849297836,0.9999377081518735,0.9999401873534812,0.003933783153464
184046,1,1,3,0.9999069377279868,0.0221994420337295,0.6510031551707737,0.999899541016352,0.9999041872006038,0.001830773279839
184046,2,2,0,0.999921475927833,0.0140091780631352,0.6515026569435144,0.9999278174102048,0.9998980251791184,0.007794127248728
184046,3,3,1,0.9997726512301022,0.0226198436952099,0.652720161948786,0.9983924600692278,0.9985910753047827,0.0023367654456492
184047,0,0,2,0.9999430048369018,0.4702941726311695,0.6030240788809301,0.9998739229716463,0.9999558013983928,0.0021117523535107
184047,1,1,3,0.9998971848881678,0.4768356144185719,0.6107589145623522,0.9993869646812862,0.9994118149615964,0.0032567390768805
184047,2,2,0,0.9999721104187592,0.4697239104987526,0.6053216599136942,0.9998371357979712,0.9998340009199992,0.0022528414257109
184047,3,3,1,0.9996984582281412,0.4711020649966638,0.6040670806023307,0.9976814080547168,0.9984300240346874,0.0027662340988823
184048,0,0,2,0.9999270026898558,0.239551299209101,0.4579040686572665,0.9998651741821672,0.9998654922588908,0.0003786660871785
184048,1,1,3,0.999526929777937,0.2563128308857351,0.4497026728532591,0.9998410040811256,0.9994697382542028,0.0180510699562507
184048,2,2,0,0.999963921572645,0.2400101539772345,0.4567598484172243,0.9998654107308548,0.9999269519485596,0.0018048239234054
184048,3,3,1,0.9994054968908104,0.2344723666596245,0.4594713170442557,0.99973104143934,0.9995242619356014,0.0199060789610491
184049,0,0,2,0.9997437347485844,0.1054024623052862,0.5553555088508497,0.9993484872453646,0.9988138575253004,0.0051688263656511
184049,1,1,3,0.999821816428481,0.1268507422255069,0.5639457955484466,0.9993523828741988,0.999088641890948,0.0029919618808513
184049,2,2,0,0.9997051331419524,0.1114018627027585,0.5595080293171951,0.998872225342685,0.9983924802481496,0.008589165055737
184049,3,3,1,0.9996454561706184,0.1035699550385351,0.5532733370948798,0.998434162413886,0.9979799323740896,0.0006867061717623
184050,0,0,2,0.9999204480361596,0.0662511048394721,0.656083214921078,0.99883391237372,0.9989901998286076,0.0035695667203899
184050,1,1,3,0.9998590937556204,0.0594508081977696,0.6609160244623128,0.9998367852944235,0.9999206179806176,0.0011337925662773
184050,2,2,0,0.9999355016937396,0.0550975167534541,0.6590004115128871,0.9994184670796852,0.999596518598613,0.0001486331293999
184050,3,3,1,0.9997705198949876,0.0638004114947568,0.6566112422115595,0.9995337327299418,0.99959248752522,0.0018591408451256
184051,0,0,2,0.9998962404895728,0.0822687655780732,0.6701702326264736,0.9995559348012836,0.9996141833659236,0.0003302772715595
184051,1,1,3,0.9996653112425872,0.0802981571959092,0.6786823625269293,0.9985776582405492,0.9987845974718664,0.0003135743125662
184051,2,2,0,0.9998077244953502,0.0770553970638894,0.6801597047334013,0.9978595870289132,0.9981037713025156,0.0013637359407991
184051,3,3,1,0.999737098010168,0.0814095621195657,0.6717347348511187,0.9993707140906132,0.9992682565246632,0.0035204033843535
184052,0,0,2,0.9999379725690664,0.1485512327448224,0.7472220238234553,0.99987509940753,0.9999466904530752,0.0005585137537491
184052,1,1,3,0.9998838097981936,0.145369595620085,0.7494898762351196,0.9998348536405544,0.9997918631513582,9.7130974420212e-06
184052,2,2,0,0.999956130938806,0.1435362962240642,0.7502715773069681,0.9998324299671524,0.9998349304979912,0.0025372713120209
184052,3,3,1,0.9997571495051224,0.1468293978481203,0.7485751554001323,0.9997690358030072,0.9998174169017032,0.003990562461572
184053,0,0,2,0.999679639708542,0.3860484922187947,0.6130411536969425,0.9967777239268244,0.99830733804368,0.0002130471851689
184053,1,1,3,0.9994392630974802,0.4012235586400028,0.6145071472610636,0.998005760020072,0.9986218213763032,0.0088712957184062
184053,2,2,0,0.9997497876311996,0.3956752428669417,0.6102353268822629,0.9990015794874524,0.9996323232635096,0.0006660374191596
184053,3,3,1,0.9992256178059647,0.3879579505942586,0.6150463795086067,0.9979768231795708,0.9988170101059496,0.0115852055534819
184054,0,0,2,0.9998996744987556,0.0451453913097129,0.6270598145403478,0.9998810292765902,0.9998198799631582,0.0001705993046222
184054,1,1,3,0.9988580052608128,0.1410119789017913,0.6040349912668506,0.9906302239539344,0.9890907678284192,0.0041397344225739
184054,2,2,0,0.9999205224055218,0.0591659991958829,0.6212416014249955,0.9995687016858866,0.9996335727751248,0.0001801683794874
184054,3,3,1,0.999625674965604,0.0555647418582949,0.6233930883468747,0.9942467014135136,0.9934836642665622,0.0012398507171655
184055,0,0,2,0.9999142253156276,0.4188639719658437,0.5631842088718095,0.9994504944825722,0.9997167735062336,0.0027561785211227
184055,1,1,3,0.9999769580397624,0.4206684843914861,0.5606053598964773,0.9998869055362122,0.9999200035971768,0.0007859423297083
184055,2,2,0,0.9999096349988484,0.4212825792540364,0.5668788933833001,0.9997424779524572,0.9997920183631672,0.0018617969386698
184055,3,3,1,0.9999555447009038,0.4266174261872803,0.5647957887666523,0.9997682415893216,0.9998538763667868,0.0001506532681584
184056,0,0,2,0.9995511246275588,0.3221001119410958,0.522598590513927,0.9992979486565668,0.9998670231065004,0.0183422960838786
184056,1,1,3,0.9996421603460528,0.3345882267858554,0.5154431492476254,0.999854660704889,0.9997295086042656,0.0070759721214729
184056,2,2,0,0.9995797166610312,0.3360468394176031,0.5148517834077408,0.9989391722882152,0.999878006518938,0.0175753777516727
184056,3,3,1,0.9995726349518852,0.3335440862930434,0.5181921505279967,0.9998277203985328,0.9997068902807074,0.0074025860685613
184057,0,0,2,0.9999034977273628,0.4134408195833942,0.5167304974466903,0.9976254115887752,0.9979695170358877,0.002209724570131
184057,1,1,3,0.9998801646472544,0.4136658129788069,0.5117719360961461,0.9929277618048804,0.9933574958400034,3.481291046991686e-05
184057,2,2,0,0.9998457919442292,0.4047749442668752,0.5161068848574802,0.9994933360723798,0.9994300607910074,0.0040053094998474
184057,3,3,1,0.9998524174594012,0.393851020483714,0.5146364753616484,0.9991534137980422,0.9993556773564436,0.0003036361629574
184058,0,0,2,0.9999249917264136,0.4796126840888459,0.5747383532662392,0.9997518979777829,0.9999324998605412,3.822198889968931e-05
184058,1,1,3,0.9998921975677828,0.4774538229352728,0.5757401902557585,0.999569182017018,0.9994913639313912,0.0018397296905083
184058,2,2,0,0.9999259188194048,0.4773584209755913,0.5754967761602575,0.9996380771932836,0.9998222299376296,0.0045303689380838
184058,3,3,1,0.99976393116175,0.4788491662528367,0.5769017457245622,0.9971789774484312,0.9976901004085909,0.0050291738079394
184059,0,0,2,0.9999326837113112,0.0840208189960922,0.6786051020565003,0.999830963145105,0.9998594520534084,0.0040810552824476
184059,1,1,3,0.999888368714048,0.0827635129748854,0.6811552849279269,0.9998136150166648,0.9998906649875888,0.0053823878067
184059,2,2,0,0.9999049869961152,0.0789719792251799,0.6797330006907162,0.9996593872800984,0.9997089152886938,0.0019330599830565
184059,3,3,1,0.9998097867636062,0.074985250079433,0.6839385563298243,0.9993100489769264,0.9994331799660215,0.0049620589744552
184060,0,0,2,0.9997875167427056,0.1647357109044039,0.4734231438182007,0.999463268001216,0.9992325933895784,0.0064068755885814
184060,1,1,3,0.9997875683462866,0.1411287197079567,0.4743026780886673,0.9999150867217488,0.999759940060053,0.0053136448267167
184060,2,2,0,0.9998797485187888,0.146391919061937,0.4753374445820209,0.9997925263166164,0.9997759634502856,0.0026019895869743
184060,3,3,1,0.9992466666308296,0.1513704108792049,0.4745889859525782,0.9990528028246732,0.997835232756284,0.0128819914166214
184061,0,0,2,0.9999665798094868,0.4441801033549116,0.6957631810850906,0.9980327741971208,0.9979707074044768,0.0019452346084776
184061,1,1,3,0.9995609790508568,0.429526355763055,0.7064574633746098,0.9957431584289804,0.995612534878776,0.0030611572228355
184061,2,2,0,0.9997446356326992,0.4398480496518185,0.7042168001044441,0.9973495281069378,0.998304273960081,0.0071294786780242
184061,3,3,1,0.9996978537645697,0.4333081328292407,0.7071228696762171,0.991294282812035,0.9933777849068332,0.0082452948411406
184062,0,0,2,0.9999471704224908,0.4702433302038447,0.5255776166865348,0.9997039267805812,0.9998324033686125,0.0014037042182264
184062,1,1,3,0.9997833387322088,0.4725783145517088,0.5276127212668092,0.9998654107469688,0.9998573000644746,0.002709072872728
184062,2,2,0,0.9999000955338108,0.4766053137950137,0.5221772787151586,0.9999097371271594,0.9999382319521772,0.0019210820165789
184062,3,3,1,0.998171880679422,0.4748632771583182,0.5239148383271841,0.9970022316072484,0.9958639917377236,0.0158041907695445
184063,0,0,2,0.9999444339670748,0.2274751229316414,0.7376346662666313,0.9999440651448408,0.9999041535188172,0.0026079923630393
184063,1,1,3,0.9998460767592284,0.2332507294173511,0.7354515628475173,0.9997649196537328,0.9997608885149564,0.0049754857708871
184063,2,2,0,0.9999350030975632,0.2205250684739562,0.7373263127253875,0.9998348101547656,0.9999823647273096,0.0018010122605306
184063,3,3,1,0.9996985287407892,0.2127397052179936,0.7368806167719284,0.9996061859455028,0.9997490479622516,2.181951304691676e-05
