seed,generation,condition,raw_norm,mapped_norm,renorm_factor,norm_rel_initial,post_align,pre_align
186000,1,RENORM,0.20953432384779166,0.2095155641877364,1.0000895382647441,0.9505326807601778,0.999239553086188,0.13463120056456976
186000,1,NO_RENORM,0.20953432384779166,0.2095155641877364,1.0000895382647441,0.9504475793331895,0.9992395530861877,0.13463120056456976
186000,2,RENORM,0.20783373420158538,0.2078277702869674,1.0000286964278582,0.9428181163604297,0.9996224425553523,0.13122388252977507
186000,2,NO_RENORM,0.20781510110862184,0.2078091377116648,1.000028696509796,0.9427065367057356,0.9996224507018104,0.13122410391182757
186000,3,RENORM,0.20561578477749518,0.20560785395529738,1.0000385725644436,0.9327565981654327,0.999787799679454,0.13092197418226015
186000,3,NO_RENORM,0.205591685216527,0.2055837564731274,1.0000385669740381,0.9326113047860386,0.9997878182946464,0.13092256892526036
186000,4,RENORM,0.1998379234329059,0.1998085335195308,1.0001470903812586,0.9065458755874817,0.9991522224651147,0.1175523066356443
186000,4,NO_RENORM,0.1998072156812797,0.19977783357621426,1.000147073899734,0.9062732836248917,0.9991523058994137,0.11755354560186386
186001,1,RENORM,0.21039290788772722,0.21038912824994677,1.0000179649861707,0.9851750720362313,0.9999397944835418,0.18521648989095477
186001,1,NO_RENORM,0.21039290788772722,0.21038912824994677,1.0000179649861707,0.9851573736976323,0.9999397944835418,0.18521648989095477
186001,2,RENORM,0.2092245736994766,0.20922218959714803,1.0000113950739746,0.9797042901090839,0.9999565556494597,0.1846756243810313
186001,2,NO_RENORM,0.20922082053027777,0.20921843646969132,1.0000113950788738,0.9796755522307184,0.9999565557945744,0.1846756331085142
186001,3,RENORM,0.20849593160487118,0.20849283196656537,1.0000148668818758,0.9762923878959893,0.9999663824077075,0.18501096315563323
186001,3,NO_RENORM,0.2084898174820093,0.20848671793657347,1.0000148668724103,0.9762492444439592,0.9999663825075131,0.18501092471999547
186001,4,RENORM,0.20728484149311888,0.20728182949305257,1.0000145309411475,0.9706213992677764,0.9999625675901278,0.18603254687206125
186001,4,NO_RENORM,0.2072756704186062,0.20727265860553928,1.0000145306818862,0.970564352301368,0.9999625680051756,0.18603252495155298
186002,1,RENORM,0.3661023202363699,0.3660143767714196,1.0002402732529936,1.016078890064619,0.9997463677237135,0.1975436837512107
186002,1,NO_RENORM,0.3661023202363699,0.3660143767714196,1.0002402732529936,1.0158348121298015,0.9997463677237135,0.1975436837512107
186002,2,RENORM,0.3733311765369503,0.37326679441055577,1.0001724828657614,1.0361418284300137,0.9993996461293906,0.19230074701639238
186002,2,NO_RENORM,0.37324204093865027,0.3731776785021856,1.0001724712922864,1.035715810608848,0.9993996616927601,0.19229945780879626
186002,3,RENORM,0.36418571819842427,0.3641379798081079,1.0001310997285713,1.010759560566368,0.9988921186616146,0.17829986828247552
186002,3,NO_RENORM,0.3640302155000475,0.3639824902325605,1.0001311196795635,1.0101955224967607,0.9988919399991776,0.1782930616700114
186002,4,RENORM,0.3582114365503688,0.3581586052336164,1.0001475081597353,0.994178563587244,0.9993014111809653,0.18593131772950786
186002,4,NO_RENORM,0.35800455948509574,0.35795176364970127,1.000147494273684,0.9934578684752331,0.9993013184949868,0.18592487726789006
186003,1,RENORM,0.42282892246004555,0.4228130740576784,1.0000374832363013,0.9976117165133644,0.9999708129253962,0.07378382306439613
186003,1,NO_RENORM,0.42282892246004555,0.4228130740576784,1.0000374832363013,0.9975743241992399,0.999970812925396,0.07378382306439613
186003,2,RENORM,0.4234297619541188,0.42341223401380207,1.000041396867893,0.999029321807591,0.9999546043813317,0.07617971886830655
186003,2,NO_RENORM,0.4234141816863988,0.4233966550256017,1.000041395369066,0.9989512101694505,0.9999546055808771,0.07617967463927276
186003,3,RENORM,0.42250870687618364,0.4224868103598457,1.0000518276921315,0.9968562080764951,0.9999489827072963,0.07468079782593384
186003,3,NO_RENORM,0.4224759614480911,0.42245406866866164,1.0000518228632462,0.9967272960908248,0.999948982946206,0.07468078112039594
186003,4,RENORM,0.42243830494584655,0.42242326269684516,1.000035609423838,0.996690103567464,0.9999510582720986,0.07602885769902484
186003,4,NO_RENORM,0.42238458998263056,0.4223695517596139,1.0000356044202359,0.996527889062992,0.999951064163181,0.0760285828837465
186004,1,RENORM,0.22421713227141143,0.22419824379015987,1.0000842490152075,0.8656005304469645,0.9997651052531547,0.09215556436715007
186004,1,NO_RENORM,0.22421713227141143,0.22419824379015987,1.0000842490152075,0.865527610598133,0.9997651052531545,0.09215556436715007
186004,2,RENORM,0.21961706664380623,0.21961004587428187,1.0000319692548463,0.8478417659537768,0.999713684519945,0.09701372156584759
186004,2,NO_RENORM,0.21959903253315294,0.2195920125765783,1.0000319681781284,0.84774504357729,0.9997136921255354,0.09701350984653459
186004,3,RENORM,0.21055313734419775,0.21054261946147634,1.0000499560742016,0.8128500508685187,0.9996302203350823,0.09811481683970133
186004,3,NO_RENORM,0.2105298348872042,0.2105193182883193,1.000049955505126,0.8127194908510433,0.9996302193069492,0.09811509508411874
186004,4,RENORM,0.2131267797347351,0.2131192726871498,1.0000352246302722,0.8227857154444674,0.999394578161878,0.1066270880757734
186004,4,NO_RENORM,0.21309298182802872,0.21308547621167528,1.0000352235003807,0.82262626129791,0.9993945861564548,0.10662690710647389
186005,1,RENORM,0.35185635343553306,0.3518427758721447,1.0000385898597852,1.023204045448604,0.9994562559106083,0.16757421276553747
186005,1,NO_RENORM,0.35185635343553306,0.3518427758721447,1.0000385898597852,1.023164561671629,0.9994562559106084,0.16757421276553747
186005,2,RENORM,0.36302356163254956,0.3630024269595604,1.0000582218503749,1.0556784700027924,0.9984361301009688,0.16716551660982698
186005,2,NO_RENORM,0.363009721217152,0.36298858690925745,1.0000582230644592,1.0555767629339516,0.9984361525408312,0.1671654140618395
186005,3,RENORM,0.3720484462710744,0.372032503818409,1.000042852311292,1.0819229825195673,0.9973572895061811,0.1700025924495461
186005,3,NO_RENORM,0.37201292218670656,0.37199698256667085,1.0000428487885162,1.081773325223272,0.9973573810751134,0.17000245034765604
186005,4,RENORM,0.3744134728611404,0.37439300198217734,1.0000546775149473,1.0888005186246312,0.9962442639250609,0.1677864193800791
186005,4,NO_RENORM,0.374362441154065,0.37434197792144003,1.000054664541598,1.0885926101676253,0.9962446252792666,0.16778595594102116
186006,1,RENORM,0.17351722014893403,0.17350476137997284,1.0000718064960357,1.0385187026871934,0.999939803519662,0.42767270717504124
186006,1,NO_RENORM,0.17351722014893403,0.17350476137997284,1.0000718064960357,1.0384441356524774,0.999939803519662,0.42767270717504124
186006,2,RENORM,0.1788778511084694,0.17885956850775325,1.0001022176273133,1.0706026393990833,0.9999496700342649,0.42848912170230224
186006,2,NO_RENORM,0.17886507860388495,0.17884679748282542,1.0001022166531122,1.0704167802031497,0.999949671875037,0.4284889434946541
186006,3,RENORM,0.18610481908350532,0.1860837270883137,1.0001133468010377,1.1138567982621297,0.9999517826365458,0.42751553085541
186006,3,NO_RENORM,0.18607273960039536,0.18605165158994644,1.000113344924744,1.1135385852548645,0.9999517901635593,0.4275152186831585
186006,4,RENORM,0.19608116504016027,0.19605381233360622,1.000139516320685,1.1735662717747366,0.9999551823363143,0.4286075895656953
186006,4,NO_RENORM,0.1960251269035451,0.19599778217540081,1.0001395154977764,1.1730672166120155,0.9999551840972394,0.42860650421911156
186007,1,RENORM,0.3179136988640079,0.31788090610994146,1.000103160502676,0.9853934989940704,0.9999002446226434,0.3420347948182183
186007,1,NO_RENORM,0.3179136988640079,0.31788090610994146,1.000103160502676,0.9852918557909414,0.9999002446226435,0.3420347948182183
186007,2,RENORM,0.3144457147366896,0.31439193959687767,1.0001710449061763,0.974644264136041,0.9993845515233916,0.3386467064368261
186007,2,NO_RENORM,0.31441386840440116,0.3143600970123226,1.0001710503101018,0.9743788866160054,0.9993845498256522,0.3386471026674258
186007,3,RENORM,0.313376101873845,0.31320052676163873,1.0005605837066134,0.9713289318139244,0.9986131395633844,0.3359777052282803
186007,3,NO_RENORM,0.31329181768910064,0.31311629181456957,1.0005605772651205,0.9705236341992004,0.9986131757483283,0.33597944882532843
186007,4,RENORM,0.3121255945201535,0.3120444588287278,1.000260013242117,0.9674529056433787,0.9986773135058138,0.3353384467855819
186007,4,NO_RENORM,0.31186992796221974,0.3117888346876291,1.0002600903738934,0.9664090973681214,0.9986772408262715,0.33534299301529524
186008,1,RENORM,0.15227935879301466,0.1522493318780832,1.000197221981601,0.9865499270680156,0.9999478597964665,0.22292845281991455
186008,1,NO_RENORM,0.15227935879301466,0.1522493318780832,1.000197221981601,0.986355396102227,0.9999478597964662,0.22292845281991455
186008,2,RENORM,0.1518780829431148,0.15185689316759182,1.0001395377916669,0.9839502401269186,0.9998574216996652,0.2233461311488819
186008,2,NO_RENORM,0.1518480011864056,0.15182681517115867,1.0001395406682412,0.9836180991389005,0.9998574250859219,0.22334618479689886
186008,3,RENORM,0.15321500062979176,0.15319450762649686,1.0001337711358678,0.9926115324828959,0.9997540297444782,0.22294631604890822
186008,3,NO_RENORM,0.15316319999874398,0.15314271357527043,1.0001337734130098,0.9921432169545721,0.9997540341156801,0.22294641502685758
186008,4,RENORM,0.1539008833192039,0.15387915966525204,1.000141173463633,0.9970550599746064,0.9997712319252017,0.22167559726012445
186008,4,NO_RENORM,0.15382808459360373,0.15380636988051183,1.000141182144197,0.9964427496340081,0.9997712404397084,0.22167558620613073
186009,1,RENORM,0.41740298304829965,0.4170099095305548,1.0009425999448942,0.897687647955623,0.9985146632823707,0.3274134993000058
186009,1,NO_RENORM,0.41740298304829965,0.4170099095305548,1.0009425999448942,0.8968422844677028,0.9985146632823705,0.3274134993000058
186009,2,RENORM,0.3699064762448315,0.3695664149817261,1.0009201627889297,0.7955392944217438,0.9980074381822971,0.3289692816086292
186009,2,NO_RENORM,0.3695987691688117,0.36925952176988375,1.0009187234964203,0.7941479219003762,0.9980098855711261,0.3289621246061447
186009,3,RENORM,0.35648964787166854,0.3563904272437293,1.0002784043014443,0.7666843949733243,0.9988240620614673,0.31807566686503713
186009,3,NO_RENORM,0.3559309201692558,0.3558322622923218,1.0002772595050753,0.7652705887992189,0.9988276202156594,0.318067861039615
186009,4,RENORM,0.304379059619547,0.30385449487856,1.0017263682118498,0.654612768029015,0.996626428214148,0.32342110487603654
186009,4,NO_RENORM,0.303875997511251,0.30335332610429244,1.0017229789884614,0.6524067744349742,0.9966338529294773,0.3234129429719471
186010,1,RENORM,0.242213063008364,0.242203543810624,1.0000393024709269,0.9973487699988665,0.9999762054878113,0.008970569245711001
186010,1,NO_RENORM,0.242213063008364,0.242203543810624,1.0000393024709269,0.9973095732683538,0.9999762054878115,0.008970569245711001
186010,2,RENORM,0.23953905436050552,0.23953737453161017,1.0000070128049856,0.9863381366218553,0.9999953739834502,0.004562222728840997
186010,2,NO_RENORM,0.23952981242125124,0.2395281325428955,1.0000070132820595,0.9862931643927599,0.9999953741781523,0.004562278151945804
186010,3,RENORM,0.2190450826719894,0.2190397772528666,1.000024221258752,0.901951121313654,0.9998802193358088,0.008209137350593325
186010,3,NO_RENORM,0.21903540974939686,0.21903010477962442,1.0000242202768281,0.9018894475858135,0.9998802228454803,0.008209156701529106
186010,4,RENORM,0.20827978634959432,0.2082700300055985,1.0000468446852127,0.8576233921959088,0.9998540225252797,0.00840738367970254
186010,4,NO_RENORM,0.20826592137527944,0.20825616579487186,1.0000468441372161,0.8575261310040205,0.999854029430156,0.00840741578218992
186011,1,RENORM,0.23485783796907772,0.23485124688118691,1.000028064947397,0.9964106967669872,0.9999576938865014,0.32312116067130864
186011,1,NO_RENORM,0.23485783796907772,0.23485124688118691,1.000028064947397,0.9963827333379847,0.9999576938865015,0.32312116067130864
186011,2,RENORM,0.23256282347505589,0.23255501532060086,1.0000335755152099,0.9866738405868679,0.9999411534993257,0.3231594302184061
186011,2,NO_RENORM,0.23255634132630715,0.23254853351665764,1.0000335749683322,0.986613213836969,0.9999411545576166,0.32315939810704464
186011,3,RENORM,0.22935007892186554,0.22933069072339907,1.0000845425372606,0.9730434117859342,0.9999370413751328,0.3201125113082442
186011,3,NO_RENORM,0.229336163326379,0.22931677773230097,1.0000845363094175,0.9729021277573316,0.9999370435870066,0.3201125897611348
186011,4,RENORM,0.2293594330070428,0.22935380729641935,1.0000245285251148,0.9730830975405581,0.9999734657223415,0.3224333324927953
186011,4,NO_RENORM,0.22932613791386167,0.2293205133706672,1.0000245269954737,0.9729179766217321,0.9999734685082091,0.32243310008254267
186012,1,RENORM,0.18300174657669185,0.1829733968127177,1.000154939266948,1.009941426082539,0.9998567200190241,0.37415677368449346
186012,1,NO_RENORM,0.18300174657669185,0.1829733968127177,1.000154939266948,1.0097849707393922,0.9998567200190239,0.37415677368449346
186012,2,RENORM,0.18462347252902633,0.18460984094704577,1.0000738399530038,1.018891330942214,0.9999176839306326,0.37144505418297064
186012,2,NO_RENORM,0.1845953055725652,0.18458167521799126,1.00007384457074,1.0186606619092522,0.9999176786967481,0.37144505930411403
186012,3,RENORM,0.19167014993076126,0.19163977818524403,1.0001584835142465,1.0577802025370509,0.9997721668321816,0.36758426778549286
186012,3,NO_RENORM,0.19162704151424312,0.19159667522648927,1.0001584906821424,1.0573747137971803,0.9997721533347753,0.3675839785374352
186012,4,RENORM,0.19876893284665964,0.19873950393756587,1.0001480778029013,1.0969566315911212,0.9995145612664061,0.36438657122577045
186012,4,NO_RENORM,0.1986933470799716,0.19866392525327142,1.0001480984867368,1.0963771206268826,0.9995145184259462,0.36438568295322105
186013,1,RENORM,0.5922263693676523,0.5919855944978797,1.0004067242041181,0.9831435523957153,0.9997531711082239,0.27255835284089064
186013,1,NO_RENORM,0.5922263693676523,0.5919855944978797,1.0004067242041181,0.9827438466868177,0.9997531711082243,0.27255835284089064
186013,2,RENORM,0.5518890949207513,0.551706317057754,1.0003312955776382,0.9161804225100414,0.9995558120195095,0.258781154588479
186013,2,NO_RENORM,0.5516862326325784,0.5515036945466916,1.0003309825259392,0.9155406267960269,0.9995563581770754,0.25878617195010567
186013,3,RENORM,0.5564028655112531,0.5561352711107942,1.00048116782797,0.9236736458492577,0.9996958412065386,0.2646374509524971
186013,3,NO_RENORM,0.5560415102638936,0.5557739554248142,1.000481409458768,0.9226296043669795,0.9996956772283925,0.2646455511755803
186013,4,RENORM,0.4641734033391906,0.46170617951030013,1.0053437097842317,0.7705652978163842,0.99288877614833,0.23561331558143148
186013,4,NO_RENORM,0.46369261588301675,0.4612297926841664,1.0053396880208383,0.7656786666463801,0.9928956056445476,0.23562724732279136
186014,1,RENORM,0.141475427191553,0.14146422034197978,1.0000792203819817,0.9698944569184573,0.9998749917955404,0.2987153468943301
186014,1,NO_RENORM,0.141475427191553,0.14146422034197978,1.0000792203819817,0.9698176275955396,0.9998749917955405,0.2987153468943301
186014,2,RENORM,0.13277969505155812,0.13275033671679126,1.0002211545031972,0.9102802711276664,0.9994787240324697,0.29024209458797534
186014,2,NO_RENORM,0.13276940174511997,0.132740046970809,1.000221144823886,0.9100084610012763,0.999478744574107,0.2902424523789698
186014,3,RENORM,0.12295249876109103,0.1229182130753401,1.0002789308833258,0.8429092555500386,0.9990124286500697,0.2821021267659412
186014,3,NO_RENORM,0.12291653871671845,0.12288226792716071,1.0002788912520484,0.8424277832697568,0.9990125514212701,0.28210378173725736
186014,4,RENORM,0.11243482874458391,0.11240217320071022,1.0002905241326105,0.7708046501693754,0.9987684852346046,0.2777056493125173
186014,4,NO_RENORM,0.11237188187295973,0.11233925248506352,1.0002904540236242,0.7701494205923243,0.9987687496033891,0.2777088695836958
186015,1,RENORM,0.3207537653364488,0.3207180403707958,1.0001113905710157,0.9598199486954221,0.9977967212641747,0.4706448688407122
186015,1,NO_RENORM,0.3207537653364488,0.3207180403707958,1.0001113905710157,0.9597130457112459,0.9977967212641747,0.4706448688407122
186015,2,RENORM,0.32554701147092174,0.3255277451397032,1.000059184912823,0.9741632043515128,0.9998052289644801,0.5019774912458571
186015,2,NO_RENORM,0.32551072529218134,0.32549146078473273,1.0000591859073695,0.9739969751048754,0.9998052201870365,0.5019772158340702
186015,3,RENORM,0.32999884061392387,0.32996884940979976,1.0000908910164603,0.9874848076541427,0.9997518601460188,0.4994252972318797
186015,3,NO_RENORM,0.3299444102203047,0.32991441936231836,1.000090904962697,0.9872321864532667,0.9997518859754575,0.4994267515669263
186015,4,RENORM,0.34079771774391815,0.34075921668549874,1.0001129861102303,1.019799245746575,0.9997392051092919,0.511875218239306
186015,4,NO_RENORM,0.3407106758872413,0.3406721809330995,1.000112997057862,1.0194235908101694,0.9997391711679201,0.5118778300993968
186016,1,RENORM,0.13063825206141608,0.13062583231672914,1.0000950787793323,1.0282184710931346,0.9999367639601214,0.31321027890385494
186016,1,NO_RENORM,0.13063825206141608,0.13062583231672914,1.0000950787793323,1.0281207186301933,0.9999367639601213,0.31321027890385494
186016,2,RENORM,0.13321385146787504,0.13320009667540983,1.000103264132741,1.0484903198209683,0.9999075263686372,0.3141114550550877
186016,2,NO_RENORM,0.13320113275184547,0.13318737936293218,1.0001032634546763,1.0482819650179802,0.9999075314314906,0.31411172700913487
186016,3,RENORM,0.13594157288906675,0.13592813545152882,1.0000988569253326,1.06995947992537,0.9997487936101338,0.3091129093986883
186016,3,NO_RENORM,0.13591442501132858,0.1359009902982838,1.0000988566235924,1.069640065291529,0.9997488077607811,0.30911339040698194
186016,4,RENORM,0.13816149946490355,0.13814926383018697,1.0000885682223442,1.0874319236677499,0.9996088950127507,0.3058056663072791
186016,4,NO_RENORM,0.13812012135431287,0.13810788925231574,1.0000885691763328,1.087009972134013,0.999608939935455,0.3058068785709718
186017,1,RENORM,0.20314358099912563,0.20313877398496924,1.0000236636958129,1.0032196458456815,0.9999533836918778,0.09724066626498924
186017,1,NO_RENORM,0.20314358099912563,0.20313877398496924,1.0000236636958129,1.0031959065229037,0.9999533836918778,0.09724066626498924
186017,2,RENORM,0.20399773061175394,0.2039904005609975,1.0000359333122308,1.0074378429832216,0.9998423591736879,0.09983520081236016
186017,2,NO_RENORM,0.203992927886482,0.20398559798911,1.0000359334062956,1.0073779263206712,0.9998423597161878,0.09983521359221076
186017,3,RENORM,0.20330553851427363,0.20329392272480054,1.000057137908091,1.004019469104628,0.9998531164002593,0.10132518487575257
186017,3,NO_RENORM,0.2032935595807981,0.20328194450029957,1.0000571377872545,1.003902950639084,0.9998531150313645,0.10132528360228601
186017,4,RENORM,0.20253760467452545,0.20251992895823856,1.0000872788983128,1.0002270464695835,0.9998629582734035,0.09737368885683506
186017,4,NO_RENORM,0.2025142558319376,0.20249658340127238,1.000087272735013,1.0000244639069318,0.999862952880849,0.09737415254215184
186018,1,RENORM,0.4351168955216634,0.43508220932209385,1.0000797233231453,0.9794249842851969,0.9998735240557343,0.12085964035972138
186018,1,NO_RENORM,0.4351168955216634,0.43508220932209385,1.0000797233231453,0.979346907495217,0.9998735240557343,0.12085964035972138
186018,2,RENORM,0.4260640565585155,0.4260233675641216,1.000095508832357,0.9590475253759366,0.9996645625973616,0.1283145812229397
186018,2,NO_RENORM,0.4260312162880793,0.42599053271581333,1.0000955034657826,0.9588820271173668,0.9996645729574957,0.12831481520201446
186018,3,RENORM,0.42108699105293257,0.42103461564868133,1.0001243969077687,0.9478444156949216,0.9996687071477802,0.11718649645532536
186018,3,NO_RENORM,0.421016725898343,0.42096436516202623,1.000124382823462,0.9475683913379959,0.9996687314453963,0.11718825658228878
186018,4,RENORM,0.40393569954807684,0.403856913082192,1.000195085099033,0.9092377709392071,0.999356733660823,0.12527812538372587
186018,4,NO_RENORM,0.4038230101430353,0.40374426398237767,1.0001950397013195,0.9088068596648893,0.9993568204272227,0.1252801408062029
186019,1,RENORM,0.28591738895064067,0.28587525275924563,1.0001473936305691,1.0262900357599014,0.9994250219656043,0.17028522612630445
186019,1,NO_RENORM,0.28591738895064067,0.28587525275924563,1.0001473936305691,1.0261387894382548,0.9994250219656045,0.17028522612630445
186019,2,RENORM,0.2950362668739838,0.2949859874554923,1.0001704468029964,1.0590219153576605,0.9989332380669368,0.16464352940472574
186019,2,NO_RENORM,0.29499396414288764,0.2949436938366997,1.000170440349251,1.0586896278179156,0.9989333241204075,0.16464449093167463
186019,3,RENORM,0.2959401346579573,0.2959020625300367,1.0001286646250251,1.0622663157900407,0.997767472196872,0.1530378070742469
186019,3,NO_RENORM,0.29585133823185417,0.2958132812628656,1.0001286519956951,1.0618109801566857,0.9977679459159625,0.15304165110504714
186019,4,RENORM,0.30557769157825,0.30552004471558253,1.0001886843880248,1.0968599747230157,0.9971332652024919,0.14589831454973826
186019,4,NO_RENORM,0.30544984471253267,0.3053922301080472,1.000188657728666,1.0961942675424028,0.9971340574381972,0.1459042931304822
186020,1,RENORM,0.201598087198171,0.20108284634337725,1.0025623312190086,0.8295921372517967,0.9959617951812327,0.05450303269414907
186020,1,NO_RENORM,0.201598087198171,0.20108284634337725,1.0025623312190086,0.8274718802202526,0.9959617951812326,0.05450303269414907
186020,2,RENORM,0.1788752421168705,0.1786128675834214,1.0014689565035149,0.7360858253744061,0.9966799908588752,0.039835259434897304
186020,2,NO_RENORM,0.17843577673575767,0.17817446758163102,1.0014665914688698,0.7332020825150334,0.9966829411217601,0.03984397144367069
186020,3,RENORM,0.1518976199945825,0.15173366497777965,1.001080544761282,0.6250707681114854,0.9953443637807333,0.0333702780602115
186020,3,NO_RENORM,0.15132543801574333,0.1511624414955265,1.0010782871631554,0.6220454502090694,0.9953506470208461,0.03338857189064725
186020,4,RENORM,0.13222623421071247,0.13194015616287405,1.0021682409370827,0.5441214535522478,0.9901234844762284,0.02572691931370348
186020,4,NO_RENORM,0.13160362100361542,0.13131931299487823,1.0021650129158632,0.5403894007326031,0.9901373341283004,0.025756168450291068
186021,1,RENORM,0.13186049096672955,0.13182482901373502,1.000270525311964,1.0762653289689725,0.9999217535882273,0.5995210121298596
186021,1,NO_RENORM,0.13186049096672955,0.13182482901373502,1.000270525311964,1.075974250699129,0.9999217535882272,0.5995210121298596
186021,2,RENORM,0.14146685221413058,0.14124611826778036,1.0015627611509348,1.1546739066432175,0.9987935827779885,0.6028081887972123
186021,2,NO_RENORM,0.14143127036027942,0.1412105153884321,1.00156330405876,1.1525816465885599,0.9987931876572957,0.6028087175681116
186021,3,RENORM,0.13022807207173195,0.12984017001373274,1.0029875350437172,1.0629412783290957,0.998520946958841,0.5912409033960122
186021,3,NO_RENORM,0.13000478585196124,0.1296181749674428,1.002982690387475,1.0579632056496104,0.9985239041294532,0.5912536488914424
186021,4,RENORM,0.11128877110042312,0.11112170943384739,1.0015034115964008,0.908355830930214,0.9964007361352675,0.5782094676095246
186021,4,NO_RENORM,0.1107925803200019,0.11062702303209755,1.0014965356869028,0.9029545428170771,0.9964121784954633,0.5782441343841378
186022,1,RENORM,0.30209031948048864,0.3020187568124573,1.000236947760416,0.9514945338855996,0.9998819482288542,0.3282885872305342
186022,1,NO_RENORM,0.30209031948048864,0.3020187568124573,1.000236947760416,0.9512691327950278,0.9998819482288545,0.3282885872305342
186022,2,RENORM,0.2913228661756396,0.2912850910694775,1.0001296843103862,0.9175802628786666,0.9998890180857398,0.33119803570418127
186022,2,NO_RENORM,0.2912557202220255,0.29121796400511923,1.0001296493402605,0.9172498522848596,0.9998890411804319,0.33119907838432966
186022,3,RENORM,0.28438770789441453,0.28435300262199126,1.0001220499593895,0.8957365798120752,0.9997262123020351,0.3352935482310757
186022,3,NO_RENORM,0.2842872985827423,0.28425261690159803,1.0001220100680912,0.8953110834192641,0.9997262944926669,0.33529456589730966
186022,4,RENORM,0.28373568776309077,0.28372973681425734,1.0000209740046964,0.8936829105915428,0.9999725272669733,0.3389406712259851
186022,4,NO_RENORM,0.2836026265608807,0.2835966802359442,1.000020967540701,0.8932450782820651,0.9999725404952586,0.33894136463677865
186023,1,RENORM,0.26055475879824,0.2604757118036636,1.0003034716520327,1.0068042998284439,0.9998742036327152,0.28186622423579655
186023,1,NO_RENORM,0.26055475879824,0.2604757118036636,1.0003034716520327,1.0064988559578534,0.9998742036327154,0.28186622423579655
186023,2,RENORM,0.2647125449699134,0.26466943020720046,1.0001629004251764,1.0228703161035466,0.9999022793284583,0.28521603856743843
186023,2,NO_RENORM,0.26463112431201186,0.2645880357458425,1.00016285152897,1.0223892025643386,0.9999022963169455,0.2852169626249197
186023,3,RENORM,0.26580950405459053,0.2657744122941765,1.0001320358875414,1.027109053205424,0.9998537691354386,0.27755553819924283
186023,3,NO_RENORM,0.2656831441345388,0.2656480895286529,1.0001319588104214,1.026485334646153,0.9998538192548873,0.27755967062802844
186023,4,RENORM,0.2720869446100029,0.2720030043556673,1.0003086004676065,1.0513655825133403,0.9998742711750092,0.2787606980272488
186023,4,NO_RENORM,0.27192054216725814,0.27183666436477527,1.0003085595634345,1.0503984797506831,0.9998743788151015,0.2787673436814484
186024,1,RENORM,0.4149085265822778,0.4147842934869222,1.0002995125353233,0.9761513348509572,0.9999044003380293,0.08024025943504111
186024,1,NO_RENORM,0.4149085265822778,0.4147842934869222,1.0002995125353233,0.9758590528319229,0.9999044003380293,0.08024025943504111
186024,2,RENORM,0.42637250080360983,0.42631633874406705,1.0001317379946244,1.0031225177066827,0.9998732183651267,0.07565940911727854
186024,2,NO_RENORM,0.42624530690646284,0.42618914731424856,1.0001317715210891,1.002691143700311,0.9998732084487306,0.07566054870000992
186024,3,RENORM,0.3973900595399365,0.39710752144438044,1.0007114901639924,0.9349358044573373,0.9993005223753354,0.08493164698992689
186024,3,NO_RENORM,0.3972302403465331,0.3969479731758467,1.0007110936187105,0.9338957120832893,0.999300917463096,0.08492908768181105
186024,4,RENORM,0.38692506227265844,0.38688703030362914,1.0000983025174002,0.9103149051574059,0.9998259059697863,0.07694123223475959
186024,4,NO_RENORM,0.38651634042588034,0.386478409207062,1.000098145764197,0.9092640687482613,0.9998262884562844,0.0769366485577573
186025,1,RENORM,0.3118645901498361,0.31176072477937067,1.0003331573293524,1.0884076896054293,0.999663856998479,0.2413724120292603
186025,1,NO_RENORM,0.3118645901498361,0.31176072477937067,1.0003331573293524,1.0880451993725886,0.999663856998479,0.2413724120292603
186025,2,RENORM,0.3375120182037276,0.33739749291645915,1.0003394372799794,1.1779172357165988,0.9992193194499417,0.2306529898255939
186025,2,NO_RENORM,0.33740137171832785,0.33728688383315497,1.000339437703212,1.1771315165684002,0.999219401132694,0.23065586768588991
186025,3,RENORM,0.3658834069484033,0.36576934372063735,1.00031184469044,1.2769334069967486,0.9987381001147536,0.2240987766017221
186025,3,NO_RENORM,0.3656430843761893,0.3655290717545761,1.0003119112279222,1.275696776863542,0.9987384133842501,0.22410540691521202
186025,4,RENORM,0.39578267879373535,0.3956513477502378,1.0003319362975593,1.3812818916208842,0.9982795292206927,0.21729406932122483
186025,4,NO_RENORM,0.3954085644194817,0.39527733373730656,1.0003319964768365,1.3795182369364682,0.9982803212275693,0.21730714071810814
186026,1,RENORM,0.22777217281311052,0.22776946794341207,1.0000118754709395,0.9995006273885073,0.9999868526449587,0.44879232020852416
186026,1,NO_RENORM,0.22777217281311052,0.22776946794341207,1.0000118754709395,0.9994887579888032,0.9999868526449588,0.44879232020852416
186026,2,RENORM,0.22544005911810744,0.22542610800287757,1.0000618877527208,0.989266940487652,0.9999232440731372,0.45180555158730457
186026,2,NO_RENORM,0.2254374147802095,0.22542346401260482,1.0000618869365032,0.9891941185175377,0.9999232443793231,0.4518055285978717
186026,3,RENORM,0.22409431147547612,0.22408852983990662,1.000025800676066,0.9833615851648124,0.9999499086098005,0.44900931573332936
186026,3,NO_RENORM,0.22407791461729284,0.2240721338744751,1.0000257985797554,0.9832642663139594,0.9999499123455183,0.44900923924169456
186026,4,RENORM,0.22267066295909785,0.22266262032945716,1.0000361202505736,0.9771143883816112,0.9999375129101918,0.451466775713523
186026,4,NO_RENORM,0.2226488719199089,0.22264083111455585,1.000036115591699,0.9769834814891335,0.9999375157667435,0.45146661156413215
186027,1,RENORM,0.29335750693654367,0.29334175932074413,1.0000536835118021,0.988749290142827,0.9998306632427832,0.3297311548163982
186027,1,NO_RENORM,0.29335750693654367,0.29334175932074413,1.0000536835118021,0.9886962134579798,0.999830663242783,0.3297311548163982
186027,2,RENORM,0.2838038624030409,0.2837938029157338,1.0000354464657182,0.9565491281308791,0.9999277991680281,0.32129938666791813
186027,2,NO_RENORM,0.28378885329933984,0.28377879509294235,1.0000354438265664,0.9564646398035664,0.9999277945583501,0.3212998312957674
186027,3,RENORM,0.2869139349306818,0.2868886749148558,1.0000880481456178,0.9670314983831694,0.9998998544355431,0.3220543084932586
186027,3,NO_RENORM,0.2868887393279101,0.2868634801450738,1.000088052974964,0.966861442624327,0.9998998429761867,0.3220547793623295
186027,4,RENORM,0.2890317911984666,0.2890199496017165,1.000040971554958,0.9741696449513765,0.9997556847040519,0.33218801801591
186027,4,NO_RENORM,0.28898191870215495,0.28897007863629387,1.000040973328159,0.9739616453243055,0.9997556931092024,0.3321878621906839
186028,1,RENORM,0.1019718506511181,0.10196685901653005,1.0000489534995507,0.9971478287391691,0.9999146625453461,0.09576577123809249
186028,1,NO_RENORM,0.1019718506511181,0.10196685901653005,1.0000489534995507,0.9970990172528663,0.999914662545346,0.09576577123809249
186028,2,RENORM,0.10251734714264162,0.10251053900767743,1.000066414000249,1.0024820522394227,0.9998969265185836,0.0940917337637387
186028,2,NO_RENORM,0.10251234267125982,0.10250553495114194,1.0000664131953472,1.0023665448613437,0.9998969278482774,0.09409171996724042
186028,3,RENORM,0.10209459455132604,0.10209248431865574,1.0000206698140748,0.998348099331512,0.9999105953938546,0.09268399187627813
186028,3,NO_RENORM,0.10208284660012805,0.10208073671059315,1.0000206688313769,0.9982125882496833,0.999910599212065,0.09268392414977332
186028,4,RENORM,0.1026769078450707,0.1026687567525197,1.0000793921423403,1.0040423417405282,0.999869968014617,0.0943141474166425
186028,4,NO_RENORM,0.10266301021856723,0.10265486050901858,1.000079389417191,1.00382674838674,0.9998699764050177,0.0943140865994774
186029,1,RENORM,0.26148003085777344,0.2614617074480429,1.0000700806627034,0.9931731794300063,0.9999606238833919,0.39668832578816865
186029,1,NO_RENORM,0.26148003085777344,0.2614617074480429,1.0000700806627034,0.9931035820728378,0.9999606238833919,0.39668832578816865
186029,2,RENORM,0.26151095777569927,0.2615022271136901,1.0000333865684607,0.9932906483828191,0.9999620106045021,0.3939834439007153
186029,2,NO_RENORM,0.26149276397134497,0.2614840332687318,1.0000333890467537,0.9931883816892529,0.9999620104481207,0.393983087704604
186029,3,RENORM,0.2635837411221108,0.26356523037041557,1.0000702321458268,1.0011636504613026,0.9999454738341809,0.3963928466803307
186029,3,NO_RENORM,0.263556396944865,0.2635378890172565,1.0000702287161687,1.000989491537532,0.999945477018561,0.396392612663868
186029,4,RENORM,0.2647507299717197,0.2647392476489536,1.000043372196858,1.0055961955482955,0.9999131285115805,0.40020105623019026
186029,4,NO_RENORM,0.2647047669997939,0.2646932880346135,1.000043367042907,1.0053780152493212,0.9999131284526668,0.4002010121664539
186030,1,RENORM,0.2685190393618961,0.2684717384897767,1.0001761856662623,1.0012244502243441,0.9999164783357126,0.3373911271458415
186030,1,NO_RENORM,0.2685190393618961,0.2684717384897767,1.0001761856662623,1.0010480799014227,0.9999164783357125,0.3373911271458415
186030,2,RENORM,0.26524068036612913,0.2651598560585883,1.000304813514162,0.9890004634598492,0.999448869732389,0.32720441320651417
186030,2,NO_RENORM,0.26519489336301255,0.265114090698198,1.0003047844971225,0.9885284497397807,0.9994489357988884,0.3272052100990374
186030,3,RENORM,0.2622390852237909,0.26220099805042385,1.0001452594522875,0.9778084435072779,0.9994164256830032,0.3249935486352097
186030,3,NO_RENORM,0.26211634679859075,0.26207827757644314,1.0001452589756719,0.9772088415248997,0.9994165122245315,0.3249946763597165
186030,4,RENORM,0.26310974658897324,0.2630685054661618,1.0001567695180287,0.9810548704599356,0.9992621007868645,0.32288758952836666
186030,4,NO_RENORM,0.262950358880204,0.2629091461626368,1.000156756499984,0.9803068935118175,0.9992622904959826,0.3228900827791215
186031,1,RENORM,0.26643787026617,0.26640487161382,1.0001238665499963,0.998684846236025,0.9999086616457915,0.21914556455096734
186031,1,NO_RENORM,0.26643787026617,0.26640487161382,1.0001238665499963,0.9985611579104305,0.9999086616457912,0.21914556455096734
186031,2,RENORM,0.24400151456784364,0.24396742474081837,1.0001397310606548,0.9145870097749562,0.9994303506065348,0.2052769514545188
186031,2,NO_RENORM,0.2439725155423319,0.2439384321568002,1.0001397212617518,0.914350558973461,0.9994303927802128,0.20527729946460477
186031,3,RENORM,0.24615267121650194,0.24612112049861953,1.000128191834238,0.9226501561465614,0.9995854619373259,0.20551943433678202
186031,3,NO_RENORM,0.24608894926146893,0.2460574105199027,1.0001281763532281,0.9222930919873243,0.9995855099919455,0.20551994799218462
186031,4,RENORM,0.23570272954906724,0.2356611818340231,1.0001763027526205,0.8834808054199109,0.9990292992521812,0.19591700597508308
186031,4,NO_RENORM,0.23561237186199263,0.23557083661861394,1.0001763174252547,0.8829864332391177,0.9990291945110149,0.1959149551271795
186032,1,RENORM,0.1898407884787099,0.18982470259809406,1.0000847407128506,0.9757362452576006,0.9998613159776073,0.009304118673630858
186032,1,NO_RENORM,0.1898407884787099,0.18982470259809406,1.0000847407128506,0.9756535676787752,0.9998613159776072,0.009304118673630858
186032,2,RENORM,0.18527716981317296,0.1852641594114164,1.0000702262207481,0.9522803368767845,0.9997788005263112,0.005135902850860567
186032,2,NO_RENORM,0.18526168786210262,0.18524867845256984,1.000070226733278,0.9521338980980589,0.9997788065143801,0.005136049285658474
186032,3,RENORM,0.18250567331935783,0.1824950782181674,1.0000580569147008,0.9380355078055914,0.999662214625683,0.005979017733484904
186032,3,NO_RENORM,0.1824779789504175,0.18246738517912237,1.0000580584375873,0.9378387159228215,0.999662233792862,0.00597929234526326
186032,4,RENORM,0.18139065191547843,0.18137600613970978,1.0000807481434804,0.9323045644887124,0.999596181681556,0.007371246480620172
186032,4,NO_RENORM,0.18135302159173425,0.18133837935828698,1.000080745363988,0.9320358960476848,0.9995962107696416,0.007371532639608237
186033,1,RENORM,0.23287751803868031,0.23283315924916836,1.0001905174918126,0.9794841189473156,0.9998560873694233,0.6764378803811313
186033,1,NO_RENORM,0.23287751803868031,0.23283315924916836,1.0001905174918126,0.9792975456351788,0.9998560873694232,0.6764378803811313
186033,2,RENORM,0.2281289810451486,0.22807996199156355,1.0002149204741881,0.9595117462916365,0.9995828374663309,0.6793655638007733
186033,2,NO_RENORM,0.22808622250994995,0.2280372154379551,1.0002149082196945,0.9591257796441534,0.9995828830843219,0.6793653781646612
186033,3,RENORM,0.22660801217338464,0.22657043915586,1.0001658337145112,0.9531145428696275,0.9997885616339282,0.6775962791913638
186033,3,NO_RENORM,0.2265180085156657,0.2264804458707419,1.0001658538103737,0.9525779983006037,0.999788549346275,0.6775964964816267
186033,4,RENORM,0.22132461625218425,0.22126054846082083,1.0002895581331968,0.9308925506287654,0.9995570325534572,0.6775982027673951
186033,4,NO_RENORM,0.22120102599520347,0.22113698091691186,1.0002896172228863,0.9301033553788308,0.9995570247140482,0.6775987264571566
186034,1,RENORM,0.1750395231306362,0.17503593485015456,1.0000205002503268,0.9952949705009827,0.9999559315769546,0.468388266275123
186034,1,NO_RENORM,0.1750395231306362,0.17503593485015456,1.0000205002503268,0.9952745671232072,0.9999559315769547,0.468388266275123
186034,2,RENORM,0.17341499729364065,0.1734009322704644,1.000081112731005,0.9860577287278556,0.9998177678900345,0.47742408026141686
186034,2,NO_RENORM,0.17341142103778315,0.17339735625807046,1.000081112999732,0.985957419759553,0.9998177682394382,0.47742408156989
186034,3,RENORM,0.1739175666371095,0.17389744377451738,1.0001157168395023,0.9889153961331147,0.9994235340098142,0.4861497576389757
186034,3,NO_RENORM,0.17389986999231044,0.17387974895925465,1.00011571809354,0.9887003604435074,0.9994235335831494,0.4861499088469057
186034,4,RENORM,0.17473671910852392,0.1747237177018811,1.000074411229413,0.9935731918142866,0.9993094245229126,0.48586580286195624
186034,4,NO_RENORM,0.17469886577229798,0.1746858667165676,1.0000744138949174,0.9932840392329333,0.9993094011599896,0.48586648976350083
186035,1,RENORM,0.21506681854379614,0.21504345747877637,1.000108634158382,0.955808536612237,0.9999278454126656,0.24329571462039137
186035,1,NO_RENORM,0.21506681854379614,0.21504345747877637,1.000108634158382,0.9557047144349181,0.9999278454126659,0.24329571462039137
186035,2,RENORM,0.20488315109553,0.20483090877375043,1.0002550509690715,0.9105498753878843,0.9997139580318005,0.24529070594235877
186035,2,NO_RENORM,0.20486135317321724,0.20480912273007174,1.000255020100903,0.91022087557222,0.9997139760434155,0.24529047524165176
186035,3,RENORM,0.19526290567460558,0.19522653038855428,1.0001863234775412,0.8677951968192245,0.9996309841443564,0.24581820976954571
186035,3,NO_RENORM,0.1951938196373486,0.1951574737432039,1.000186238802166,0.8673266320227229,0.9996310795835535,0.24581730730963078
186035,4,RENORM,0.1891397024096633,0.18912876461023015,1.0000578325536822,0.840582212539867,0.9997246570630376,0.24414587247713154
186035,4,NO_RENORM,0.18903915553005995,0.18902822938019245,1.0000578016833905,0.8400867996542731,0.9997247447816014,0.2441452925759105
186036,1,RENORM,0.20744358636465782,0.20743764916451465,1.000028621613126,0.9863236036047257,0.99983919774844,0.20552415892918305
186036,1,NO_RENORM,0.20744358636465782,0.20743764916451465,1.000028621613126,0.9862953742400915,0.9998391977484399,0.20552415892918305
186036,2,RENORM,0.20707887909617131,0.2070619518510931,1.0000817496644163,0.9845895447523006,0.9994940575305298,0.20549173985122296
186036,2,NO_RENORM,0.20707300008168492,0.20705607295287837,1.0000817514239702,0.9844811093080855,0.9994940592527678,0.20549181840792563
186036,3,RENORM,0.20400808461455355,0.20399429709013334,1.0000675877934624,0.9699889628200422,0.999022433665416,0.20246228773097535
186036,3,NO_RENORM,0.2039858461473484,0.20397206081350688,1.0000675844220308,0.9698176819147775,0.9990224678363566,0.20246281117351783
186036,4,RENORM,0.1965781953753642,0.1965501604112006,1.0001426351629727,0.934662369902876,0.9984986149489762,0.18712727742671542
186036,4,NO_RENORM,0.19654378110808735,0.19651575714075734,1.0001426041745292,0.9343654973620598,0.9984987778383569,0.1871288529625233
186037,1,RENORM,0.16877028307203773,0.16876629762727194,1.0000236151697397,0.9969799685754878,0.9999846954973988,0.03766356369643458
186037,1,NO_RENORM,0.16877028307203773,0.16876629762727194,1.0000236151697397,0.9969564252802758,0.9999846954973991,0.03766356369643458
186037,2,RENORM,0.1684297470942147,0.168425615772957,1.00002452905538,0.9949683137847928,0.9999644798575068,0.036428755998734186
186037,2,NO_RENORM,0.16842577895481559,0.16842164772863413,1.0000245290687757,0.9949204682453113,0.9999644799893025,0.036428739900795745
186037,3,RENORM,0.16752497507449393,0.1675203440153715,1.000027644756514,0.9896235364734687,0.9999582788910257,0.03771927909562769
186037,3,NO_RENORM,0.16751692712552324,0.1675122962935934,1.000027644728365,0.9895486388649932,0.9999582794077578,0.03771928329824485
186037,4,RENORM,0.16757542648011725,0.16757101112269135,1.0000263491721828,0.989921569041035,0.9999478985774446,0.03594101820234651
186037,4,NO_RENORM,0.1675627907746098,0.16755837588601483,1.000026348361105,0.9898208457355872,0.9999478996324852,0.03594099800221598
186038,1,RENORM,0.1532651772101393,0.1532423847420593,1.000148734751925,1.0175123831592812,0.9999623234822763,0.24305053076294358
186038,1,NO_RENORM,0.1532651772101393,0.1532423847420593,1.000148734751925,1.017361066213473,0.9999623234822765,0.24305053076294358
186038,2,RENORM,0.1531944387341758,0.15317824831644924,1.0001056965848838,1.017042757399739,0.9999038866911882,0.24476771182114446
186038,2,NO_RENORM,0.15317145188000408,0.1531552642028053,1.000105694553054,1.016782681552769,0.9999038841431818,0.24476787147505435
186038,3,RENORM,0.15410517250461012,0.1540849770636936,1.0001310669041226,1.0230890290058958,0.9998940445493625,0.24227145225024818
186038,3,NO_RENORM,0.154065618238792,0.154045428774794,1.0001310617533905,1.0226923962807681,0.9998940457245854,0.2422713880424781
186038,4,RENORM,0.15503462166725798,0.15501168394483317,1.0001479741516257,1.029259550253619,0.9998357708708128,0.24480890889860885
186038,4,NO_RENORM,0.15497430465579962,0.1549513759710722,1.0001479734180012,1.0287068902935705,0.9998357647578479,0.24480938743310662
186039,1,RENORM,0.16963666474132189,0.16958270465033357,1.0003181933623395,1.0466653812768199,0.9991532839837327,0.3149297302831017
186039,1,NO_RENORM,0.16963666474132189,0.16958270465033357,1.0003181933623395,1.0463324452379386,0.9991532839837327,0.3149297302831017
186039,2,RENORM,0.1788675674342094,0.17881250219424083,1.0003079496080636,1.1036204404989132,0.9987946387394016,0.31507587337489795
186039,2,NO_RENORM,0.178809986494336,0.17875494093906724,1.0003079386504148,1.1029255302702805,0.9987946453264449,0.3150754410301503
186039,3,RENORM,0.18904019056104057,0.18898590400483495,1.0002872518799246,1.1663859545454558,0.9986508244701839,0.3145401797521453
186039,3,NO_RENORM,0.18891983778739274,0.18886559072540895,1.0002872257554933,1.1653086661903065,0.9986508393005769,0.3145391028247522
186039,4,RENORM,0.19309347386335676,0.19300943935915454,1.000435390644521,1.1913948835969144,0.9978026618326937,0.3068275825554736
186039,4,NO_RENORM,0.19291135663270817,0.1928273945129522,1.000435426304271,1.189753162774557,0.9978024750307714,0.30682470719974947
186040,1,RENORM,0.14297719870779677,0.1429098557902799,1.0004712265444777,0.8897909076767185,0.9990993214424985,0.4709306195097224
186040,1,NO_RENORM,0.14297719870779677,0.1429098557902799,1.0004712265444777,0.8893718120709543,0.9990993214424982,0.4709306195097224
186040,2,RENORM,0.13510227452433762,0.1350963021538738,1.0000442082452858,0.8407828420521726,0.9993637124926056,0.47325588612707764
186040,2,NO_RENORM,0.13503982108354584,0.13503385297583184,1.000044197122288,0.8403570337953328,0.9993638027028608,0.47325586795098795
186040,3,RENORM,0.13356885742461988,0.13356500377561548,1.0000288522359486,0.831239917688454,0.9996878586715444,0.4746523118191121
186040,3,NO_RENORM,0.13350184747140686,0.1334979958631836,1.000028851431045,0.830798924483666,0.9996879390360619,0.47465240605566567
186040,4,RENORM,0.12993849407424873,0.12993166924702484,1.0000525262798703,0.8086470544213206,0.9995259011579083,0.47231409691742854
186040,4,NO_RENORM,0.12987045144885184,0.1298636324964172,1.0000525085607308,0.8081811678891262,0.9995260529503162,0.4723145342090641
186041,1,RENORM,0.21889410828075156,0.21887851269475095,1.0000712522476858,1.004036069648238,0.9999311726310546,0.4513837521325443
186041,1,NO_RENORM,0.21889410828075156,0.21887851269475095,1.0000712522476858,1.0039645349185238,0.9999311726310546,0.4513837521325443
186041,2,RENORM,0.21811648543572748,0.21809484920032896,1.0000992056230436,1.0004692245142188,0.9998493441773323,0.4521165714674677
186041,2,NO_RENORM,0.21810102134023543,0.21807938716578676,1.0000992032063591,1.000299060038644,0.999849351626917,0.4521165053284386
186041,3,RENORM,0.21947802589203969,0.21946904740078413,1.0000409100570713,1.0067144164892785,0.9997779246237941,0.4521449022470884
186041,3,NO_RENORM,0.21944067191959415,0.21943169535640888,1.0000409082341988,1.0065019049271136,0.99977793713699,0.45214495440668984
186041,4,RENORM,0.2195128330715404,0.2194944117331768,1.0000839262294523,1.0068740720596177,0.9996542092364598,0.4529892382496778
186041,4,NO_RENORM,0.21946623281077798,0.21944781462382068,1.0000839296895614,1.0065758417088062,0.9996542127983441,0.4529894418925223
186042,1,RENORM,0.3117450809548605,0.3116668267127603,1.0002510830007947,1.0107837272258144,0.9997360119768633,0.35340690539808706
186042,1,NO_RENORM,0.3117450809548605,0.3116668267127603,1.0002510830007947,1.0105300003209376,0.9997360119768633,0.35340690539808706
186042,2,RENORM,0.3145016730840884,0.3144526805896031,1.0001558024386767,1.0197215377544937,0.9997069976000419,0.35324336216611846
186042,2,NO_RENORM,0.314422095755062,0.3143731205530046,1.0001557868623445,1.019304726666039,0.9997070090399893,0.3532433989566047
186042,3,RENORM,0.3197616982156205,0.31967957124731167,1.0002569040241995,1.036776330700918,0.9995667270133861,0.35475969547016656
186042,3,NO_RENORM,0.31963146971814366,0.31954938751948797,1.0002568685838888,1.0360879471148503,0.9995667850570851,0.35475972308579423
186042,4,RENORM,0.3262824232207919,0.3261975709846545,1.0002601252850543,1.0579187420093938,0.9994165304510045,0.3562353752386989
186042,4,NO_RENORM,0.3260673546572765,0.3259825628849479,1.0002601113739862,1.0569464926735481,0.9994165620509827,0.35623457024545485
186043,1,RENORM,0.28095324622576545,0.2809367510921691,1.0000587147588602,0.994887314140935,0.9999642295848875,0.18934368160576293
186043,1,NO_RENORM,0.28095324622576545,0.2809367510921691,1.0000587147588602,0.9948289030017847,0.9999642295848876,0.18934368160576293
186043,2,RENORM,0.2799212047762157,0.27990679338308394,1.0000514864000138,0.9912327383009409,0.9999882404935557,0.187843692316349
186043,2,NO_RENORM,0.27990496033014917,0.27989055074118085,1.0000514829419185,0.9911241888857157,0.9999882408697945,0.18784361591662482
186043,3,RENORM,0.27502945455439864,0.2749651870594318,1.0002337295701071,0.97391049588157,0.9998508212438934,0.18879703701020437
186043,3,NO_RENORM,0.2749998770056396,0.2749356218795778,1.0002337097158291,0.9735782237363457,0.9998508294520166,0.18879693428680272
186043,4,RENORM,0.2743301688852112,0.27431306161886565,1.0000623640239499,0.9714342460051902,0.9999316941682527,0.19137260469672404
186043,4,NO_RENORM,0.27423747697284256,0.2742203802969414,1.0000623464816205,0.9710454721605222,0.9999317110923,0.19137194939467908
186044,1,RENORM,0.2320207922362348,0.23193365871701976,1.0003756829418207,1.174021210686398,0.9998087953966114,0.6861185562229489
186044,1,NO_RENORM,0.2320207922362348,0.23193365871701976,1.0003756829418207,1.1735803165805971,0.9998087953966114,0.6861185562229489
186044,2,RENORM,0.24758285900500154,0.24749222890412906,1.0003661937236283,1.2527650003811082,0.999583063597629,0.676457597712602
186044,2,NO_RENORM,0.2474845739032399,0.24739398144064162,1.0003661870109763,1.2518092831600602,0.9995830842750482,0.6764562126677556
186044,3,RENORM,0.2590159368614688,0.2589016812853268,1.0004413087453652,1.3106161773275908,0.9995743336886529,0.679194658345093
186044,3,NO_RENORM,0.2588067716799524,0.258692633677646,1.0004412108713063,1.3089802687883945,0.999574386653621,0.6791917255513709
186044,4,RENORM,0.2745564648756734,0.27443410902987464,1.0004458478074403,1.3892509812953582,0.9994846900893374,0.6735961888865105
186044,4,NO_RENORM,0.27419295043091296,0.274070753650793,1.000445858518252,1.386793290866918,0.9994847004064958,0.6735901126348443
186045,1,RENORM,0.37112789716013134,0.3711041214091172,1.0000640676016286,0.982417110458809,0.9999056764680662,0.1297304226663316
186045,1,NO_RENORM,0.37112789716013134,0.3711041214091172,1.0000640676016286,0.9823541733829677,0.9999056764680662,0.1297304226663316
186045,2,RENORM,0.36301519925476916,0.362982083458552,1.0000912325917044,0.9609418904734669,0.9998390876036167,0.13171019703556638
186045,2,NO_RENORM,0.3629925331527694,0.3629594204781108,1.0000912296879194,0.9607942378043764,0.999839092733044,0.1317102374961256
186045,3,RENORM,0.3538790749884403,0.35382755034621827,1.0001456207753483,0.9367575462859248,0.9998040910803737,0.1345980508758172
186045,3,NO_RENORM,0.3538263548910576,0.3537748400588162,1.0001456147425065,0.936481624752799,0.9998041099988709,0.1345981465980336
186045,4,RENORM,0.34337757404840996,0.34335709934464365,1.0000596309317744,0.9089588971196142,0.9997873326761294,0.1311520480227585
186045,4,NO_RENORM,0.3432794738614868,0.3432590084877639,1.0000596207913437,0.908645040801129,0.9997873919841495,0.13115277585048327
186046,1,RENORM,0.16069733171289496,0.1606886278321505,1.0000541661277522,0.9910889347349243,0.9998429882905258,0.3653938207733468
186046,1,NO_RENORM,0.16069733171289496,0.1606886278321505,1.0000541661277522,0.9910352541927326,0.9998429882905259,0.3653938207733468
186046,2,RENORM,0.16055732694396413,0.1605349017412376,1.0001396905126692,0.9902254656541474,0.9996680737444035,0.34766278318935245
186046,2,NO_RENORM,0.16054862489687735,0.16052620053772562,1.0001396928294297,0.9900334958406337,0.9996680640314268,0.3476626273971434
186046,3,RENORM,0.15934841037675518,0.1593417122402418,1.000042036303101,0.9827695619374687,0.9995240406314206,0.3447379587629695
186046,3,NO_RENORM,0.15931762143949027,0.15931092407190992,1.00004203960035,0.9825383679186244,0.9995239642364036,0.34473661391724303
186046,4,RENORM,0.1570718212092834,0.15706757294761953,1.0000270473502784,0.9687288662472012,0.9997342474669452,0.3498432832468418
186046,4,NO_RENORM,0.15703510423424408,0.15703085831872815,1.000027038733408,0.9684762306425443,0.9997341535254779,0.34984064894603034
186047,1,RENORM,0.15067503485197914,0.1506674004737099,1.0000506704054375,0.995947156120248,0.9999114716666264,0.2149151901718017
186047,1,NO_RENORM,0.15067503485197914,0.1506674004737099,1.0000506704054375,0.9958966936310012,0.9999114716666266,0.2149151901718017
186047,2,RENORM,0.1498960487057235,0.1498896980608372,1.0000423687882987,0.9907981343345055,0.9998248830438646,0.21435050219586058
186047,2,NO_RENORM,0.1498884801071511,0.1498821298579683,1.0000423682875859,0.9907061321202575,0.9998248841516029,0.21435051577016742
186047,3,RENORM,0.14689313893301784,0.14688109082333453,1.0000820262813597,0.9709491961799533,0.9997750504930079,0.2162157698789855
186047,3,NO_RENORM,0.14687950146897066,0.14686745431192277,1.0000820274110649,0.9707794233615115,0.9997750469918592,0.21621583170733774
186047,4,RENORM,0.14558086928728797,0.1455733646611164,1.000051552192862,0.9622752229300947,0.9996975958302119,0.21413584424404497
186047,4,NO_RENORM,0.14555543962913234,0.1455479362342943,1.0000515527394698,0.9620575386899441,0.9996975966754793,0.21413607108292737
186048,1,RENORM,0.29055144880472084,0.290537724403023,1.0000472379334733,1.0175304976349635,0.9998997275123014,0.4242932430791204
186048,1,NO_RENORM,0.29055144880472084,0.290537724403023,1.0000472379334733,1.0174824338674386,0.9998997275123014,0.4242932430791204
186048,2,RENORM,0.29153266147136964,0.2914877589548229,1.0001540459767737,1.0209667696518065,0.9997031832330833,0.4270456716368021
186048,2,NO_RENORM,0.291518592751467,0.2914736909449421,1.0001540509758475,1.0207602509462606,0.9997031821867506,0.4270457885578192
186048,3,RENORM,0.27726452250509515,0.2771766805930227,1.000316916675254,0.9709987980502061,0.9994188544908632,0.4184574889171854
186048,3,NO_RENORM,0.2772070377928706,0.2771192014508688,1.0003169623091468,0.9704898740533305,0.999418752522816,0.4184572964377704
186048,4,RENORM,0.2514166118343082,0.25128759398001554,1.0005134270747242,0.8804776957949331,0.999299061248554,0.4310327048623163
186048,4,NO_RENORM,0.2512788855082789,0.25114989973803903,1.0005135808151762,0.8795436522953791,0.9992988767428101,0.4310343632957811
186049,1,RENORM,0.0657338255902134,0.0657333770297559,1.0000068239374997,1.0001687617734831,0.9999934622323351,0.2537945926416511
186049,1,NO_RENORM,0.0657338255902134,0.0657333770297559,1.0000068239374997,1.000161936730922,0.9999934622323351,0.2537945926416511
186049,2,RENORM,0.06572763285461748,0.06572714102774059,1.0000074828581953,1.0000745366064956,0.9999755388763878,0.2536641297935657
186049,2,NO_RENORM,0.06572718438485782,0.06572669256146955,1.0000074828561745,1.0000602296370622,0.9999755388921201,0.25366413051775744
186049,3,RENORM,0.06575195250951281,0.06575161664601882,1.0000051080644115,1.0004445707389233,0.9999643192390067,0.2537686755592105
186049,3,NO_RENORM,0.06575101196907615,0.06575067611045157,1.0000051080634216,1.0004251497717553,0.9999643192586858,0.25376867470976
186049,4,RENORM,0.06579070064464529,0.06579030024864181,1.0000060859427753,1.0010341404770073,0.9999554192487795,0.25424648714267833
186049,4,NO_RENORM,0.06578942345410517,0.0657890230641522,1.0000060859689552,1.0010086153597715,0.9999554192392092,0.25424648711081377
186050,1,RENORM,0.339184391273297,0.33916234771967774,1.0000649941061162,0.9905129784749339,0.9999680008507096,0.19618296912244193
186050,1,NO_RENORM,0.339184391273297,0.33916234771967774,1.0000649941061162,0.9904486051531851,0.9999680008507095,0.19618296912244193
186050,2,RENORM,0.3380001563084571,0.3379746977124442,1.0000753269288625,0.9870546822430987,0.9999278931365678,0.19673712612468583
186050,2,NO_RENORM,0.3379783500049578,0.33795289312325094,1.0000753267163083,0.9869166605665262,0.9999278924636796,0.19673706685436468
186050,3,RENORM,0.3343395730876018,0.334307633263962,1.0000955402164378,0.9763647587609678,0.999870009046347,0.19013484158285332
186050,3,NO_RENORM,0.3342933453641007,0.33426141441246465,1.0000955268848222,0.9761365136409221,0.9998700103159289,0.19013532236772937
186050,4,RENORM,0.3314319310139732,0.33140470545142664,1.0000821520096055,0.9678736333295255,0.9998059563538316,0.19062954604797744
186050,4,NO_RENORM,0.3313553099138512,0.3313280959417594,1.0000821360229457,0.9675704059720915,0.999805967171529,0.1906300494150313
186051,1,RENORM,0.18099042856781147,0.180981471388688,1.0000494922438952,1.0343078097868548,0.9998453902235855,0.4379709989772085
186051,1,NO_RENORM,0.18099042856781147,0.180981471388688,1.0000494922438952,1.0342566221058576,0.9998453902235854,0.4379709989772085
186051,2,RENORM,0.18634405820281966,0.18633622308423617,1.0000420482848305,1.0649022505316625,0.9997484917183539,0.4385096137050119
186051,2,NO_RENORM,0.1863349342718557,0.18632709951707374,1.00004204839125,1.064805336560855,0.9997484906712476,0.43850960312450626
186051,3,RENORM,0.19023018066008884,0.19019447887065954,1.0001877120179319,1.087110313351049,0.9990321692511035,0.4245720687210288
186051,3,NO_RENORM,0.19021317183170688,0.19017747529771828,1.0001877011666693,1.0868091174903127,0.9990321950435012,0.42457252186111455
186051,4,RENORM,0.19628499632668148,0.19626905594071975,1.0000812170104163,1.121711828913681,0.9990208421282138,0.42591805899595164
186051,4,NO_RENORM,0.1962309240678476,0.1962149898918851,1.0000812077403989,1.1213117624415576,0.999020934232001,0.425919336434598
186052,1,RENORM,0.2312280612990127,0.2311857159981974,1.0001831657316347,0.9261606487945765,0.9994616597172699,0.6205856159199299
186052,1,NO_RENORM,0.2312280612990127,0.2311857159981974,1.0001831657316347,0.9259910389684328,0.9994616597172697,0.6205856159199299
186052,2,RENORM,0.2220377329941165,0.22202345984533525,1.0000642866694816,0.8893497168614889,0.9996551192471353,0.6239726956309446
186052,2,NO_RENORM,0.22199806834422944,0.22198379944513938,1.0000642790110121,0.8891336914775806,0.9996551535121143,0.623973068489372
186052,3,RENORM,0.21796276115928068,0.21795265751265772,1.0000463570700961,0.8730278286911307,0.9998823879119668,0.6233974690705856
186052,3,NO_RENORM,0.21791087634459028,0.21790077572108452,1.0000463542338083,0.8727795522780818,0.9998824112916185,0.6233979246436803
186052,4,RENORM,0.20799537601468115,0.20795934225591187,1.000173273094526,0.8331044740582771,0.9996864424068768,0.6152751992289812
186052,4,NO_RENORM,0.20793764808123572,0.2079016310699083,1.0001732406385706,0.8327289881488927,0.9996865315618659,0.6152761041694064
186053,1,RENORM,0.3749408537101897,0.37485565124767023,1.0002272940590196,0.9886081670234896,0.9999591143765136,0.4368402023445269
186053,1,NO_RENORM,0.3749408537101897,0.37485565124767023,1.0002272940590196,0.988383513322876,0.9999591143765136,0.4368402023445269
186053,2,RENORM,0.37010007872646977,0.37005466093428874,1.0001227326581035,0.9758444747336984,0.9998252812507789,0.4338006294754839
186053,2,NO_RENORM,0.3700181111273471,0.36997271351279637,1.0001227053047201,0.975508650325165,0.9998253276620327,0.43380111058945225
186053,3,RENORM,0.36566065014374644,0.3655849459221222,1.0002070769665645,0.964139014231413,0.9998843920125836,0.4362227983519657
186053,3,NO_RENORM,0.36553764594321814,0.3654619904647415,1.0002070132611587,0.9636152073984707,0.9998844405955162,0.43622315146799023
186053,4,RENORM,0.3637457591481358,0.36369749614938174,1.0001327009376308,0.9590900128796327,0.9998584496386116,0.43518434873212664
186053,4,NO_RENORM,0.36355240535210404,0.36350419166535486,1.0001326358480964,0.958453070855307,0.9998585482705442,0.43518581772196047
186054,1,RENORM,0.2391911118972385,0.23911976371444238,1.0002983784430313,1.0192828189846006,0.9997943757805519,0.40686837201187903
186054,1,NO_RENORM,0.2391911118972385,0.23911976371444238,1.0002983784430313,1.0189787776834291,0.9997943757805517,0.40686837201187903
186054,2,RENORM,0.24553334155788964,0.24535751931368704,1.0007165961112314,1.0463094324564821,0.9992860472363696,0.4095749117967212
186054,2,NO_RENORM,0.24546069022688402,0.24528491518678477,1.0007166157770624,1.0452507947427252,0.9992860398521921,0.4095748248339524
186054,3,RENORM,0.24524607287148883,0.24517711517205215,1.000281256671885,1.0450852731047484,0.9993040284654221,0.41031849736228404
186054,3,NO_RENORM,0.24500602705175048,0.24493708515268425,1.000281467785992,1.0437685608299625,0.9993039508937224,0.41031905855895373
186054,4,RENORM,0.2503095242157161,0.2502534024998656,1.000224259551674,1.0666625337270106,0.9995091085034528,0.40977281884816913
186054,4,NO_RENORM,0.24999722603566757,0.2499410955337114,1.0002245749216843,1.0650925212687303,0.9995086189242322,0.4097774799841402
186055,1,RENORM,0.388075914806789,0.3880679864627419,1.000020430296553,1.003419469399234,0.9998419803596466,0.008212035377730674
186055,1,NO_RENORM,0.388075914806789,0.3880679864627419,1.000020430296553,1.0033989696607204,0.9998419803596466,0.008212035377730674
186055,2,RENORM,0.39085403417183845,0.39083263215329356,1.0000547600604022,1.0106026491659907,0.9996651936050327,0.006380407197440438
186055,2,NO_RENORM,0.3908462162561891,0.3908248154189744,1.0000547581329777,1.0105271003767544,0.9996651952258538,0.0063804969911964915
186055,3,RENORM,0.38665452649068754,0.38654172775734924,1.0002918151527695,0.9997442897358353,0.9994296668576373,0.0003340548771209324
186055,3,NO_RENORM,0.3866263964169686,0.3865136186639497,1.000291782094012,0.9993799546886323,0.9994296904502247,0.00033329117863645496
186055,4,RENORM,0.38450354282678767,0.38446789371194023,1.0000927232557764,0.9941826488187704,0.9989157010198919,0.0034721117274262307
186055,4,NO_RENORM,0.3843653538795745,0.3843297463584858,1.0000926483610104,0.9937332760199103,0.9989158965394188,0.0034689690557104316
186056,1,RENORM,0.2272881137741552,0.22728147554980635,1.00002920706288,0.9733567133983982,0.9998433449294288,0.09303348332597625
186056,1,NO_RENORM,0.2272881137741552,0.22728147554980635,1.00002920706288,0.9733282853379611,0.999843344929429,0.09303348332597625
186056,2,RENORM,0.2239356569603894,0.22392403784418963,1.0000518886507703,0.9589998854417037,0.9998912854237597,0.09525095639470726
186056,2,NO_RENORM,0.22392920738198574,0.2239175886157425,1.0000518885823755,0.958922508124122,0.9998912881958356,0.09525104934728938
186056,3,RENORM,0.2168303323571145,0.2168199593478258,1.0000478415793403,0.928571477688078,0.9996828216256491,0.09144937582227622
186056,3,NO_RENORM,0.21681309311809463,0.21680272141563778,1.0000478393554662,0.9284532343941225,0.9996828414009338,0.09144956746157433
186056,4,RENORM,0.21156582170214422,0.21155500879299868,1.0000511115723811,0.9060263181384485,0.9997591060577072,0.09603092022898582
186056,4,NO_RENORM,0.21153923502560595,0.21152842311529438,1.0000511132742889,0.9058661594527282,0.999759133692025,0.0960314345255236
186057,1,RENORM,0.3441174072681379,0.3439869525054138,1.0003792433456355,0.9529895162366016,0.9987496120044087,0.47328878775726163
186057,1,NO_RENORM,0.3441174072681379,0.3439869525054138,1.0003792433456355,0.9526282383163529,0.9987496120044087,0.47328878775726163
186057,2,RENORM,0.3384493153818245,0.33841870451508793,1.0000904526443934,0.9372924546214843,0.997412884635374,0.4642504132983871
186057,2,NO_RENORM,0.3383254259126384,0.3382948542478472,1.0000903698782477,0.936864694100693,0.9974136624115264,0.4642500303344023
186057,3,RENORM,0.33598274101945985,0.33597416206843783,1.0000255345558962,0.9304615897518096,0.9975098971335529,0.4608119166309707
186057,3,NO_RENORM,0.3358343222758897,0.3358257554318849,1.0000255097885293,0.930026838076947,0.9975108213319296,0.4608126714964764
186057,4,RENORM,0.33114324169607445,0.3311217265573222,1.0000649765238148,0.9170592101522598,0.9965832930629636,0.459963302874748
186057,4,NO_RENORM,0.33099415466675425,0.33097267354473114,1.0000649030078286,0.9165868432896692,0.9965850030397675,0.4599649144940263
186058,1,RENORM,0.17244891439962146,0.17244564461320933,1.0000189612583053,0.9447720243573072,0.9997626731100108,0.40494888088220227
186058,1,NO_RENORM,0.17244891439962146,0.17244564461320933,1.0000189612583053,0.9447541106305753,0.9997626731100107,0.40494888088220227
186058,2,RENORM,0.16429749000352953,0.16418096548937072,1.0007097321776035,0.9001139425427418,0.999701210177446,0.38388828529156155
186058,2,NO_RENORM,0.16429442897397395,0.16417790693365725,1.0007097303315164,0.8994587993115105,0.9997012121575354,0.3838880564484772
186058,3,RENORM,0.15633592789083703,0.15632459899547,1.000072470330574,0.8564960329696824,0.9995995097056748,0.40178305735579867
186058,3,NO_RENORM,0.156224868860448,0.156213553046112,1.0000724381086938,0.8558255948275592,0.9995996216815007,0.4017829178519754
186058,4,RENORM,0.16102561058820297,0.1610225289522604,1.000019137917915,0.8821887491633983,0.9999563981809461,0.3973274266551142
186058,4,NO_RENORM,0.1609000108143736,0.16089693269311595,1.0000191310126623,0.8814837793707229,0.9999564031386972,0.39732930372611747
186059,1,RENORM,0.6454077518868008,0.6443676286919542,1.0016141766726503,1.1918759813250517,0.9948319465845186,0.34230569727837185
186059,1,NO_RENORM,0.6454077518868008,0.6443676286919542,1.0016141766726503,1.1899551834264637,0.9948319465845182,0.34230569727837185
186059,2,RENORM,0.7530881156422845,0.7518987479612769,1.0015818189406904,1.390729556983709,0.9927558418112469,0.35200261161168767
186059,2,NO_RENORM,0.7518627121183171,0.7506761500246957,1.0015806577757684,1.3862753745246639,0.9927644540508284,0.35196695758380614
186059,3,RENORM,0.8834979861833441,0.882281762678227,1.001378497841125,1.6315577651532012,0.9929277912765245,0.35273139345254373
186059,3,NO_RENORM,0.8806696625546814,0.8794601845039269,1.0013752504912268,1.624101147495632,0.9929480864137213,0.3526520233025025
186059,4,RENORM,1.0347158989808785,1.0337825074841254,1.000902889621361,1.9108122328638693,0.9948393639383902,0.3479905847240907
186059,4,NO_RENORM,1.0300726592029958,1.0291482768086215,1.000898201372148,1.9005304921800825,0.994861480341407,0.34790341182421713
186060,1,RENORM,0.3572048107670419,0.35695858903929245,1.0006897767284746,0.9707570066875264,0.9998389658622502,0.14553123043990732
186060,1,NO_RENORM,0.3572048107670419,0.35695858903929245,1.0006897767284746,0.9700878626552883,0.9998389658622502,0.14553123043990732
186060,2,RENORM,0.34060192546990914,0.34031131949064697,1.0008539415606161,0.9256362055459869,0.9995715027447031,0.14693140392860798
186060,2,NO_RENORM,0.34037903133833736,0.34008877668479165,1.0008534673104303,0.9242416476799932,0.999571758908293,0.1469290681850774
186060,3,RENORM,0.32895664308040623,0.3288488437060401,1.0003278082816112,0.8939884249626582,0.9995505613148454,0.1332155445273483
186060,3,NO_RENORM,0.3284832418123148,0.32837576974614485,1.0003272837890933,0.8924098155984076,0.9995516305207073,0.13321747925624475
186060,4,RENORM,0.3089710174028475,0.308682421480447,1.0009349282703413,0.8396745255561433,0.9984852255341152,0.13589536952899367
186060,4,NO_RENORM,0.30845123912178146,0.308163529723002,1.0009336257247479,0.8374800581262657,0.9984891669315703,0.13590386326764156
186061,1,RENORM,0.18807336818377995,0.18806833189258665,1.0000267790496231,1.0015436349891884,0.999974494481087,0.40711098326779377
186061,1,NO_RENORM,0.18807336818377995,0.18806833189258665,1.0000267790496231,1.0015168153206873,0.9999744944810871,0.40711098326779377
186061,2,RENORM,0.18573964654210495,0.18573657158951487,1.0000165554503497,0.9891159102207769,0.9999392075062584,0.4100639798867721
186061,2,NO_RENORM,0.18573462767196264,0.18573155277698147,1.0000165555875358,0.9890728086428089,0.999939206649042,0.4100640295468304
186061,3,RENORM,0.18602823701039134,0.18602228789813685,1.0000319806423237,0.9906527357129878,0.9999505046229081,0.40762773532173063
186061,3,NO_RENORM,0.18602012169420393,0.18601417303483844,1.0000319796027766,0.9905778410836542,0.9999505030106959,0.4076277754872041
186061,4,RENORM,0.18773861101059253,0.1877340829802082,1.0000241193837127,0.9997609587957933,0.9999728007726498,0.4086810638202513
186061,4,NO_RENORM,0.18772440854783817,0.18771988105229756,1.0000241183593035,0.9996612164947165,0.9999727995730986,0.4086811804968754
186062,1,RENORM,0.3096012708274739,0.30958580845219064,1.0000499453620293,1.0038762971341988,0.9999842987313968,0.487172044886068
186062,1,NO_RENORM,0.3096012708274739,0.30958580845219064,1.0000499453620293,1.0038261606731864,0.9999842987313968,0.487172044886068
186062,2,RENORM,0.3115476963034737,0.3115341902778707,1.0000433532691546,1.010187545128343,0.999955827293978,0.4889438741709969
186062,2,NO_RENORM,0.31153226031824427,0.31151875528276085,1.0000433522388408,1.0100937044130551,0.9999558255107726,0.4889439573317378
186062,3,RENORM,0.308024200048783,0.3080008883470471,1.0000756871249952,0.9987626747986079,0.9999788423094722,0.4868338626705086
186062,3,NO_RENORM,0.307996042498049,0.3079727346297249,1.0000756815967853,0.9985957991453639,0.9999788439337306,0.4868341540950068
186062,4,RENORM,0.30156715405229173,0.30153972183381816,1.0000909738136845,0.9778258246104349,0.9999133291057477,0.48340805900918815
186062,4,NO_RENORM,0.3015178208065864,0.30149039678109407,1.000090961522437,0.9775769406023617,0.9999133456610431,0.4834086827271901
186063,1,RENORM,0.31129904961619825,0.31126206250419985,1.00011882948953,1.004582129798841,0.9999606416372133,0.14247586759181555
186063,1,NO_RENORM,0.31129904961619825,0.31126206250419985,1.00011882948953,1.0044627700006272,0.9999606416372132,0.14247586759181555
186063,2,RENORM,0.3158954245894353,0.31587791180837144,1.0000554416133836,1.0194149285679395,0.9999379440153185,0.14189661719915458
186063,2,NO_RENORM,0.31585818469879595,0.3158406740943308,1.0000554412585216,1.0192382451856823,0.9999379444376193,0.14189644675061425
186063,3,RENORM,0.3205988913925105,0.3205671689993035,1.000098957086919,1.034593319585506,0.9999083670476767,0.1400458781089378
186063,3,NO_RENORM,0.32054409718281157,0.32051238502126106,1.0000989420784705,1.034314157940849,0.9999083689585864,0.14004605633142408
186063,4,RENORM,0.3222311576073457,0.322173571242525,1.0001787432923117,1.0398607480357998,0.9998823115837442,0.14262225201105608
186063,4,NO_RENORM,0.32214478316341505,0.32208722076525254,1.0001787168023144,1.0393962545541628,0.9998823281379421,0.14262332283788012
