seed,eps,align,sigmaA,sigmaB,uA_vs_base,vA_vs_base,uB_vs_base,vB_vs_base
184000,0.001,0.9999774353537593,0.04896616810629753,0.04923421938858031,0.9999999999999989,0.9999999999999989,0.9999999999999989,0.9999999999999986
184000,0.0001,0.9999774353505152,0.048966169394854334,0.049234220712222276,0.999999999999999,0.999999999999999,0.999999999999999,0.999999999999999
184000,1e-05,0.9999774353507347,0.04896616940934393,0.04923422072728403,0.9999999999999991,0.999999999999999,0.999999999999999,0.9999999999999989
184001,0.001,0.9998531043422798,0.06408259231585835,0.06513348234415821,0.9999999999999953,0.9999999999999922,0.999999999999995,0.9999999999999916
184001,0.0001,0.9998531042756765,0.06408259910104815,0.06513348950190548,0.999999999999999,0.999999999999999,0.9999999999999991,0.999999999999999
184001,1e-05,0.9998531042752583,0.06408259916892708,0.06513348957393,0.9999999999999991,0.999999999999999,0.999999999999999,0.9999999999999991
184002,0.001,0.9998267472079095,0.08437184163929948,0.08700800542947061,0.9999999999999969,0.9999999999999944,0.9999999999999964,0.9999999999999931
184002,0.0001,0.9998267472443086,0.08437184753168281,0.08700801214035564,0.999999999999999,0.999999999999999,0.9999999999999991,0.9999999999999991
184002,1e-05,0.9998267472444033,0.0843718475897454,0.08700801220947127,0.999999999999999,0.999999999999999,0.9999999999999992,0.9999999999999991
184003,0.001,0.9999289262257397,0.08720347172308225,0.08760069362742642,0.999999999999998,0.9999999999999981,0.9999999999999979,0.9999999999999984
184003,0.0001,0.9999289262298684,0.08720348170337433,0.08760070372050577,0.9999999999999991,0.999999999999999,0.999999999999999,0.9999999999999991
184003,1e-05,0.999928926229678,0.08720348180301593,0.08760070382184156,0.9999999999999991,0.9999999999999989,0.999999999999999,0.9999999999999992
184004,0.001,0.9999676160400898,0.07975640492392595,0.07990047484863448,0.9999999999999987,0.9999999999999986,0.9999999999999988,0.9999999999999986
184004,0.0001,0.9999676160346299,0.0797564096117573,0.07990047959172726,0.9999999999999991,0.9999999999999991,0.999999999999999,0.999999999999999
184004,1e-05,0.9999676160347281,0.07975640965909563,0.07990047963938476,0.9999999999999991,0.9999999999999992,0.999999999999999,0.9999999999999989
184005,0.001,0.9999484496982879,0.06606963375417535,0.06550067381544121,0.9999999999999982,0.9999999999999983,0.9999999999999983,0.9999999999999983
184005,0.0001,0.9999484496919686,0.06606963729994428,0.06550067703808968,0.999999999999999,0.9999999999999991,0.999999999999999,0.999999999999999
184005,1e-05,0.9999484496916874,0.06606963733626996,0.06550067707110817,0.9999999999999991,0.999999999999999,0.9999999999999991,0.9999999999999991
184006,0.001,0.9999723836694887,0.09808818789918243,0.09872401671246317,0.9999999999999989,0.9999999999999987,0.999999999999999,0.9999999999999986
184006,0.0001,0.9999723836644746,0.09808819423766547,0.09872402312205722,0.9999999999999991,0.999999999999999,0.9999999999999991,0.999999999999999
184006,1e-05,0.9999723836642936,0.09808819430099801,0.0987240231841071,0.9999999999999991,0.999999999999999,0.9999999999999991,0.9999999999999991
184007,0.001,0.9998632778239499,0.09516892295547268,0.0986910629675454,0.999999999999999,0.9999999999999989,0.9999999999999989,0.9999999999999989
184007,0.0001,0.9998632777974549,0.09516892753498023,0.09869106808077237,0.999999999999999,0.999999999999999,0.999999999999999,0.999999999999999
184007,1e-05,0.9998632777969154,0.09516892757981309,0.09869106813209857,0.9999999999999991,0.9999999999999991,0.9999999999999989,0.999999999999999
184008,0.001,0.9999463903662195,0.06607252933953338,0.0655254395660108,0.9999999999999989,0.9999999999999987,0.999999999999999,0.9999999999999987
184008,0.0001,0.9999463903614711,0.06607253274883541,0.06552544292629976,0.999999999999999,0.9999999999999991,0.999999999999999,0.999999999999999
184008,1e-05,0.9999463903615413,0.0660725327838987,0.06552544295939393,0.999999999999999,0.9999999999999991,0.9999999999999991,0.9999999999999991
184009,0.001,0.9997224306845772,0.10538650263435805,0.11255313696239645,0.9999999999999987,0.9999999999999967,0.9999999999999987,0.9999999999999971
184009,0.0001,0.9997224306209451,0.10538651456351071,0.11255315047474815,0.9999999999999991,0.999999999999999,0.9999999999999991,0.999999999999999
184009,1e-05,0.999722430620704,0.10538651468113872,0.11255315060946851,0.9999999999999991,0.999999999999999,0.999999999999999,0.999999999999999
184010,0.001,0.999839110897417,0.16574220713954974,0.16761254931150715,0.999999999999998,0.9999999999999963,0.9999999999999981,0.9999999999999962
184010,0.0001,0.9998391108839357,0.16574222548549383,0.1676125676915874,0.999999999999999,0.9999999999999991,0.9999999999999991,0.999999999999999
184010,1e-05,0.9998391108838961,0.16574222567232696,0.16761256788004741,0.999999999999999,0.9999999999999992,0.9999999999999991,0.9999999999999991
184011,0.001,0.9975457325173395,0.15250282919220046,0.11624188473818,0.9999999999999972,0.9999999999999954,0.999999999999996,0.9999999999999962
184011,0.0001,0.9975457314594508,0.15250284707300765,0.11624189193616878,0.999999999999999,0.9999999999999991,0.9999999999999991,0.9999999999999991
184011,1e-05,0.9975457314535163,0.15250284725316224,0.11624189200686567,0.999999999999999,0.999999999999999,0.9999999999999991,0.9999999999999992
184012,0.001,0.9999058241556158,0.08164056625918738,0.08218297367334267,0.9999999999999976,0.9999999999999972,0.9999999999999977,0.9999999999999971
184012,0.0001,0.9999058241411198,0.08164057516124487,0.08218298284004283,0.999999999999999,0.999999999999999,0.9999999999999991,0.999999999999999
184012,1e-05,0.9999058241409222,0.08164057525031429,0.08218298293099666,0.999999999999999,0.999999999999999,0.9999999999999991,0.999999999999999
184013,0.001,0.9998452731844265,0.07931210229211558,0.08171217263766159,0.9999999999999944,0.9999999999999946,0.999999999999989,0.9999999999999893
184013,0.0001,0.9998452731751312,0.07931210926243655,0.08171218081528425,0.999999999999999,0.999999999999999,0.999999999999999,0.999999999999999
184013,1e-05,0.9998452731743979,0.07931210933191263,0.08171218089849368,0.9999999999999991,0.999999999999999,0.9999999999999989,0.9999999999999991
184014,0.001,0.9998716857912403,0.08690155669281494,0.08772830549391429,0.9999999999999989,0.999999999999998,0.9999999999999988,0.9999999999999979
184014,0.0001,0.9998716857832269,0.0869015629307726,0.08772831198549368,0.9999999999999991,0.9999999999999991,0.999999999999999,0.9999999999999991
184014,1e-05,0.9998716857830362,0.08690156299326778,0.0877283120509866,0.9999999999999991,0.999999999999999,0.9999999999999991,0.9999999999999991
184015,0.001,0.9999523135722326,0.07496749941416359,0.07554786975773367,0.999999999999999,0.9999999999999989,0.9999999999999989,0.9999999999999988
184015,0.0001,0.9999523135712546,0.07496750254407474,0.07554787294411161,0.999999999999999,0.999999999999999,0.999999999999999,0.999999999999999
184015,1e-05,0.999952313571199,0.0749675025753845,0.07554787297514327,0.9999999999999991,0.999999999999999,0.9999999999999989,0.9999999999999991
