seed,u1_v1_abs_cos,u1_v1_angle_deg,sigma1,spectral_radius,sigma1_over_spectral_radius,normalized_nonnormality,finite_output_cos_u1,finite_output_cos_v1,finite_output_u1_minus_v1
172000,0.6284238574947804,51.06606690605163,0.0950540178649659,0.0591894274890334,1.6059289960622751,0.6596777266321292,0.999999068213299,0.6285211579505935,0.3714779102627055
172001,0.2432291342376764,75.92279481263199,0.0534147205674657,0.0280904766212937,1.9015241815787944,0.605110688137673,0.9999997099440476,0.2433990884751666,0.756600621468881
172002,0.2262828439212151,76.92167453445681,0.0755098340716047,0.0276947300691059,2.7265055078415377,0.783609678422819,0.9999999807029016,0.2263195581906676,0.773680422512234
172003,0.5584468608927518,56.05154426448129,0.1016512332019266,0.0562648399285633,1.8066564008888375,0.7702053348828892,0.9999999714411576,0.5584097273119457,0.4415902441292119
172004,0.2077023978414563,78.01225922511796,0.0829483566975166,0.0242934134562036,3.414438108792452,0.8435120888070866,0.9999986318781926,0.2085834843726875,0.7914151475055051
172005,0.2933150733326984,72.94347073824329,0.1058044122766982,0.0272854065447569,3.8776923518856408,0.7287993708807894,0.9999995798927696,0.2933240956394661,0.7066754842533034
172006,0.2956579638341203,72.80300405124629,0.1524637852595916,0.0439856381076633,3.4662174250241287,0.8973795762389447,0.9999998632955996,0.2954662597177311,0.7045336035778685
172007,0.1399837297919356,81.95309523807495,0.1623315732187261,0.0416669994690705,3.8959266394793097,0.8960461877764792,0.9999985206361516,0.1403179929933093,0.8596805276428422
172008,0.405705697913249,66.06464263687236,0.0648564617514792,0.0352808371596636,1.8382914628122071,0.6082208461552625,0.9999997954423197,0.40576753268659,0.5942322627557296
172009,0.5010335573378345,59.931596806364986,0.0903253592106193,0.0386259119275245,2.338465416171878,0.7067768595993441,0.9999968490582956,0.5017903156954412,0.4982065333628543
172010,0.3305849046688643,70.69571934070191,0.2145755246073718,0.0563464232568331,3.8081480989362793,1.10556781593206,0.9999997456053852,0.3302878485831561,0.6697118970222291
172011,0.3998469080242337,66.43139169042222,0.0899543433499362,0.0456512973518776,1.9704663080343856,0.9348244251483334,0.9999999872289752,0.3998285946234376,0.6001713926055376
172012,0.0894783250174074,84.86640376904126,0.1051999874333389,0.0432464712917545,2.4325681215381425,0.718125136142311,0.9999967632987828,0.0890990100724454,0.9108977532263376
172013,0.0274705776407137,88.42585381437193,0.0864003967923582,0.0276222400228945,3.127928680684212,0.7260937405941618,0.9999993254085476,0.0271266155993647,0.972872709809183
172014,0.5275726861094961,58.15840276195496,0.0722177489723064,0.027562180420941,2.620175467592349,0.6626160595853738,0.9999998839210528,0.5274271528310354,0.4725727310900175
172015,0.0562252393521062,86.77683133766216,0.166755323516365,0.0785127576046691,2.123926462448517,0.7428141002078263,0.9999530437893362,0.055799581242958,0.9441534625463782
172016,0.4780972527558655,61.438795835092456,0.07564462730763,0.0352832142094219,2.143926765249974,0.6680264536788766,0.9999996061988052,0.4780301522763946,0.5219694539224107
172017,0.2105484979665269,77.84550244549276,0.0997806563268775,0.0512359003088453,1.9474754171470947,0.697928876069469,0.99999973158927,0.2108187543496476,0.7891809772396225
172018,0.397888502694264,66.55375521897837,0.1218190480389286,0.0592498759778467,2.056021992087783,0.7723628467963045,0.999999595733758,0.3979134243999567,0.602086171333801
172019,0.1655634384537804,80.47003269105944,0.1034112641217531,0.0297070383206769,3.481035807254222,0.9597751827507875,0.9999990202971856,0.1656608715320605,0.8343381487651251
172020,0.6481073577860029,49.60094371064005,0.1299981695881802,0.0863256386579294,1.5059045216370113,0.8901782269374643,0.9999996858382296,0.6481492275881638,0.3518504582500656
172021,0.3868734365902405,67.23990515804877,0.0524994828327174,0.0212548135509859,2.4700043925005297,0.6114327142196196,0.9999998040285428,0.3869761195349154,0.6130236844936275
172022,0.1774316677010392,79.77980268820053,0.1058549174876448,0.0350196380939772,3.022730195085796,0.8094628675628528,0.9999998048760362,0.1774956949553335,0.8225041099207028
172023,0.0670053437039884,86.157998018984,0.1224154809384032,0.0312424815294827,3.918238083069008,0.9082962702065048,0.9999996804090062,0.0669623251003498,0.9330373553086564
172024,0.4349078521583072,64.22056948615877,0.0654414181730636,0.027374137461799,2.390629413050388,0.6157519602861048,0.9999998093797506,0.4348827742120387,0.565117035167712
172025,0.5370351371579819,57.51796505046592,0.1186833602434178,0.0659186162782728,1.800452845405596,0.7789269121156397,0.9999999679506072,0.5370695984973743,0.4629303694532327
172026,0.2740505351711775,74.09455974330578,0.0547150834505507,0.0206266912308253,2.6526350173303457,0.6387813356949537,0.9999999937389924,0.2740490963156696,0.7259508974233229
172027,0.3530571341086708,69.32558248532453,0.0660848654320509,0.0250904795131817,2.6338621945160283,0.6555444214341797,0.9999992930867684,0.3530524115591066,0.6469468815276618
172028,0.594483873480351,53.52415264895375,0.1466641703739279,0.0779313883800156,1.881965321325341,0.7512087954470384,0.9999989808982984,0.594898530987478,0.4051004499108203
172029,0.2238113497567406,77.06700889674761,0.0841229796671246,0.018367622400315,4.579960205719246,0.8561825688028522,0.9999997928346138,0.223566591026488,0.7764332018081258
172030,0.0757215857215444,85.65731597465177,0.0799802903518827,0.0273093704625311,2.9286757254845552,0.8019730467202634,0.9999999823542388,0.0758106337127012,0.9241893486415376
172031,0.5224497698351419,58.5032788646721,0.0740688706623677,0.0412373478221244,1.7961599029563906,0.6541431106528129,0.9999994263155556,0.5222809280356359,0.4777184982799198
172032,0.2001950573844363,78.45163431393598,0.0951092962343372,0.0276086607452748,3.444907998683396,0.7358722948270855,0.9999998705304036,0.2003606534283567,0.7996392171020469
172033,0.4028877886972882,66.24116733226131,0.0533359388989602,0.0277155790763391,1.9244028332242704,0.6070042960620806,0.9999999873204956,0.4029024397657668,0.5970975475547288
172034,0.4097770746063888,65.80916825246123,0.1217761801493527,0.0554139032252542,2.197574490545046,0.8372020420355953,0.9999987838918832,0.4103190083048556,0.5896797755870278
172035,0.4046582312056497,66.13028807494894,0.059099679798719,0.0131429078550089,4.496697416636828,0.6504437368892263,0.9999999694813796,0.4046999133205261,0.5953000561608535
172036,0.0419171350018036,87.59762120947897,0.13168602583331,0.0459400746814721,2.866473917301155,0.967759140476938,0.9999994561304444,0.042207512843284,0.9577919432871604
172037,0.2185073770118549,77.37862081549355,0.1391179314649327,0.0607946018139657,2.2883270440793035,0.7631816211861389,0.9999987041738068,0.2188906727167386,0.7811080314570681
172038,0.5455351641324897,56.93875753557944,0.1681155738702835,0.107123404814881,1.5693636153630572,0.8777592595347018,0.9999995812604447,0.5455514385022292,0.4544481427582156
172039,0.5895698289587304,53.87351210032034,0.0486183132663692,0.030411602566511,1.5986764643539588,0.5648732372822598,0.9999999751133186,0.5896155505387533,0.4103844245745653
172040,0.4478277724698115,63.39559872893345,0.0661592806744215,0.0313945468993728,2.1073494351256574,0.6566802688038944,0.9999985640655444,0.4484091278166895,0.5515894362488549
172041,0.6253806379631335,51.2898692761654,0.1255856591085397,0.0821039427487287,1.5295935238199343,0.7627825196159089,0.9999999166724464,0.6253544497627936,0.3746454669096526
172042,0.0859655862280783,85.06844786314724,0.0926130141217178,0.0308482338113609,3.0022144764607845,0.8540773259254985,0.9999999802670048,0.0859040567441101,0.9140959235228946
172043,0.2045612359133198,78.19618457186894,0.0588828415205588,0.0279532426992951,2.106476237980127,0.5960595688880344,0.9999999533020172,0.204559983976224,0.7954399693257933
172044,0.0733927895827213,85.7911186031362,0.1001831173094945,0.0222247938259227,4.507718635960427,0.8073728917227501,0.9999998840068912,0.0732578487402664,0.9267420352666248
172045,0.132951617402047,82.35981151732649,0.0713533577538587,0.021755971906272,3.279713637306404,0.7813624798194659,0.9999999870972774,0.1328899954949229,0.8671099916023545
172046,0.0115288332591564,89.33943187786436,0.064105532614864,0.0225860054715606,2.8382855346236573,0.7694566011510379,0.9999999627333362,0.0116674752522499,0.9883324874810864
172047,0.5523334669397154,56.47275370344705,0.0839837091235516,0.0443030040531559,1.89566624021215,0.7878249141375134,0.9999996279319292,0.5522630988552363,0.447736529076693
172048,0.3096498011408546,71.96187284446172,0.0945951268652354,0.0496264899253651,1.9061418006290205,0.7323319662863012,0.999983754695296,0.3119269273856086,0.6880568273096874
172049,0.3845545808963594,67.38390911302342,0.051244592237064,0.0226268612383158,2.264768042607925,0.688567468861264,0.9999999673417208,0.3844954897280585,0.6155044776136624
172050,0.0114675558368727,89.34294304765207,0.0983903429687145,0.0310513623903699,3.168632079062185,0.7360645365598247,0.9999957910793512,0.0114454641456937,0.9885503269336574
172051,0.5615389394352421,55.83770739200791,0.0815536892771642,0.0451152718353208,1.8076736758862637,0.6783715064902545,0.9999999844557854,0.5615741786541899,0.4384258058015955
172052,0.2383754361415856,76.20932289253392,0.1449965217599479,0.0354671444510455,4.088192720450874,0.9986279381402244,0.9999995008916512,0.2380685955822653,0.7619309053093858
172053,0.0057669822175663,89.66957442683562,0.0627627435565809,0.0166719263401841,3.764576586767963,0.682284723186143,0.9999999064287014,0.005992537814417,0.9940073686142844
172054,0.3532240302719013,69.31536150449641,0.0640947222652878,0.0220440037264914,2.907580812475496,0.6626162611387921,0.9999995342426858,0.3528002605859529,0.6471992736567329
172055,0.5055563180586484,59.631711039531474,0.0772235870774302,0.0197378065141738,3.912470568701312,0.6773810630351941,0.9999999770428802,0.5055960496306253,0.4944039274122549
172056,0.6012385920225197,53.041343136689015,0.1020735249771498,0.0577733643955895,1.7667921202965386,0.7405390607779908,0.999999624807523,0.6010636922003002,0.3989359326072228
172057,0.055453751333612,86.82110342133214,0.0620139961302388,0.0182815625415633,3.392160598375871,0.7222943273033963,0.9999999575289772,0.0553390500808811,0.9446609074480962
172058,0.4780174439434193,61.44400198231264,0.1347634713054278,0.0575001006696438,2.3437084411327214,0.8856667700440455,0.9999998868340668,0.4779688920814761,0.5220309947525907
172059,0.0706679061240381,85.94764957275063,0.077985157597522,0.0317597271884789,2.4554731573956707,0.6967273284525274,0.9999996918797572,0.0702028583338754,0.929796833545882
172060,0.4506508650472791,63.21454955317572,0.096574783772036,0.0518654654066346,1.862024817764004,0.738855417001545,0.9999993315140704,0.4504606237296642,0.549538707784406
172061,0.0674565379615511,86.13208786881087,0.0715194101469227,0.0195094608060317,3.6658834838125,0.7547720148273205,0.9999999952602712,0.0674545870127887,0.9325454082474826
172062,0.3892606561434032,67.0914969098296,0.1406428815509769,0.0527321537188789,2.6671180983950973,0.8260998054781318,0.9999988914560606,0.3899978079165254,0.6100010835395352
172063,0.3160607832172175,71.57513581658476,0.0549967939991078,0.0208106650099929,2.6427216032114624,0.6414079626985973,0.999999989227478,0.3160757498332803,0.6839242393941976
