seed,M_diff,M_absdiff,M_ratio,THETA_diff,THETA_absdiff,THETA_ratio,R_diff,R_absdiff,R_ratio,KB_diff,KB_absdiff,KB_ratio,GH_diff,GH_absdiff,GH_ratio,FASTCTX_diff,FASTCTX_absdiff,FASTCTX_ratio,ALL_SLOW_diff,ALL_SLOW_absdiff,ALL_SLOW_ratio,ALL_NONX_diff,ALL_NONX_absdiff,ALL_NONX_ratio
174000,2.3430560746794116e-05,2.3430560746794116e-05,1.0004882819433716,4.2898884579367635e-07,4.2898884579367635e-07,1.0000089399271785,0.0,0.0,0.9999999999999791,-4.200410158583523e-11,4.200410158583523e-11,0.9999999991246333,8.787007409888359e-08,8.787007409888359e-08,1.0000018311712862,-1.7735593980244824e-07,1.7735593980244824e-07,0.9999963039850227,2.3946416281193927e-05,2.3946416281193927e-05,1.000499032131793,2.377142244869984e-05,2.377142244869984e-05,1.0004953853420497
174001,-2.7644662394799013e-05,2.7644662394799013e-05,0.9994985134710842,-1.1676547270050852e-07,1.1676547270050852e-07,0.9999978818221302,0.0,0.0,0.9999999999999819,-9.201359812971432e-11,9.201359812971432e-11,0.9999999983308141,2.0283936510295808e-07,2.0283936510295808e-07,1.000003679596704,2.089504880994908e-07,2.089504880994908e-07,1.0000037904552057,-2.7558009605001266e-05,2.7558009605001266e-05,0.999500085391412,-2.7345633519602897e-05,2.7345633519602897e-05,0.9995039379885017
174002,4.755342949999686e-05,4.755342949999686e-05,1.0007932499056653,1.3224856960231124e-07,1.3224856960231124e-07,1.0000022060693765,0.0,0.0,0.9999999999999833,-3.91625898377157e-10,3.91625898377157e-10,0.9999999934671799,4.968336366970028e-07,4.968336366970028e-07,1.0000082877983523,-1.286275372401613e-06,1.286275372401613e-06,0.9999785433389482,4.81811402203991e-05,4.81811402203991e-05,1.0008037208953497,4.69022638713984e-05,4.69022638713984e-05,1.0007823876591586
174003,-4.969544485991517e-07,4.969544485991517e-07,0.9999720476149159,-6.338892299950771e-09,6.338892299950771e-09,0.9999996434538686,0.0,0.0,0.9999999999999438,1.8865985162985766e-12,1.8865985162985766e-12,1.00000000010606,-1.2901325299741195e-08,1.2901325299741195e-08,0.999999274334215,4.0387780800288375e-08,4.0387780800288375e-08,1.000002271706742,-5.16210749600815e-07,5.16210749600815e-07,0.9999709644984626,-4.7582536660123465e-07,4.7582536660123465e-07,0.9999732360703909
174004,-3.347547124984973e-07,3.347547124984973e-07,0.9999815156924414,-8.618359800122155e-09,8.618359800122155e-09,0.9999995241159415,0.0,0.0,0.9999999999999448,-4.148698745654045e-12,4.148698745654045e-12,0.9999999997708642,1.0856156008876017e-09,1.0856156008876017e-09,1.000000059944889,6.410906899095847e-09,6.410906899095847e-09,1.000000353993989,-3.422840644008718e-07,3.422840644008718e-07,0.9999810999406964,-3.3590173280015345e-07,3.3590173280015345e-07,0.9999814523568851
174005,1.5995369019500272e-05,1.5995369019500272e-05,1.0003095549873704,8.526280430298794e-08,8.526280430298794e-08,1.000001650072966,0.0,0.0,0.9999999999999807,2.063050424938595e-11,2.063050424938595e-11,1.0000000003992384,-3.096097919708107e-08,3.096097919708107e-08,0.9999994008187105,1.2085425120378357e-07,1.2085425120378357e-07,1.0000023388666965,1.6050014702499726e-05,1.6050014702499726e-05,1.0003106125336947,1.617044771060061e-05,1.617044771060061e-05,1.000312943248182
174006,-7.682717146090257e-05,7.682717146090257e-05,0.9985359325007355,-3.9640488540271246e-07,3.9640488540271246e-07,0.9999924458560729,0.0,0.0,0.9999999999999809,-7.910998245375112e-12,7.910998245375112e-12,0.9999999998492239,-1.0886434302637138e-08,1.0886434302637138e-08,0.9999997925411569,-2.0474187650137976e-07,2.0474187650137976e-07,0.9999960983084125,-7.72297349185963e-05,7.72297349185963e-05,0.9985282609951525,-7.745822260379898e-05,7.745822260379898e-05,0.9985239067883331
174007,-1.8114038462004045e-06,1.8114038462004045e-06,0.9998935474574616,-1.7739665101462743e-08,1.7739665101462743e-08,0.9999989574756821,0.0,0.0,0.9999999999999413,-7.117299805070587e-12,7.117299805070587e-12,0.999999999581672,-1.065694599927669e-08,1.065694599927669e-08,0.9999993737127668,-3.1791214799570255e-08,3.1791214799570255e-08,0.9999981316945101,-1.8398217340002965e-06,1.8398217340002965e-06,0.9998918773956393,-1.8717278810996552e-06,1.8717278810996552e-06,0.9998900023358692
174008,8.004751352500006e-06,8.004751352500006e-06,1.000329199550355,2.982877049875765e-08,2.982877049875765e-08,1.000001226723614,0.0,0.0,0.9999999999999589,-6.460619886294872e-11,6.460619886294872e-11,0.9999999973429955,1.3487034149911592e-07,1.3487034149911592e-07,1.0000055466126927,1.677240120054324e-08,1.677240120054324e-08,1.000000689773656,8.165499226300138e-06,8.165499226300138e-06,1.000335810390024,8.175434035900125e-06,8.175434035900125e-06,1.0003362189642206
174009,4.714977642900076e-06,4.714977642900076e-06,1.000085420684396,2.1420768729629724e-07,2.1420768729629724e-07,1.0000038807749594,0.0,0.0,0.9999999999999819,6.07211017578102e-11,6.07211017578102e-11,1.0000000011000587,6.447117266022984e-07,6.447117266022984e-07,1.0000116801650023,7.05643568597869e-07,7.05643568597869e-07,1.0000127840598751,5.574389745896524e-06,5.574389745896524e-06,1.000100990550383,6.2838922052985136e-06,6.2838922052985136e-06,1.0001138445213382
174010,-1.7154904537901305e-05,1.7154904537901305e-05,0.9992728061451152,5.861817999747165e-09,5.861817999747165e-09,1.0000002484815518,0.0,0.0,0.9999999999999576,-2.265920090449569e-11,2.265920090449569e-11,0.9999999990394375,-1.3857040179893199e-07,1.3857040179893199e-07,0.9999941260212113,1.2014052249917362e-07,1.2014052249917362e-07,1.0000050927388584,-1.7289106498098727e-05,1.7289106498098727e-05,0.9992671173439593,-1.7166838409000962e-05,1.7166838409000962e-05,0.9992723002700922
174011,7.29055263193959e-05,7.29055263193959e-05,1.0018841138556676,1.3530559930113872e-07,1.3530559930113872e-07,1.0000034967329006,0.0,0.0,0.9999999999999741,4.1712770043611513e-10,4.1712770043611513e-10,1.0000000107798988,3.461845874963565e-07,3.461845874963565e-07,1.000008946525853,-1.1491270820312982e-07,1.1491270820312982e-07,0.9999970302851028,7.33838234986961e-05,7.33838234986961e-05,1.0018964745968646,7.326995710199569e-05,7.326995710199569e-05,1.0018935319220557
174012,-1.8289842266053236e-06,1.8289842266053236e-06,0.9999465411942438,-4.633651802532501e-09,4.633651802532501e-09,0.999999864564417,0.0,0.0,0.9999999999999708,3.1039754100348205e-13,3.1039754100348205e-13,1.0000000000090432,-1.0145392900784422e-08,1.0145392900784422e-08,0.999999703463467,-2.793279910151547e-08,2.793279910151547e-08,0.9999991835609557,-1.8437535113033365e-06,1.8437535113033365e-06,0.9999461095074583,-1.8716393100984274e-06,1.8716393100984274e-06,0.9999452944422005
174013,4.226719156199404e-06,4.226719156199404e-06,1.000263508211005,-6.742536400733412e-09,6.742536400733412e-09,0.9999995796470258,0.0,0.0,0.9999999999999377,-4.002298492622458e-12,4.002298492622458e-12,0.9999999997504206,-1.714147501025165e-09,1.714147501025165e-09,0.9999998931340862,1.2702788501628426e-08,1.2702788501628426e-08,1.0000007919354674,4.218312603099933e-06,4.218312603099933e-06,1.0002629841175683,4.230999179101469e-06,4.230999179101469e-06,1.0002637750423549
174014,-1.7176932969500958e-05,1.7176932969500958e-05,0.9995751043921143,3.1291819302392554e-08,3.1291819302392554e-08,1.0000007740471586,0.0,0.0,0.9999999999999752,-1.8764295672824005e-11,1.8764295672824005e-11,0.999999999535814,-3.6463132040143176e-07,3.6463132040143176e-07,0.999990980331167,-1.7698887130185303e-07,1.7698887130185303e-07,0.9999956219311903,-1.7511604196399078e-05,1.7511604196399078e-05,0.9995668258283777,-1.7689204908195866e-05,1.7689204908195866e-05,0.9995624326248571
174015,7.3932861934002114e-06,7.3932861934002114e-06,1.0002508061307078,5.04034280285337e-09,5.04034280285337e-09,1.000000170986026,0.0,0.0,0.9999999999999661,4.810041254188491e-14,4.810041254188491e-14,1.0000000000015978,1.2759822018426625e-09,1.2759822018426625e-09,1.000000043285746,-3.6619816699834384e-08,3.6619816699834384e-08,0.9999987577276809,7.399614395199594e-06,7.399614395199594e-06,1.0002510208054503,7.363243280902182e-06,7.363243280902182e-06,1.0002497869700204
174016,1.246489514002136e-07,1.246489514002136e-07,1.000007564916462,-1.7129726977149762e-09,1.7129726977149762e-09,0.9999998960400157,0.0,0.0,0.9999999999999394,-1.9002993623118414e-12,1.9002993623118414e-12,0.9999999998846106,-6.111953998466646e-10,6.111953998466646e-10,0.9999999629066295,3.576650087211419e-11,3.576650087211419e-11,1.0000000021706001,1.223157532030672e-07,1.223157532030672e-07,1.0000074233151939,1.2232741310180817e-07,1.2232741310180817e-07,1.0000074240228305
174017,1.2624877687994474e-06,1.2624877687994474e-06,1.0000779074861048,-1.066818730230401e-08,1.066818730230401e-08,0.9999993416714577,0.0,0.0,0.9999999999999384,2.133699467110617e-12,2.133699467110617e-12,1.0000000001316078,-1.5079513020210822e-09,1.5079513020210822e-09,0.9999999069450208,6.231492499092495e-09,6.231492499092495e-09,1.000000384542211,1.2503086062008728e-06,1.2503086062008728e-06,1.0000771559160975,1.2564845028976979e-06,1.2564845028976979e-06,1.000077537027581
174018,0.00013661217540810594,0.00013661217540810594,1.0023262839379863,6.618509050052013e-07,6.618509050052013e-07,1.0000112702482244,0.0,0.0,0.999999999999983,5.632520144738251e-11,5.632520144738251e-11,1.00000000095911,5.158647011019313e-07,5.158647011019313e-07,1.0000087843397738,1.8846375118009018e-06,1.8846375118009018e-06,1.0000320923223516,0.00013779340762760245,0.00013779340762760245,1.0023463984082452,0.0001396615174317009,0.0001396615174317009,1.0023782092905382
174019,4.1450394160091886e-07,4.1450394160091886e-07,1.0000228778925038,3.2390180121355527e-10,3.2390180121355527e-10,1.0000000178771948,0.0,0.0,0.9999999999999448,-4.8797771379227584e-14,4.8797771379227584e-14,0.9999999999972515,-9.765578970477584e-10,9.765578970477584e-10,0.999999946100369,-2.271227997341363e-10,2.271227997341363e-10,0.9999999874642594,4.1381116490032954e-07,4.1381116490032954e-07,1.0000228396557844,4.1363470790201085e-07,4.1363470790201085e-07,1.0000228299165181
174020,7.366962784499664e-06,7.366962784499664e-06,1.0002279299744783,4.1490647501030153e-08,4.1490647501030153e-08,1.0000012836988967,0.0,0.0,0.9999999999999691,2.617379923908203e-11,2.617379923908203e-11,1.0000000008097727,5.6626468104836736e-08,5.6626468104836736e-08,1.000001751993268,8.441834590394715e-08,8.441834590394715e-08,1.0000026118594276,7.464782200101994e-06,7.464782200101994e-06,1.0002309564560226,7.549002244700009e-06,7.549002244700009e-06,1.0002335621801426
174021,6.062716894003617e-07,6.062716894003617e-07,1.0000276884644879,-1.8200178600324968e-08,1.8200178600324968e-08,0.9999991687967026,0.0,0.0,0.9999999999999544,-1.0096701252848561e-11,1.0096701252848561e-11,0.9999999995388374,2.2708913985369783e-09,2.2708913985369783e-09,1.0000001037117012,3.577463984771878e-10,3.577463984771878e-10,1.0000000163382539,5.902803665996936e-07,5.902803665996936e-07,1.0000269581398133,5.904414684988757e-07,5.904414684988757e-07,1.0000269654973468
174022,-6.49831419846994e-05,6.49831419846994e-05,0.9985135024239531,-1.4549247560197154e-07,1.4549247560197154e-07,0.9999966718412315,0.0,0.0,0.9999999999999771,1.9899300263137576e-10,1.9899300263137576e-10,1.0000000045519672,-2.3644112410320384e-07,2.3644112410320384e-07,0.9999945913794163,2.1099699359927726e-07,2.1099699359927726e-07,1.000004826582841,-6.536457420710379e-05,6.536457420710379e-05,0.9985047771137155,-6.51537730297011e-05,6.51537730297011e-05,0.9985095992172591
174023,-4.4323649034949675e-06,4.4323649034949675e-06,0.9999406989704893,-8.331046109921747e-08,8.331046109921747e-08,0.9999988853814435,0.0,0.0,0.9999999999999867,6.159869836430687e-11,6.159869836430687e-11,1.0000000008241214,2.699060255018093e-07,2.699060255018093e-07,1.0000036110982442,1.4950851209838412e-07,1.4950851209838412e-07,1.0000020002885186,-4.250148145701349e-06,4.250148145701349e-06,0.9999431368657358,-4.111001659201641e-06,4.111001659201641e-06,0.9999449985197467
174024,1.57826292662977e-05,1.57826292662977e-05,1.0002322799318912,-9.507637979688788e-08,9.507637979688788e-08,0.9999986007188736,0.0,0.0,0.9999999999999853,4.410889986594668e-10,4.410889986594668e-10,1.0000000064916872,3.7055964650922757e-07,3.7055964650922757e-07,1.0000054536901155,-1.1899756716948762e-06,1.1899756716948762e-06,0.9999824866019749,1.6059436066501176e-05,1.6059436066501176e-05,1.0002363538199373,1.4901956488108659e-05,1.4901956488108659e-05,1.0002193186812975
174025,-9.060929302001641e-07,9.060929302001641e-07,0.9999537839407082,-1.2490077902493901e-08,1.2490077902493901e-08,0.999999362932645,0.0,0.0,0.999999999999949,-6.449190140256356e-11,6.449190140256356e-11,0.9999999967104835,7.198886972648033e-10,7.198886972648033e-10,1.0000000367184991,-3.094404280035157e-08,3.094404280035157e-08,0.9999984216720893,-9.176674776005533e-07,9.176674776005533e-07,0.9999531935708349,-9.487407101015088e-07,9.487407101015088e-07,0.999951608653542
174026,8.024103649950654e-05,8.024103649950654e-05,1.0011671598356122,3.520885411001373e-08,3.520885411001373e-08,1.0000005121364455,0.0,0.0,0.9999999999999855,-4.937339426192011e-11,4.937339426192011e-11,0.9999999992818163,-1.5063075189947206e-08,1.5063075189947206e-08,0.9999997808974274,4.23005221503181e-07,4.23005221503181e-07,1.0000061528953907,8.026102015899761e-05,8.026102015899761e-05,1.001167450511378,8.068129840969884e-05,8.068129840969884e-05,1.0011735637411592
174027,-5.842814271679597e-05,5.842814271679597e-05,0.9990345271041887,-1.3337663960083512e-07,1.3337663960083512e-07,0.9999977960700881,0.0,0.0,0.9999999999999835,4.5687280347816994e-10,4.5687280347816994e-10,1.0000000075493987,-6.627763809996523e-08,6.627763809996523e-08,0.9999989048211843,4.365718510312977e-08,4.365718510312977e-08,1.0000007213959916,-5.8627412441399074e-05,5.8627412441399074e-05,0.9990312343498906,-5.859342550210145e-05,5.859342550210145e-05,0.9990317959537202
174028,6.52132110602055e-05,6.52132110602055e-05,1.001115686237817,8.363047130505175e-08,8.363047130505175e-08,1.0000014307739684,0.0,0.0,0.9999999999999829,-1.9278009744105873e-10,1.9278009744105873e-10,0.9999999967018459,-2.074882350933116e-07,2.074882350933116e-07,0.9999964502320042,-4.475840836987155e-07,4.475840836987155e-07,0.9999923426036619,6.509070939510198e-05,6.509070939510198e-05,1.0011135904443476,6.464409567270152e-05,6.464409567270152e-05,1.0011059496492447
174029,-1.2318330194299731e-05,1.2318330194299731e-05,0.9996806040122752,-3.763781300514246e-09,3.763781300514246e-09,0.9999999024107208,0.0,0.0,0.9999999999999741,7.996479867156125e-11,7.996479867156125e-11,1.0000000020733424,2.7485319596676216e-08,2.7485319596676216e-08,1.0000007126534476,6.696436619796353e-08,6.696436619796353e-08,1.0000017362864306,-1.229455423169823e-05,1.229455423169823e-05,0.9996812204876366,-1.2227633630998436e-05,1.2227633630998436e-05,0.9996829556393187
174030,1.3812279620196988e-05,1.3812279620196988e-05,1.0004848120688428,1.1713089409851052e-07,1.1713089409851052e-07,1.0000041113032876,0.0,0.0,0.9999999999999649,1.983798542104509e-12,1.983798542104509e-12,1.0000000000695963,-1.966565870217818e-08,1.966565870217818e-08,0.9999993097338435,-7.080724770056057e-08,7.080724770056057e-08,0.9999975146601664,1.3910815757897654e-05,1.3910815757897654e-05,1.0004882706947966,1.3839851987600127e-05,1.3839851987600127e-05,1.000485779861043
174031,-1.692998318960151e-05,1.692998318960151e-05,0.9994194215330857,-2.979466080105242e-08,2.979466080105242e-08,0.9999989782542088,0.0,0.0,0.9999999999999657,-1.0711015407949276e-12,1.0711015407949276e-12,0.9999999999632345,-2.702994220116217e-08,2.702994220116217e-08,0.9999990730644674,-6.527527390137733e-08,6.527527390137733e-08,0.9999977615205755,-1.6986775180499736e-05,1.6986775180499736e-05,0.9994174739701946,-1.705209454920184e-05,1.705209454920184e-05,0.9994152339786652
174032,-3.2653959909992314e-07,3.2653959909992314e-07,0.9999807344316742,3.5807950979349634e-09,3.5807950979349634e-09,1.0000002112639121,0.0,0.0,0.999999999999941,5.1437985815194764e-12,5.1437985815194764e-12,1.0000000003034208,-5.8744075021044395e-09,5.8744075021044395e-09,0.9999996534147212,-2.351215320009481e-08,2.351215320009481e-08,0.999998612802205,-3.2893340110029534e-07,3.2893340110029534e-07,0.9999805931993214,-3.5264175200083736e-07,3.5264175200083736e-07,0.9999791944260822
174033,1.7558758471994396e-05,1.7558758471994396e-05,1.000369402138031,7.1861918499172e-08,7.1861918499172e-08,1.0000015118350203,0.0,0.0,0.999999999999979,6.278609576693128e-11,6.278609576693128e-11,1.0000000013208763,-9.146330480491738e-08,9.146330480491738e-08,0.9999980757898816,2.5330319259470047e-07,2.5330319259470047e-07,1.0000053290066435,1.7539640846796212e-05,1.7539640846796212e-05,1.0003689999403678,1.779043099069816e-05,1.779043099069816e-05,1.0003742760773742
174034,-4.867467985995855e-07,4.867467985995855e-07,0.9999663001563003,3.5743321011305618e-09,3.5743321011305618e-09,1.0000002474682927,0.0,0.0,0.9999999999999308,-4.1795993749316196e-12,4.1795993749316196e-12,0.9999999997105569,7.100257699496626e-09,7.100257699496626e-09,1.0000004915852374,1.805839409951826e-08,1.805839409951826e-08,1.0000012502702134,-4.7609036049958697e-07,4.7609036049958697e-07,0.9999670379532384,-4.5800807800013e-07,4.5800807800013e-07,0.9999682898774307
174035,1.174996282802404e-06,1.174996282802404e-06,1.0000581156999673,7.689296602220175e-09,7.689296602220175e-09,1.0000003803150725,0.0,0.0,0.9999999999999506,2.900110707138026e-14,2.900110707138026e-14,1.000000000001385,2.118783100357735e-09,2.118783100357735e-09,1.0000001047956548,-6.526273899770674e-09,6.526273899770674e-09,0.9999996772083114,1.184814400600337e-06,1.184814400600337e-06,1.0000586013072812,1.1784500414009635e-06,1.1784500414009635e-06,1.000058286523996
174036,3.523048169429971e-05,3.523048169429971e-05,1.0006804254822068,-1.4924857044684714e-09,1.4924857044684714e-09,0.9999999711747913,0.0,0.0,0.9999999999999807,9.60789781068172e-12,9.60789781068172e-12,1.0000000001855434,1.296603339973057e-08,1.296603339973057e-08,1.000000250420046,-8.054677740065852e-08,8.054677740065852e-08,0.9999984443561967,3.524170239419672e-05,3.524170239419672e-05,1.0006806421936956,3.516242096529565e-05,3.516242096529565e-05,1.0006791109882764
174037,0.0012306221390961103,0.0012306221390961103,1.0097296999902172,2.0475596379521122e-07,2.0475596379521122e-07,1.0000016188674214,0.0,0.0,0.9999999999999921,-2.991791092643581e-09,2.991791092643581e-09,0.999999976345916,7.195220828704052e-06,7.195220828704052e-06,1.000056887762533,1.099323481829062e-05,1.099323481829062e-05,1.0000869160998298,0.0012380106339474062,0.0012380106339474062,1.009788115840216,0.0012490150132992983,0.0012490150132992983,1.0098751200523708
174038,-1.9773303046997925e-05,1.9773303046997925e-05,0.999579508851616,-1.1464629250113045e-07,1.1464629250113045e-07,0.9999975619778094,0.0,0.0,0.9999999999999788,-3.8792996592817985e-12,3.8792996592817985e-12,0.9999999999174831,-9.299690399700022e-09,9.299690399700022e-09,0.9999998022364849,-2.525297349703637e-08,2.525297349703637e-08,0.9999994629803518,-1.9898440777897652e-05,1.9898440777897652e-05,0.9995768477227168,-1.9924189999201425e-05,1.9924189999201425e-05,0.9995763001500827
174039,9.719828369947336e-08,9.719828369947336e-08,1.0000047231599638,1.127274600054573e-09,1.127274600054573e-09,1.0000000547776502,0.0,0.0,0.9999999999999515,-5.652978085635141e-13,5.652978085635141e-13,0.9999999999724819,-3.526419999760888e-09,3.526419999760888e-09,0.9999998286404861,4.711512201216461e-09,4.711512201216461e-09,1.0000002289466488,9.481046769899137e-08,9.481046769899137e-08,1.0000046071287272,9.952292260098639e-08,9.952292260098639e-08,1.000004836121233
174040,-0.0002380943632919047,0.0002380943632919047,0.9974254864659416,7.591530589989848e-07,7.591530589989848e-07,1.0000082087194135,0.0,0.0,0.9999999999999892,8.438186954728977e-10,8.438186954728977e-10,1.0000000091241978,-2.193602381406201e-06,2.193602381406201e-06,0.9999762805849591,1.8716326653928084e-06,1.8716326653928084e-06,1.0000202379575838,-0.0002396280392217981,0.0002396280392217981,0.9974089028333695,-0.00023763036981611085,0.00023763036981611085,0.9974305036258048
174041,-5.0033436322996505e-06,5.0033436322996505e-06,0.9998843791658589,2.1068860080186713e-07,2.1068860080186713e-07,1.0000048687424727,0.0,0.0,0.9999999999999769,1.8123495759692076e-11,1.8123495759692076e-11,1.0000000004187877,-1.5841377404290924e-08,1.5841377404290924e-08,0.9999996339261263,3.101376829656166e-08,3.101376829656166e-08,1.0000007166882605,-4.8076743099992325e-06,4.8076743099992325e-06,0.9998889008321521,-4.780106435300913e-06,4.780106435300913e-06,0.999889537890268
174042,9.874625599842757e-09,9.874625599842757e-09,1.0000006978321854,-1.1867675002441569e-09,1.1867675002441569e-09,0.9999999161319757,0.0,0.0,0.9999999999999294,5.22599324925821e-13,5.22599324925821e-13,1.0000000000368612,-6.859148995314035e-10,6.859148995314035e-10,0.9999999515268468,4.370889934712796e-11,4.370889934712796e-11,1.0000000030888039,7.997593200539943e-09,7.997593200539943e-09,1.000000565183738,8.055816100999147e-09,8.055816100999147e-09,1.000000569298306
174043,-2.8966183066997386e-06,2.8966183066997386e-06,0.9999445876166879,-5.7590593696699166e-08,5.7590593696699166e-08,0.9999988982904306,0.0,0.0,0.9999999999999809,4.465660480290623e-11,4.465660480290623e-11,1.0000000008542629,7.319351440215893e-08,7.319351440215893e-08,1.0000014001938087,-1.5727740096393994e-08,1.5727740096393994e-08,0.9999996991279051,-2.880652879594381e-06,2.880652879594381e-06,0.9999448930357223,-2.896507153994643e-06,2.896507153994643e-06,0.999944589743042
174044,-9.161776218027939e-07,9.161776218027939e-07,0.9999722738785572,7.33347330084122e-09,7.33347330084122e-09,1.000000221931576,0.0,0.0,0.9999999999999698,-4.068502479359637e-12,4.068502479359637e-12,0.9999999998768454,-4.943514701760687e-09,4.943514701760687e-09,0.9999998503952582,1.365000590336507e-08,1.365000590336507e-08,1.0000004130876854,-9.13752880499219e-07,9.13752880499219e-07,0.9999723472580747,-9.000415103002646e-07,9.000415103002646e-07,0.9999727622028473
174045,-2.758890152797233e-06,2.758890152797233e-06,0.9999343422183166,4.7238069983412956e-09,4.7238069983412956e-09,1.0000001124200695,0.0,0.0,0.9999999999999762,6.752896852812995e-12,6.752896852812995e-12,1.000000000160686,-3.397098669727372e-08,3.397098669727372e-08,0.9999991915373323,-6.02430869772741e-09,6.02430869772741e-09,0.9999998566297356,-2.7882200850995464e-06,2.7882200850995464e-06,0.9999336442063681,-2.794248142097555e-06,2.794248142097555e-06,0.9999335007469231
174046,-1.3518218191996278e-06,1.3518218191996278e-06,0.9999349211586268,1.4175274981598207e-09,1.4175274981598207e-09,1.0000000682419685,0.0,0.0,0.9999999999999519,6.155978504729376e-13,6.155978504729376e-13,1.0000000000295877,-1.0623273899446062e-08,1.0623273899446062e-08,0.9999994885787374,-1.0097353994598102e-09,1.0097353994598102e-09,0.9999999513896921,-1.3611411028013887e-06,1.3611411028013887e-06,0.9999344725135686,-1.3621209332993767e-06,1.3621209332993767e-06,0.999934425342978
174047,5.671096472398274e-06,5.671096472398274e-06,1.0001730389480668,-2.4030586597001413e-08,2.4030586597001413e-08,0.999999266768319,0.0,0.0,0.9999999999999695,1.3641698881627917e-11,1.3641698881627917e-11,1.0000000004162108,-3.4332854302598914e-08,3.4332854302598914e-08,0.9999989524210714,5.136904498992401e-09,5.136904498992401e-09,1.000000156739421,5.61288595120335e-06,5.61288595120335e-06,1.0001712628034702,5.617728317898474e-06,5.617728317898474e-06,1.000171410555857
174048,1.4817822523993662e-06,1.4817822523993662e-06,1.000076793166918,-1.107172640027465e-08,1.107172640027465e-08,0.9999994262092089,0.0,0.0,0.9999999999999483,1.1642978248183056e-12,1.1642978248183056e-12,1.0000000000602878,1.0705812899386435e-08,1.0705812899386435e-08,1.0000005548272692,-2.7817600029012013e-09,2.7817600029012013e-09,0.9999998558356082,1.481394910896744e-06,1.481394910896744e-06,1.0000767730929967,1.4785643408996019e-06,1.4785643408996019e-06,1.0000766263990852
174049,0.00022928448193319795,0.00022928448193319795,1.0031768997363752,4.211670281972779e-07,4.211670281972779e-07,1.000005835569012,0.0,0.0,0.9999999999999861,-3.700581924226398e-10,3.700581924226398e-10,0.9999999948725664,6.278488407090999e-07,6.278488407090999e-07,1.0000086992926716,1.1905641458295757e-05,1.1905641458295757e-05,1.0001649611386183,0.00023038918410710207,0.00023038918410710207,1.003192206171488,0.00024292094851430246,0.00024292094851430246,1.0033658426893457
174050,2.963497938799492e-06,2.963497938799492e-06,1.000247178736342,1.69610518008928e-08,1.69610518008928e-08,1.000001414683321,0.0,0.0,0.9999999999999166,9.081799548504854e-12,9.081799548504854e-12,1.0000000007574092,-6.5799278005373996e-09,6.5799278005373996e-09,0.9999994511828522,1.2348512599610895e-08,1.2348512599610895e-08,1.0000010299617401,2.973869806700488e-06,2.973869806700488e-06,1.0002480438306514,2.9862909388007897e-06,2.9862909388007897e-06,1.000249079849505
174051,-3.0913433238001498e-06,3.0913433238001498e-06,0.999805012660077,-1.4077431401138263e-08,1.4077431401138263e-08,0.9999991120620364,0.0,0.0,0.9999999999999369,3.756397970455794e-12,3.756397970455794e-12,1.0000000002368727,1.5706116400504566e-08,1.5706116400504566e-08,1.0000009906675968,-4.677791360166439e-08,4.677791360166439e-08,0.9999970494700274,-3.089556965499285e-06,3.089556965499285e-06,0.9998051253351237,-3.1374325858007923e-06,3.1374325858007923e-06,0.9998021055670588
174052,-7.545930825698932e-06,7.545930825698932e-06,0.9998276561189483,3.4882865970753407e-09,3.4882865970753407e-09,1.000000079670049,0.0,0.0,0.9999999999999771,-2.3426899309342275e-11,2.3426899309342275e-11,0.9999999994649229,-8.42087759939103e-09,8.42087759939103e-09,0.9999998076729123,-2.6887473983383536e-09,2.6887473983383536e-09,0.999999938590832,-7.550987714398383e-06,7.550987714398383e-06,0.9998275406230811,-7.553737624801937e-06,7.553737624801937e-06,0.9998274778170149
174053,-6.197499336189904e-05,6.197499336189904e-05,0.9979562042851132,1.1719973450063925e-07,1.1719973450063925e-07,1.0000038649832799,0.0,0.0,0.999999999999967,8.975899884466898e-12,8.975899884466898e-12,1.000000000295972,3.205320629022512e-07,3.205320629022512e-07,1.0000105704255708,-3.7105768509876347e-07,3.7105768509876347e-07,0.9999877633531257,-6.153565657199961e-05,6.153565657199961e-05,0.997970692623068,-6.190976669770074e-05,6.190976669770074e-05,0.9979583553136095
174054,0.0001163198783437,0.0001163198783437,1.0020794310565189,1.4076379490496338e-07,1.4076379490496338e-07,1.0000025164108564,0.0,0.0,0.9999999999999821,-5.183833987065789e-10,5.183833987065789e-10,0.9999999907329287,-3.6823076129954835e-07,3.6823076129954835e-07,0.9999934172001037,5.899633647027391e-07,5.899633647027391e-07,1.0000105466766143,0.00011609211594880431,0.00011609211594880431,1.0020753593861889,0.00011668301297860367,0.00011668301297860367,1.0020859227537962
174055,2.7355150654002902e-06,2.7355150654002902e-06,1.0001174858899207,-1.812678700197079e-08,1.812678700197079e-08,0.9999992214841558,0.0,0.0,0.999999999999957,-4.5318991614973214e-12,4.5318991614973214e-12,0.9999999998053194,7.979933200341627e-09,7.979933200341627e-09,1.000000342725013,-1.4976609601785595e-08,1.4976609601785595e-08,0.9999993567791136,2.725152324200425e-06,2.725152324200425e-06,1.0001170408271653,2.7103951666974935e-06,2.7103951666974935e-06,1.00011640703143
174056,-1.5098605950204791e-05,1.5098605950204791e-05,0.9997144365433365,4.620864899052002e-09,4.620864899052002e-09,1.0000000873954769,0.0,0.0,0.9999999999999811,3.0144498008866094e-11,3.0144498008866094e-11,1.000000000570111,-4.233846703782795e-09,4.233846703782795e-09,0.9999999199242507,-2.2864185060533782e-07,2.2864185060533782e-07,0.9999956756433215,-1.5098178249205174e-05,1.5098178249205174e-05,0.9997144446325452,-1.532757509969951e-05,1.532757509969951e-05,0.9997101059963965
174057,-0.0010443734457875054,0.0010443734457875054,0.9767422830111064,4.939556104005538e-07,4.939556104005538e-07,1.0000110001645626,0.0,0.0,0.9999999999999778,1.7737381008409159e-09,1.7737381008409159e-09,1.0000000395003106,-2.271812402303286e-06,2.271812402303286e-06,0.9999494077811525,1.3944653027980758e-06,1.3944653027980758e-06,1.0000310541018358,-0.0010462251394166011,0.0010462251394166011,0.9767010466444127,-0.001044869266105003,0.001044869266105003,0.9767312413203508
174058,1.1375521342602002e-05,1.1375521342602002e-05,1.000377310852235,-2.030682979756171e-08,2.030682979756171e-08,0.9999993264495398,0.0,0.0,0.9999999999999668,3.2781845016316424e-09,3.2781845016316424e-09,1.000000108732969,8.085708830263272e-08,8.085708830263272e-08,1.0000026819216108,5.0399024901365275e-08,5.0399024901365275e-08,1.0000016716683209,1.1435440928100199e-05,1.1435440928100199e-05,1.0003792983048705,1.1482323223902663e-05,1.1482323223902663e-05,1.0003808533280165
174059,-6.291585975988501e-07,6.291585975988501e-07,0.9999713376737966,3.179493019908608e-08,3.179493019908608e-08,1.0000014484688509,0.0,0.0,0.9999999999999545,3.1258988453242154e-12,3.1258988453242154e-12,1.00000000014236,-1.2861180100076641e-08,1.2861180100076641e-08,0.9999994140883255,-8.480758329973415e-08,8.480758329973415e-08,0.9999961364548603,-6.099418436988913e-07,6.099418436988913e-07,0.9999722131237548,-6.962509385005644e-07,6.962509385005644e-07,0.9999682811749028
174060,6.843176173609855e-05,6.843176173609855e-05,1.001039966445378,1.9354426869511165e-07,1.9354426869511165e-07,1.0000029413175842,0.0,0.0,0.9999999999999848,1.524190496038358e-11,1.524190496038358e-11,1.000000000231618,-9.998675304934146e-07,9.998675304934146e-07,0.9999848048821744,5.199952853029988e-07,5.199952853029988e-07,1.0000079024364377,6.762869144580352e-05,6.762869144580352e-05,1.0010277620810009,6.815010299189572e-05,6.815010299189572e-05,1.0010356860405543
174061,5.436069322045656e-07,5.436069322045656e-07,1.0000170936879789,3.215366702058464e-09,3.215366702058464e-09,1.0000001011069855,0.0,0.0,0.9999999999999686,-6.6298980194723356e-12,6.6298980194723356e-12,0.9999999997914918,-7.205949600908035e-09,7.205949600908035e-09,0.9999997734093072,-1.5156808100269537e-08,1.5156808100269537e-08,0.9999995233950293,5.39595738202614e-07,5.39595738202614e-07,1.0000169675562194,5.244832510034603e-07,5.244832510034603e-07,1.0000164923449482
174062,0.00026337040315808913,0.00026337040315808913,1.0031051392291388,-1.0108667730657217e-07,1.0108667730657217e-07,0.9999988081872276,0.0,0.0,0.9999999999999882,6.957268927632043e-10,6.957268927632043e-10,1.0000000082026141,2.016688762929153e-07,2.016688762929153e-07,1.0000023776777058,6.431712752941188e-07,6.431712752941188e-07,1.0000075829946378,0.00026346822725908936,0.00026346822725908936,1.0031062925760978,0.00026409549769569607,0.00026409549769569607,1.0031136880997278
174063,-9.087259230031175e-07,9.087259230031175e-07,0.9999615031968392,-2.6655470192205044e-10,2.6655470192205044e-10,0.9999999887077697,0.0,0.0,0.9999999999999577,5.332029956450768e-11,5.332029956450768e-11,1.0000000022587918,-9.096362701271898e-09,9.096362701271898e-09,0.9999996146462716,-7.0709938009005935e-09,7.0709938009005935e-09,0.9999997004479703,-9.179595140025587e-07,9.179595140025587e-07,0.9999611120296833,-9.247919696003803e-07,9.247919696003803e-07,0.9999608225830071
