seed,q_index,condition,t,abs_cos_to_v,projection_on_v,x_norm_rel
166100,0,NATIVE,0,0.5094569354345263,0.29856489316480983,0.5860453993233908
166100,0,NATIVE,1,0.5206422881924477,0.27727575824652356,0.53256480415594
166100,0,NATIVE,3,0.5256859943206432,0.24253622476644557,0.461370908463842
166100,0,NATIVE,6,0.5174966223219948,0.2003380021686328,0.3871291009972372
166100,0,NATIVE,12,0.4708426118600386,0.12507896070002156,0.265649194761478
166100,0,NO_M,0,0.5094569354345263,0.29856489316480983,0.5860453993233908
166100,0,NO_M,1,0.5206668041373421,0.2770516066658421,0.5321092193016954
166100,0,NO_M,3,0.5255858200704681,0.24211914825209993,0.4606652976665646
166100,0,NO_M,6,0.5167850387451988,0.19987409586514215,0.3867644782256904
166100,0,NO_M,12,0.47199899897943143,0.12437217399062055,0.26350092745859666
166100,0,ALIGNED_M,0,0.5094569354345263,0.29856489316480983,0.5860453993233908
166100,0,ALIGNED_M,1,0.5197322616486774,0.27678747036928847,0.5325578009940355
166100,0,ALIGNED_M,3,0.5233977904709212,0.2416421275998972,0.4616796860805817
166100,0,ALIGNED_M,6,0.5138330922821575,0.19975566154932947,0.38875592979446916
166100,0,ALIGNED_M,12,0.4625037320309324,0.12637332453114147,0.27323741578517396
166100,0,ORTHOGONAL_M,0,0.5094569354345263,0.29856489316480983,0.5860453993233908
166100,0,ORTHOGONAL_M,1,0.5210031057726847,0.27740356148261636,0.5324412818445582
166100,0,ORTHOGONAL_M,3,0.5264310003698639,0.24276781713407067,0.46115790476528296
166100,0,ORTHOGONAL_M,6,0.5182764919289381,0.20042415282425557,0.38671279895080396
166100,0,ORTHOGONAL_M,12,0.47340598548171847,0.12430495100341529,0.26257579079173765
166100,1,NATIVE,0,0.5369638685707767,0.35532075557109793,0.6617219078759132
166100,1,NATIVE,1,0.5675650003545937,0.3463176003841841,0.6101813892114637
166100,1,NATIVE,3,0.6038462874468999,0.325986914334043,0.5398508214935327
166100,1,NATIVE,6,0.6069961923481141,0.2878274333501585,0.47418326009049233
166100,1,NATIVE,12,0.5353098561567398,0.19464489490419912,0.36361164037150495
166100,1,NO_M,0,0.5369638685707767,0.35532075557109793,0.6617219078759132
166100,1,NO_M,1,0.5687992976571508,0.3466412023124786,0.6094262136754723
166100,1,NO_M,3,0.606936640737264,0.32692182376539525,0.5386424246330874
166100,1,NO_M,6,0.6121585884618469,0.28941438961162314,0.47277681807717814
166100,1,NO_M,12,0.5471610025624561,0.19664196367035677,0.3593859261706029
166100,1,ALIGNED_M,0,0.5369638685707767,0.35532075557109793,0.6617219078759132
166100,1,ALIGNED_M,1,0.5690524522309041,0.34637743729527914,0.6086915818345626
166100,1,ALIGNED_M,3,0.6089687383496937,0.3264461870999552,0.5360639496612104
166100,1,ALIGNED_M,6,0.6178614077258747,0.28929809619204844,0.4682249005595544
166100,1,ALIGNED_M,12,0.5524993750182523,0.19864012422714072,0.3595300433065023
166100,1,ORTHOGONAL_M,0,0.5369638685707767,0.35532075557109793,0.6617219078759132
166100,1,ORTHOGONAL_M,1,0.5673444598585492,0.34640030434518126,0.6105643552622914
166100,1,ORTHOGONAL_M,3,0.6026524456254135,0.326107077639367,0.5411196453387481
166100,1,ORTHOGONAL_M,6,0.603925412454812,0.2877447432530448,0.4764574189441992
166100,1,ORTHOGONAL_M,12,0.5311788169934092,0.19365105164177718,0.3645684757119512
166100,2,NATIVE,0,0.4436321103016027,0.2557699836043813,0.5765362282511202
166100,2,NATIVE,1,0.4422841518288185,0.21852110484976817,0.49407401089590514
166100,2,NATIVE,3,0.4330165783115508,0.1566431757561068,0.36174868030894075
166100,2,NATIVE,6,0.4078974347353343,0.09385419901043182,0.2300926434394465
166100,2,NATIVE,12,0.29049141202767786,0.03793981122544243,0.13060562087054275
166100,2,NO_M,0,0.4436321103016027,0.2557699836043813,0.5765362282511202
166100,2,NO_M,1,0.44195907682302804,0.21859542092549372,0.494605569585382
166100,2,NO_M,3,0.4320713534711104,0.1568521139358904,0.363023636433624
166100,2,NO_M,6,0.40694868622311414,0.09416012578621266,0.23138083245851465
166100,2,NO_M,12,0.3004958237608834,0.03781083665170356,0.12582816020026955
166100,2,ALIGNED_M,0,0.4436321103016027,0.2557699836043813,0.5765362282511202
166100,2,ALIGNED_M,1,0.442120813574972,0.2183369090017185,0.4938399240611277
166100,2,ALIGNED_M,3,0.4318056991916005,0.15639483976254087,0.36218799347790753
166100,2,ALIGNED_M,6,0.4013457944871834,0.0940793698755618,0.23440975629447297
166100,2,ALIGNED_M,12,0.270598293862128,0.039858562131191516,0.1472979062886972
166100,2,ORTHOGONAL_M,0,0.4436321103016027,0.2557699836043813,0.5765362282511202
166100,2,ORTHOGONAL_M,1,0.44222964724345226,0.2186222380954935,0.4943635947029332
166100,2,ORTHOGONAL_M,3,0.4330721231690493,0.15681571664989877,0.3621006946888514
166100,2,ORTHOGONAL_M,6,0.40974539585622544,0.09386258330569114,0.22907538255443063
166100,2,ORTHOGONAL_M,12,0.30295954764765365,0.037100788971258944,0.12246119740844241
166100,3,NATIVE,0,0.6151003272978749,0.3804223994671874,0.6184721135466829
166100,3,NATIVE,1,0.6551925988407545,0.37138074345086114,0.5668268294054867
166100,3,NATIVE,3,0.6805159590219233,0.3473922775840237,0.5104836601970363
166100,3,NATIVE,6,0.6360730980029328,0.30204654532447334,0.474861374066579
166100,3,NATIVE,12,0.485894800897528,0.1970997640510272,0.4056428751386924
166100,3,NO_M,0,0.6151003272978749,0.3804223994671874,0.6184721135466829
166100,3,NO_M,1,0.6556475518246245,0.3717750650347774,0.5670349321066421
166100,3,NO_M,3,0.6809787319835784,0.34832014370961706,0.5114992985096644
166100,3,NO_M,6,0.6362941422212643,0.30329141916701213,0.47665285446165706
166100,3,NO_M,12,0.48729733730453295,0.1980472783335459,0.4064197835125174
166100,3,ALIGNED_M,0,0.6151003272978749,0.3804223994671874,0.6184721135466829
166100,3,ALIGNED_M,1,0.653823225812673,0.37150931615206306,0.5682106439248594
166100,3,ALIGNED_M,3,0.6772026627048421,0.34783910106903465,0.5136410711672349
166100,3,ALIGNED_M,6,0.6320149043201427,0.30316234087235533,0.4796759361212402
166100,3,ALIGNED_M,12,0.4813533502436249,0.20001587013696726,0.4155281562613472
166100,3,ORTHOGONAL_M,0,0.6151003272978749,0.3804223994671874,0.6184721135466829
166100,3,ORTHOGONAL_M,1,0.6558935789127218,0.3714584196430921,0.5663394666232979
166100,3,ORTHOGONAL_M,3,0.681894398010924,0.34751521536055574,0.5096320139514807
166100,3,ORTHOGONAL_M,6,0.6373825487330499,0.30199726885572353,0.47380849923801704
166100,3,ORTHOGONAL_M,12,0.48735052658242284,0.19620434581081345,0.40259389311979965
166101,0,NATIVE,0,0.38778215981462766,0.22487617679707886,0.5799033583818543
166101,0,NATIVE,1,0.3601135013407304,0.18357125011729708,0.5097594214986115
166101,0,NATIVE,3,0.28631252560495063,0.11572199955043751,0.4041807088457714
166101,0,NATIVE,6,0.15822439128028343,0.04681237627236125,0.29586068174175084
166101,0,NATIVE,12,0.0339785079305674,-0.005914493567559365,0.17406572353455133
166101,0,NO_M,0,0.38778215981462766,0.22487617679707886,0.5799033583818543
166101,0,NO_M,1,0.35957819205741687,0.18331813100274477,0.509814374319636
166101,0,NO_M,3,0.28470715648041706,0.11502179903523098,0.40400037869486094
166101,0,NO_M,6,0.15536750886108203,0.04564336886548743,0.2937767954192746
166101,0,NO_M,12,0.043927952118313116,-0.007252475009201155,0.16509931966932778
166101,0,ALIGNED_M,0,0.38778215981462766,0.22487617679707886,0.5799033583818543
166101,0,ALIGNED_M,1,0.3607676044210626,0.18376228002601902,0.5093646928772954
166101,0,ALIGNED_M,3,0.2872184889419465,0.11610055662476294,0.40422382644114546
166101,0,ALIGNED_M,6,0.15877004436412875,0.04731938026563328,0.29803720503539255
166101,0,ALIGNED_M,12,0.02946037737205067,-0.005329024250595215,0.1808878475416386
166101,0,ORTHOGONAL_M,0,0.38778215981462766,0.22487617679707886,0.5799033583818543
166101,0,ORTHOGONAL_M,1,0.35966206736115947,0.18340802192163244,0.5099454142253316
166101,0,ORTHOGONAL_M,3,0.2853833800002392,0.11533259553986015,0.404132138107545
166101,0,ORTHOGONAL_M,6,0.15700283030456377,0.04621413722782787,0.29435225554963446
166101,0,ORTHOGONAL_M,12,0.039178206539064245,-0.006601157029150956,0.16849053625178678
166101,1,NATIVE,0,0.47744617541238704,0.2780941815580722,0.5824618478048618
166101,1,NATIVE,1,0.47479562400100267,0.24534165933346344,0.5167310879279213
166101,1,NATIVE,3,0.4315862270282852,0.1844814526266592,0.42744981436713086
166101,1,NATIVE,6,0.3249726639355829,0.10825110819318023,0.3331083509677351
166101,1,NATIVE,12,0.0895335401343027,0.017559161685954568,0.1961182553444622
166101,1,NO_M,0,0.47744617541238704,0.2780941815580722,0.5824618478048618
166101,1,NO_M,1,0.47500513639919373,0.2452751781926416,0.5163632125158824
166101,1,NO_M,3,0.43240025125877257,0.1844093777923985,0.4264784242274394
166101,1,NO_M,6,0.32708531042064387,0.10827520432080052,0.3310304708626269
166101,1,NO_M,12,0.09277857182263935,0.017691709314044256,0.19068745041541388
166101,1,ALIGNED_M,0,0.47744617541238704,0.2780941815580722,0.5824618478048618
166101,1,ALIGNED_M,1,0.4753119347411384,0.24571914557810942,0.5169639716956034
166101,1,ALIGNED_M,3,0.4332434772256891,0.18548741274193017,0.42813665408122487
166101,1,ALIGNED_M,6,0.32832898602214283,0.10994912373244546,0.33487486153605717
166101,1,ALIGNED_M,12,0.09631566134947522,0.019612909158295465,0.20363156815306918
166101,1,ORTHOGONAL_M,0,0.47744617541238704,0.2780941815580722,0.5824618478048618
166101,1,ORTHOGONAL_M,1,0.47464193188692505,0.24516305547996123,0.516522117010003
166101,1,ORTHOGONAL_M,3,0.43110178444953545,0.1840404092474917,0.42690709221368833
166101,1,ORTHOGONAL_M,6,0.3240733732926996,0.10755519195092528,0.33188530997817073
166101,1,ORTHOGONAL_M,12,0.08735280593034908,0.016752234746600855,0.19177672163108975
166101,2,NATIVE,0,0.45584814014008884,0.27035228878510514,0.5930753357949716
166101,2,NATIVE,1,0.4514124350050389,0.23787787544331285,0.5269634972298646
166101,2,NATIVE,3,0.4286707063580191,0.18254888235793437,0.4258487450865471
166101,2,NATIVE,6,0.38968282177034635,0.12146438820615087,0.311700648374299
166101,2,NATIVE,12,0.3380963436263704,0.05369550240819242,0.15881716386594424
166101,2,NO_M,0,0.45584814014008884,0.27035228878510514,0.5930753357949716
166101,2,NO_M,1,0.45156058679297356,0.23780564151064085,0.5266306415259814
166101,2,NO_M,3,0.42814806003185235,0.18233837984333312,0.4258769263832696
166101,2,NO_M,6,0.3863763714794295,0.12095546049242716,0.31305087324383485
166101,2,NO_M,12,0.3256422534412361,0.052585683497189326,0.16148298613426826
166101,2,ALIGNED_M,0,0.45584814014008884,0.27035228878510514,0.5930753357949716
166101,2,ALIGNED_M,1,0.45206663252427415,0.2382489809845865,0.5270218234295027
166101,2,ALIGNED_M,3,0.4311103331739356,0.18341466379856222,0.42544715281633844
166101,2,ALIGNED_M,6,0.39546701528121536,0.12262636595041505,0.31007988330760833
166101,2,ALIGNED_M,12,0.3496217612670877,0.05450092699903055,0.15588539684001157
166101,2,ORTHOGONAL_M,0,0.45584814014008884,0.27035228878510514,0.5930753357949716
166101,2,ORTHOGONAL_M,1,0.4511866359937513,0.23769997909281068,0.5268329337132541
166101,2,ORTHOGONAL_M,3,0.4274537203549918,0.18211986220792992,0.42605749707050106
166101,2,ORTHOGONAL_M,6,0.3860568919180286,0.12081332609393908,0.3129417674522021
166101,2,ORTHOGONAL_M,12,0.3282774235649389,0.05299272283256798,0.16142664413862362
166101,3,NATIVE,0,0.5539076126449927,0.297440094087023,0.5369850265582937
166101,3,NATIVE,1,0.5891865529869758,0.27254131287574157,0.46257218786484244
166101,3,NATIVE,3,0.6097191752881719,0.2252325117369451,0.36940368757548364
166101,3,NATIVE,6,0.5617934337406905,0.1601982963787856,0.28515515981042633
166101,3,NATIVE,12,0.4204544645227121,0.06544585463589334,0.15565503558198016
166101,3,NO_M,0,0.5539076126449927,0.297440094087023,0.5369850265582937
166101,3,NO_M,1,0.5892029859386545,0.2725714695073713,0.46261046873876355
166101,3,NO_M,3,0.609679621900439,0.2254006132603023,0.36970337397482933
166101,3,NO_M,6,0.5600997134571888,0.1604833875308877,0.28652645890550593
166101,3,NO_M,12,0.41459989383750206,0.06561094223671211,0.15825122777870163
166101,3,ALIGNED_M,0,0.5539076126449927,0.297440094087023,0.5369850265582937
166101,3,ALIGNED_M,1,0.5894256556096839,0.27301511329864275,0.463188377873089
166101,3,ALIGNED_M,3,0.6101478742727573,0.2264774610487228,0.3711845449247074
166101,3,ALIGNED_M,6,0.562889517840144,0.16215461082885568,0.28807537836385044
166101,3,ALIGNED_M,12,0.416354986358158,0.06752660856593569,0.16218518038316393
166101,3,ORTHOGONAL_M,0,0.5539076126449927,0.297440094087023,0.5369850265582937
166101,3,ORTHOGONAL_M,1,0.5890855823149956,0.2723548349613044,0.462334918962012
166101,3,ORTHOGONAL_M,3,0.6094454875503149,0.22477201375490835,0.36881397655165965
166101,3,ORTHOGONAL_M,6,0.5603923988918391,0.15948163829243106,0.28458922463579245
166101,3,ORTHOGONAL_M,12,0.41814756215224574,0.06463798928116014,0.15458176761441358
166102,0,NATIVE,0,0.5828658707871962,0.34988967321988385,0.6002919209308508
166102,0,NATIVE,1,0.6196965226948967,0.3302392781952621,0.5329048430982533
166102,0,NATIVE,3,0.6638577017221141,0.286885726286935,0.43214942832284514
166102,0,NATIVE,6,0.6758543393582804,0.2219275005007294,0.3283658734978938
166102,0,NATIVE,12,0.5751946226604948,0.11753515887467503,0.20433980820443884
166102,0,NO_M,0,0.5828658707871962,0.34988967321988385,0.6002919209308508
166102,0,NO_M,1,0.6209480644703294,0.3309263423278374,0.5329372314093829
166102,0,NO_M,3,0.6680023363933103,0.28877664373355016,0.43229885286436637
166102,0,NO_M,6,0.6854059624956294,0.22521774395401387,0.3285902899559971
166102,0,NO_M,12,0.6035328587397264,0.12255725159549549,0.2030664110839127
166102,0,ALIGNED_M,0,0.5828658707871962,0.34988967321988385,0.6002919209308508
166102,0,ALIGNED_M,1,0.6208527820306244,0.3316609962040354,0.5342023194601239
166102,0,ALIGNED_M,3,0.6663959975798129,0.29089610799930815,0.43652139126850403
166102,0,ALIGNED_M,6,0.678253302646357,0.2289430672795198,0.3375480316664018
166102,0,ALIGNED_M,12,0.5734146155995826,0.12706383901827356,0.22159155968741084
166102,0,ORTHOGONAL_M,0,0.5828658707871962,0.34988967321988385,0.6002919209308508
166102,0,ORTHOGONAL_M,1,0.619613417909605,0.329878406291445,0.5323939036122773
166102,0,ORTHOGONAL_M,3,0.6640145514825622,0.2858521272940543,0.43049075755315824
166102,0,ORTHOGONAL_M,6,0.6774358695560204,0.22011354466668542,0.32492159709662
166102,0,ORTHOGONAL_M,12,0.5839416189189289,0.11525526335425108,0.1973746340732179
166102,1,NATIVE,0,0.640429472456465,0.3017173996040593,0.47111729328566165
166102,1,NATIVE,1,0.6713013266061565,0.2728092628756761,0.406388684281156
166102,1,NATIVE,3,0.6520759806831207,0.21734735681413833,0.33331599882951957
166102,1,NATIVE,6,0.5391294263776312,0.14575180395381854,0.2703465936428457
166102,1,NATIVE,12,0.29399491430765445,0.05317172720280714,0.18085934352987623
166102,1,NO_M,0,0.640429472456465,0.3017173996040593,0.47111729328566165
166102,1,NO_M,1,0.6723472100853971,0.2729494004956039,0.40596494846900616
166102,1,NO_M,3,0.6551510104538151,0.21774662012937673,0.33236096206054966
166102,1,NO_M,6,0.5464225331874518,0.14652983465021094,0.2681621378156797
166102,1,NO_M,12,0.31380863899851685,0.05497524663779326,0.17518716761029127
166102,1,ALIGNED_M,0,0.640429472456465,0.3017173996040593,0.47111729328566165
166102,1,ALIGNED_M,1,0.6703229259664386,0.27368398774508895,0.4082867781233937
166102,1,ALIGNED_M,3,0.648340359634286,0.21986489001064877,0.33911954846473547
166102,1,ALIGNED_M,6,0.5346379208902218,0.15025160599365908,0.281034322712223
166102,1,ALIGNED_M,12,0.30166689800985996,0.059471292408976514,0.19714225459045925
166102,1,ORTHOGONAL_M,0,0.640429472456465,0.3017173996040593,0.47111729328566165
166102,1,ORTHOGONAL_M,1,0.6720321127306905,0.27249342346950695,0.40547678943833454
166102,1,ORTHOGONAL_M,3,0.6545051469885445,0.216437015216794,0.33068802623270543
166102,1,ORTHOGONAL_M,6,0.5430578909540857,0.14414608574583362,0.26543410591563654
166102,1,ORTHOGONAL_M,12,0.2961235561921449,0.05116103339940731,0.17276921180227903
166102,2,NATIVE,0,0.5815956848145949,0.27727331684954865,0.4767458289136635
166102,2,NATIVE,1,0.6100069034336634,0.2474439934453387,0.40564130020905986
166102,2,NATIVE,3,0.608770063201715,0.19590027320610942,0.3217968245281355
166102,2,NATIVE,6,0.5428101853329182,0.13543763095176856,0.24951195576534146
166102,2,NATIVE,12,0.32774116021930927,0.05555809738653582,0.1695182178196845
166102,2,NO_M,0,0.5815956848145949,0.27727331684954865,0.4767458289136635
166102,2,NO_M,1,0.6112229749087444,0.24749141593937155,0.4049118343045219
166102,2,NO_M,3,0.6134211726085188,0.19584741804765407,0.31927071772698223
166102,2,NO_M,6,0.5552978921170088,0.13509592182078003,0.24328549367572383
166102,2,NO_M,12,0.3518259972297234,0.05512198208240374,0.15667398804076724
166102,2,ALIGNED_M,0,0.5815956848145949,0.27727331684954865,0.4767458289136635
166102,2,ALIGNED_M,1,0.6093528070597727,0.24822579545631926,0.40735973081677324
166102,2,ALIGNED_M,3,0.6056690995129643,0.1979647100329776,0.32685291389665005
166102,2,ALIGNED_M,6,0.5363310785801371,0.13881521881855088,0.2588237459332779
166102,2,ALIGNED_M,12,0.3239050885408987,0.05961566540244692,0.18405288311769327
166102,2,ORTHOGONAL_M,0,0.5815956848145949,0.27727331684954865,0.4767458289136635
166102,2,ORTHOGONAL_M,1,0.6106728958098513,0.24713603822319904,0.40469462443629745
166102,2,ORTHOGONAL_M,3,0.6115476433588669,0.19502796603438724,0.3189088669579521
166102,2,ORTHOGONAL_M,6,0.5495563120188841,0.13392575911338023,0.24369797268159396
166102,2,ORTHOGONAL_M,12,0.3370053795213817,0.053733314730606344,0.15944349258434984
166102,3,NATIVE,0,0.3741398419675813,0.22116256348671928,0.591122726528226
166102,3,NATIVE,1,0.34658294877050083,0.1848476730594558,0.5333432406735474
166102,3,NATIVE,3,0.2871809059930403,0.12835396317577316,0.44694462792342254
166102,3,NATIVE,6,0.20711845023752995,0.07221341963200235,0.34865758965067567
166102,3,NATIVE,12,0.12012952476786898,0.023619322218590547,0.19661546371909872
166102,3,NO_M,0,0.3741398419675813,0.22116256348671928,0.591122726528226
166102,3,NO_M,1,0.34404055903214625,0.18320383499533757,0.5325065030434877
166102,3,NO_M,3,0.27816778904004913,0.12382071216362113,0.44512958380595163
166102,3,NO_M,6,0.1856845585781412,0.064386754023879,0.34675341082162037
166102,3,NO_M,12,0.06520233134028208,0.012717449855886331,0.19504593769071127
166102,3,ALIGNED_M,0,0.3741398419675813,0.22116256348671928,0.591122726528226
166102,3,ALIGNED_M,1,0.3444969599552536,0.18393677861854513,0.5339285973450497
166102,3,ALIGNED_M,3,0.2799785810629125,0.1259325355391856,0.44979346298953354
166102,3,ALIGNED_M,6,0.19158868902494894,0.06809520436576816,0.3554239277502394
166102,3,ALIGNED_M,12,0.08306637131718238,0.017195730814688948,0.20701194168007764
166102,3,ORTHOGONAL_M,0,0.3741398419675813,0.22116256348671928,0.591122726528226
166102,3,ORTHOGONAL_M,1,0.34659748819468894,0.1846799098201769,0.5328368384378961
166102,3,ORTHOGONAL_M,3,0.28715310270670685,0.12785383480976417,0.44524622441690787
166102,3,ORTHOGONAL_M,6,0.2064737664889166,0.07132413558051202,0.3454392138690361
166102,3,ORTHOGONAL_M,12,0.11783074324103646,0.02266526847978088,0.19235445569086695
166103,0,NATIVE,0,0.6049373120397419,0.34405969610339937,0.568752644705087
166103,0,NATIVE,1,0.6372315344481225,0.3286750558945382,0.5157859241526371
166103,0,NATIVE,3,0.6504204226395095,0.29129016062805585,0.44784903808208154
166103,0,NATIVE,6,0.6102045553913206,0.22867898161506736,0.3747579063358629
166103,0,NATIVE,12,0.5188788548853892,0.12876864652831124,0.24816707274908195
166103,0,NO_M,0,0.6049373120397419,0.34405969610339937,0.568752644705087
166103,0,NO_M,1,0.6359168502716611,0.3284048179334093,0.516427293588943
166103,0,NO_M,3,0.6470028336272988,0.290340540022118,0.44874693731149257
166103,0,NO_M,6,0.6053551421517794,0.2266312135857547,0.3743772833582737
166103,0,NO_M,12,0.5101222056540832,0.12487462945999546,0.2447935574572209
166103,0,ALIGNED_M,0,0.6049373120397419,0.34405969610339937,0.568752644705087
166103,0,ALIGNED_M,1,0.6399032704387322,0.33105963013651196,0.5173588656759319
166103,0,ALIGNED_M,3,0.6582393164441473,0.29755651487399587,0.45204913690267745
166103,0,ALIGNED_M,6,0.6255231291955102,0.23896481759164107,0.3820239515347182
166103,0,ALIGNED_M,12,0.5504784262511957,0.14233493467235464,0.25856587267489933
166103,0,ORTHOGONAL_M,0,0.6049373120397419,0.34405969610339937,0.568752644705087
166103,0,ORTHOGONAL_M,1,0.6356685550471705,0.3275973462184808,0.51535874099382
166103,0,ORTHOGONAL_M,3,0.6459089025052888,0.28837854710621263,0.44646937979592394
166103,0,ORTHOGONAL_M,6,0.6018102695138076,0.22373732114029338,0.37177385045462447
166103,0,ORTHOGONAL_M,12,0.5012210643489271,0.12185471609548736,0.24311571233297058
166103,1,NATIVE,0,0.6106425257258726,0.3578372326025832,0.586001166848331
166103,1,NATIVE,1,0.6359417804638792,0.3433497350832883,0.5399074972442072
166103,1,NATIVE,3,0.6400557189032332,0.3040715958047225,0.47507050843284965
166103,1,NATIVE,6,0.6010924928816531,0.23304233862659657,0.3876979689255072
166103,1,NATIVE,12,0.5007334409164568,0.11764486931773531,0.23494510193369558
166103,1,NO_M,0,0.6106425257258726,0.3578372326025832,0.586001166848331
166103,1,NO_M,1,0.6351843338398324,0.3429959188007239,0.5399942985483065
166103,1,NO_M,3,0.6378657057463862,0.30315125709381596,0.47525874860928446
166103,1,NO_M,6,0.5971928342725928,0.23161784481557857,0.387844313466503
166103,1,NO_M,12,0.49265141489165837,0.11595215800421178,0.2353634933327114
166103,1,ALIGNED_M,0,0.6106425257258726,0.3578372326025832,0.586001166848331
166103,1,ALIGNED_M,1,0.6387908681071287,0.3456518529370001,0.5411033096970043
166103,1,ALIGNED_M,3,0.6477988830440872,0.3103705847535762,0.4791156528320887
166103,1,ALIGNED_M,6,0.616070598126751,0.24395653209551574,0.39598794819504407
166103,1,ALIGNED_M,12,0.5371388840934141,0.13341776627095547,0.2483859765545178
166103,1,ORTHOGONAL_M,0,0.6106425257258726,0.3578372326025832,0.586001166848331
166103,1,ORTHOGONAL_M,1,0.6344945141328072,0.34227824861995826,0.5394502883728718
166103,1,ORTHOGONAL_M,3,0.6360089750806008,0.3011556518013609,0.47350849374914145
166103,1,ORTHOGONAL_M,6,0.5931833662152728,0.22804633107763211,0.3844449188328418
166103,1,ORTHOGONAL_M,12,0.4808138549154573,0.11054610810978005,0.22991456460673274
166103,2,NATIVE,0,0.5881678221048788,0.3627641801810619,0.6167698513033689
166103,2,NATIVE,1,0.6122570164772471,0.34434633666118064,0.5624212175508282
166103,2,NATIVE,3,0.6240551519946708,0.29919137900071235,0.47943098946366397
166103,2,NATIVE,6,0.6115092189293085,0.22847094524378567,0.37361815353136524
166103,2,NATIVE,12,0.5793325147676099,0.12252439689103947,0.21149235329934596
166103,2,NO_M,0,0.5881678221048788,0.3627641801810619,0.6167698513033689
166103,2,NO_M,1,0.6125607881193068,0.3442839963365522,0.5620405403250969
166103,2,NO_M,3,0.6245856228124909,0.2988657313489762,0.47850241893686635
166103,2,NO_M,6,0.6121373223661527,0.22770579667994778,0.37198482817509787
166103,2,NO_M,12,0.5834141992617742,0.12146789265875964,0.2082018106731889
166103,2,ALIGNED_M,0,0.5881678221048788,0.3627641801810619,0.6167698513033689
166103,2,ALIGNED_M,1,0.6158638097660643,0.34693991788098544,0.563338699854373
166103,2,ALIGNED_M,3,0.6334406884439578,0.30608464616256814,0.48320963863949506
166103,2,ALIGNED_M,6,0.6277831162541588,0.24004332052780822,0.38236663954915306
166103,2,ALIGNED_M,12,0.6112052384046756,0.13893183286300367,0.2273079877810334
166103,2,ORTHOGONAL_M,0,0.5881678221048788,0.3627641801810619,0.6167698513033689
166103,2,ORTHOGONAL_M,1,0.6108490889862113,0.3432512733537532,0.5619248346975789
166103,2,ORTHOGONAL_M,3,0.6202313173807228,0.29622769401324966,0.4776084111073727
166103,2,ORTHOGONAL_M,6,0.6045608220414468,0.22342278653161474,0.3695621323544643
166103,2,ORTHOGONAL_M,12,0.5653669700089355,0.11537604862811475,0.20407284957994967
166103,3,NATIVE,0,0.6060106571928896,0.34267026004896783,0.5654525312083549
166103,3,NATIVE,1,0.6125504165640742,0.3138267287285725,0.512327998222389
166103,3,NATIVE,3,0.5793262875120284,0.2503973377996785,0.4322216049871034
166103,3,NATIVE,6,0.5034788253128553,0.16187287184497742,0.3215087978017417
166103,3,NATIVE,12,0.37134433505310005,0.05238191658271535,0.14106022803665202
166103,3,NO_M,0,0.6060106571928896,0.34267026004896783,0.5654525312083549
166103,3,NO_M,1,0.6122110257938169,0.3135423483714004,0.5121475033299818
166103,3,NO_M,3,0.578700970164956,0.2496107738898563,0.4313294546900388
166103,3,NO_M,6,0.5022432086387879,0.16047141512614632,0.3195093778591016
166103,3,NO_M,12,0.3651679731891902,0.050293363769740744,0.13772665584689206
166103,3,ALIGNED_M,0,0.6060106571928896,0.34267026004896783,0.5654525312083549
166103,3,ALIGNED_M,1,0.6158935848393327,0.31619863883317906,0.5133981691263361
166103,3,ALIGNED_M,3,0.5888691588079362,0.2568317291146563,0.4361439638553293
166103,3,ALIGNED_M,6,0.5238271652703986,0.17281323346794616,0.3299050620613227
166103,3,ALIGNED_M,12,0.4364270052497136,0.06776272018277484,0.15526701915248192
166103,3,ORTHOGONAL_M,0,0.6060106571928896,0.34267026004896783,0.5654525312083549
166103,3,ORTHOGONAL_M,1,0.6110325137246817,0.3127494887033197,0.5118377200533524
166103,3,ORTHOGONAL_M,3,0.5750154757600683,0.247469997949432,0.43037102196651533
166103,3,ORTHOGONAL_M,6,0.4940194097310743,0.15687415836820684,0.31754654833014595
166103,3,ORTHOGONAL_M,12,0.3364557459088229,0.045314882340110704,0.1346830389764993
166104,0,NATIVE,0,0.30147935970066314,0.1770615435894251,0.5873090077052769
166104,0,NATIVE,1,0.26206348816873726,0.13129123050958277,0.5009901662647543
166104,0,NATIVE,3,0.18571683213075682,0.0671178105091535,0.36139863974146497
166104,0,NATIVE,6,0.08309947532056544,0.01816209239420039,0.21855844846355893
166104,0,NATIVE,12,0.05327801688245362,-0.0049369805904662225,0.09266449615340294
166104,0,NO_M,0,0.30147935970066314,0.1770615435894251,0.5873090077052769
166104,0,NO_M,1,0.2605806976156488,0.13068601512838482,0.5015184022614693
166104,0,NO_M,3,0.18118721273890162,0.0655492721720284,0.361776480697254
166104,0,NO_M,6,0.07359075840656396,0.01591158646174419,0.2162171827858667
166104,0,NO_M,12,0.08456011139493996,-0.006811115857164592,0.08054762162447106
166104,0,ALIGNED_M,0,0.30147935970066314,0.1770615435894251,0.5873090077052769
166104,0,ALIGNED_M,1,0.2620474320639875,0.13145872619415785,0.5016600435987187
166104,0,ALIGNED_M,3,0.18555840323533326,0.06743676765978325,0.3634261045793383
166104,0,ALIGNED_M,6,0.08240514125113409,0.018342516780023535,0.22258947077248428
166104,0,ALIGNED_M,12,0.054367413999253614,-0.005548616126179928,0.10205775331258016
166104,0,ORTHOGONAL_M,0,0.30147935970066314,0.1770615435894251,0.5873090077052769
166104,0,ORTHOGONAL_M,1,0.26157581944789926,0.131021147626743,0.5008916646167068
166104,0,ORTHOGONAL_M,3,0.184258771658707,0.06646551698330702,0.36071833316252483
166104,0,ORTHOGONAL_M,6,0.08018426224993314,0.017341005049715166,0.21626444595401748
166104,0,ORTHOGONAL_M,12,0.062149548927945795,-0.005305175779484776,0.08536145267335844
166104,1,NATIVE,0,0.41972371447806706,0.23705732456041578,0.564793735458077
166104,1,NATIVE,1,0.40264609638037074,0.19771267529023107,0.49103338407495134
166104,1,NATIVE,3,0.34448641922857104,0.1332163403089865,0.38670999166613984
166104,1,NATIVE,6,0.24389821216205948,0.06798028686281075,0.2787240064623172
166104,1,NATIVE,12,0.07849997421757501,0.010894863914384037,0.13878812092581713
166104,1,NO_M,0,0.41972371447806706,0.23705732456041578,0.564793735458077
166104,1,NO_M,1,0.40191097884424604,0.1975531843733803,0.49153467999671185
166104,1,NO_M,3,0.3428323512745737,0.13283215748649194,0.38745514241186524
166104,1,NO_M,6,0.24262411556383512,0.06757685353067033,0.27852488353691873
166104,1,NO_M,12,0.08208809410496538,0.011053231127614293,0.134650843683602
166104,1,ALIGNED_M,0,0.41972371447806706,0.23705732456041578,0.564793735458077
166104,1,ALIGNED_M,1,0.4039650518509949,0.19832674116682242,0.4909502449730921
166104,1,ALIGNED_M,3,0.3477481296742143,0.13472172453706188,0.3874117875580456
166104,1,ALIGNED_M,6,0.248090766054102,0.07001059553437075,0.28219750637191365
166104,1,ALIGNED_M,12,0.08220952091176298,0.01231802633590012,0.14983697994201303
166104,1,ORTHOGONAL_M,0,0.41972371447806706,0.23705732456041578,0.564793735458077
166104,1,ORTHOGONAL_M,1,0.40184443739408426,0.1974054494319845,0.4912484311394924
166104,1,ORTHOGONAL_M,3,0.34249106397965967,0.1324654139504298,0.3867704237629087
166104,1,ORTHOGONAL_M,6,0.2414134929759634,0.06700556368570533,0.27755517249556383
166104,1,ORTHOGONAL_M,12,0.07739017235306128,0.010358023328446564,0.13384158496495652
166104,2,NATIVE,0,0.46030511117391043,0.2598597758482634,0.5645381064432163
166104,2,NATIVE,1,0.4621998788529123,0.22440305075268357,0.485510838535045
166104,2,NATIVE,3,0.4426074388954356,0.16328359894695277,0.3689129115281734
166104,2,NATIVE,6,0.37825809063547866,0.09510676200049793,0.2514335168369013
166104,2,NATIVE,12,0.1780228735274374,0.022155823310185674,0.1244549246463381
166104,2,NO_M,0,0.46030511117391043,0.2598597758482634,0.5645381064432163
166104,2,NO_M,1,0.4623855651865631,0.2245531316930725,0.48564044511739896
166104,2,NO_M,3,0.44381653653093417,0.16374933497796865,0.3689572638683005
166104,2,NO_M,6,0.38361911051348846,0.09608508307737129,0.2504700116444917
166104,2,NO_M,12,0.20049433001879077,0.02398371510812281,0.11962290956492702
166104,2,ALIGNED_M,0,0.46030511117391043,0.2598597758482634,0.5645381064432163
166104,2,ALIGNED_M,1,0.46350260327181847,0.22532588873074985,0.4861372668463716
166104,2,ALIGNED_M,3,0.4458414893704555,0.1656371649054851,0.3715158163933134
166104,2,ALIGNED_M,6,0.3808912359723129,0.09851676135433321,0.2586480130025522
166104,2,ALIGNED_M,12,0.17700151351987903,0.025247543246727705,0.14264026755843706
166104,2,ORTHOGONAL_M,0,0.46030511117391043,0.2598597758482634,0.5645381064432163
166104,2,ORTHOGONAL_M,1,0.46170248581023743,0.22407066919731938,0.4853139761725344
166104,2,ORTHOGONAL_M,3,0.4414912962295427,0.16246345664112474,0.3679879037901719
166104,2,ORTHOGONAL_M,6,0.3782558381772476,0.09401922793468656,0.2485598857845566
166104,2,ORTHOGONAL_M,12,0.18467073944494483,0.021482005842962858,0.11632598595492807
166104,3,NATIVE,0,0.41960766142271,0.2142424147468327,0.5105779384971653
166104,3,NATIVE,1,0.38312725410696297,0.1716386203409926,0.44799376317161094
166104,3,NATIVE,3,0.29763571689793233,0.10614602205061935,0.3566306596429534
166104,3,NATIVE,6,0.1842140176868203,0.04643535228941223,0.25207284913763917
166104,3,NATIVE,12,0.012311603748520833,0.001492421388799468,0.1212207133435809
166104,3,NO_M,0,0.41960766142271,0.2142424147468327,0.5105779384971653
166104,3,NO_M,1,0.3825101054715091,0.17126545744997948,0.4477410008262588
166104,3,NO_M,3,0.29609249924576764,0.10532311779542103,0.3557101853768765
166104,3,NO_M,6,0.18244254366765916,0.045487409783416206,0.2493245756662602
166104,3,NO_M,12,0.00984744731204837,0.0011145258243326374,0.11317916095563146
166104,3,ALIGNED_M,0,0.41960766142271,0.2142424147468327,0.5105779384971653
166104,3,ALIGNED_M,1,0.38371469432620675,0.17203855060229575,0.44835017565429136
166104,3,ALIGNED_M,3,0.29952346661578844,0.10721135942883168,0.357939765588884
166104,3,ALIGNED_M,6,0.1866624294314872,0.04791927097403037,0.2567162075409218
166104,3,ALIGNED_M,12,0.017525149964378837,0.0023779407113147387,0.135687324567704
166104,3,ORTHOGONAL_M,0,0.41960766142271,0.2142424147468327,0.5105779384971653
166104,3,ORTHOGONAL_M,1,0.38266410397128353,0.17134914799781453,0.4477795179102166
166104,3,ORTHOGONAL_M,3,0.29623844957136575,0.10543167505782597,0.3559013869076452
166104,3,ORTHOGONAL_M,6,0.1823129679446949,0.04550606789095142,0.24960411979443978
166104,3,ORTHOGONAL_M,12,0.008816184388395754,0.0010000329006344363,0.11343148652273326
166105,0,NATIVE,0,0.49400653885530127,0.3031477658962513,0.61365132250819
166105,0,NATIVE,1,0.4743445086669303,0.2763250208625396,0.5825407816759701
166105,0,NATIVE,3,0.4150669441746844,0.22613411058096408,0.544813586710947
166105,0,NATIVE,6,0.34473741621751264,0.1633376398319122,0.47380305167934694
166105,0,NATIVE,12,0.26613833683247634,0.07806388456632517,0.2933207049214488
166105,0,NO_M,0,0.49400653885530127,0.3031477658962513,0.61365132250819
166105,0,NO_M,1,0.47496990007542644,0.277255137107098,0.5837320155720754
166105,0,NO_M,3,0.41696850558903764,0.22863406456155033,0.5483245412949468
166105,0,NO_M,6,0.34878119407505,0.16757126086713287,0.4804480967258622
166105,0,NO_M,12,0.2768711766580476,0.08413354784150655,0.3038725404971107
166105,0,ALIGNED_M,0,0.49400653885530127,0.3031477658962513,0.61365132250819
166105,0,ALIGNED_M,1,0.47319772773724383,0.2752985046322228,0.5817832345659273
166105,0,ALIGNED_M,3,0.4116615664625905,0.2232742727729254,0.542373374059474
166105,0,ALIGNED_M,6,0.3384003069370723,0.15834741639080865,0.46792929304361675
166105,0,ALIGNED_M,12,0.25058803292104914,0.07060475397259926,0.2817562879981702
166105,0,ORTHOGONAL_M,0,0.49400653885530127,0.3031477658962513,0.61365132250819
166105,0,ORTHOGONAL_M,1,0.4750167798593422,0.27706124308739055,0.5832662230783288
166105,0,ORTHOGONAL_M,3,0.41705016400061895,0.22815468746271103,0.5470677322701414
166105,0,ORTHOGONAL_M,6,0.34855518058638135,0.166820380260619,0.4786053673911034
166105,0,ORTHOGONAL_M,12,0.27548941580179154,0.0831832726022216,0.3019472539811432
166105,1,NATIVE,0,0.5617563520814642,0.3519486219605802,0.626514717023688
166105,1,NATIVE,1,0.5540238985004691,0.3345798384416181,0.6039086749636531
166105,1,NATIVE,3,0.5120266258413066,0.2962250117476911,0.57853439020083
166105,1,NATIVE,6,0.45474732951375013,0.2390900532660434,0.5257646120136524
166105,1,NATIVE,12,0.37661212841737074,0.14887736308025776,0.395306873694908
166105,1,NO_M,0,0.5617563520814642,0.3519486219605802,0.626514717023688
166105,1,NO_M,1,0.5538954778332661,0.3341140418634245,0.603207744483513
166105,1,NO_M,3,0.5120818466006251,0.2950322730366771,0.5761428080202419
166105,1,NO_M,6,0.45480591473661797,0.2371791758098128,0.5214953634610563
166105,1,NO_M,12,0.37669381140161906,0.14638946367497713,0.3886165879133586
166105,1,ALIGNED_M,0,0.5617563520814642,0.3519486219605802,0.626514717023688
166105,1,ALIGNED_M,1,0.5521094978908638,0.3321529350306622,0.6016069933582574
166105,1,ALIGNED_M,3,0.5060402533926541,0.28966427004063267,0.5724134949712586
166105,1,ALIGNED_M,6,0.4425306560109945,0.2279519755918625,0.5151100211827974
166105,1,ALIGNED_M,12,0.3467554604883077,0.132875643559747,0.3831969751035135
166105,1,ORTHOGONAL_M,0,0.5617563520814642,0.3519486219605802,0.626514717023688
166105,1,ORTHOGONAL_M,1,0.5547580489569133,0.3354333471153181,0.6046480041993368
166105,1,ORTHOGONAL_M,3,0.5144179305006727,0.2985544523590368,0.5803733397637547
166105,1,ORTHOGONAL_M,6,0.4595063336462035,0.2430826546554435,0.529008278790348
166105,1,ORTHOGONAL_M,12,0.38790325183297564,0.1547000370212293,0.3988108794917725
166105,2,NATIVE,0,0.42932707095757,0.3120846228167853,0.7269157803646313
166105,2,NATIVE,1,0.4215243750289797,0.2907703288568025,0.6898066780522722
166105,2,NATIVE,3,0.3976725128931381,0.2512947647746176,0.6319138402259737
166105,2,NATIVE,6,0.35493732240945935,0.19986330642430106,0.5630946474367525
166105,2,NATIVE,12,0.2644628792679372,0.1233743210558181,0.4665090291587644
166105,2,NO_M,0,0.42932707095757,0.3120846228167853,0.7269157803646313
166105,2,NO_M,1,0.42256876855174996,0.2915213169823147,0.6898789940899565
166105,2,NO_M,3,0.4006263633291446,0.25336710760574677,0.6324274456136701
166105,2,NO_M,6,0.3608526659643504,0.20343330044052504,0.563757232877479
166105,2,NO_M,12,0.27649568085593534,0.12856218044125942,0.4649699410973581
166105,2,ALIGNED_M,0,0.42932707095757,0.3120846228167853,0.7269157803646313
166105,2,ALIGNED_M,1,0.4198359746018617,0.2895576758273457,0.6896923878472703
166105,2,ALIGNED_M,3,0.39300062735436403,0.2479934298367229,0.6310255317050893
166105,2,ALIGNED_M,6,0.34578279202385975,0.19420054209307644,0.5616258141604532
166105,2,ALIGNED_M,12,0.24621669765653667,0.11504952078279913,0.4672693683159049
166105,2,ORTHOGONAL_M,0,0.42932707095757,0.3120846228167853,0.7269157803646313
166105,2,ORTHOGONAL_M,1,0.4225687522001687,0.2915255627787405,0.6898890683725816
166105,2,ORTHOGONAL_M,3,0.40055618642499025,0.25336009334632487,0.6325207347503254
166105,2,ORTHOGONAL_M,6,0.3606006868934962,0.20341119096533752,0.564089859943649
166105,2,ORTHOGONAL_M,12,0.27588927612659764,0.12857109093050018,0.4660242425352603
166105,3,NATIVE,0,0.5627777782167498,0.3213575971494642,0.5710204090995455
166105,3,NATIVE,1,0.5496405721250515,0.29906210427659086,0.5441048558703329
166105,3,NATIVE,3,0.5144079702251781,0.2556900610765845,0.49705695843836917
166105,3,NATIVE,6,0.4864630656086961,0.1983376679178771,0.4077137236918514
166105,3,NATIVE,12,0.45010070857318224,0.11499328941867308,0.25548346676280365
166105,3,NO_M,0,0.5627777782167498,0.3213575971494642,0.5710204090995455
166105,3,NO_M,1,0.5508153175834222,0.3000689038717191,0.5447722572208072
166105,3,NO_M,3,0.5176067210597639,0.25842124384589604,0.49926176251497295
166105,3,NO_M,6,0.4925794751331397,0.20300242231312932,0.41212115518669834
166105,3,NO_M,12,0.4675396863718899,0.12178123106448935,0.2604725002266868
166105,3,ALIGNED_M,0,0.5627777782167498,0.3213575971494642,0.5710204090995455
166105,3,ALIGNED_M,1,0.5476088427691383,0.29810298065749347,0.5443721090222893
166105,3,ALIGNED_M,3,0.5088835365729288,0.25304246233048705,0.4972502432179213
166105,3,ALIGNED_M,6,0.47660372178549065,0.19375698207863135,0.4065368632724088
166105,3,ALIGNED_M,12,0.4276171595438516,0.10824799144349911,0.25314230036738367
166105,3,ORTHOGONAL_M,0,0.5627777782167498,0.3213575971494642,0.5710204090995455
166105,3,ORTHOGONAL_M,1,0.550856913051722,0.2997964372689155,0.5442364980191582
166105,3,ORTHOGONAL_M,3,0.5176607609554597,0.2577011252254737,0.4978185419150292
166105,3,ORTHOGONAL_M,6,0.4922547015760086,0.20179696432729125,0.40994420912835045
166105,3,ORTHOGONAL_M,12,0.4638502688778748,0.1200612447157158,0.25883620808533814
166106,0,NATIVE,0,0.5292325922513899,0.29836402731327294,0.5637672956686262
166106,0,NATIVE,1,0.5537070630295878,0.269842839597635,0.4873386265314897
166106,0,NATIVE,3,0.577173664957978,0.217087343342274,0.3761213591719716
166106,0,NATIVE,6,0.5815412538008342,0.15319425052216748,0.2634280019188835
166106,0,NATIVE,12,0.5669872352314338,0.07434608686412345,0.1311247983100811
166106,0,NO_M,0,0.5292325922513899,0.29836402731327294,0.5637672956686262
166106,0,NO_M,1,0.5541368489281902,0.2702682911808506,0.48772842250716963
166106,0,NO_M,3,0.5790088794069669,0.2184113664177019,0.3772159187634431
166106,0,NO_M,6,0.5872948198668249,0.1558494986948558,0.26536842046416276
166106,0,NO_M,12,0.5877915720461749,0.07902681046950776,0.13444699486655465
166106,0,ALIGNED_M,0,0.5292325922513899,0.29836402731327294,0.5637672956686262
166106,0,ALIGNED_M,1,0.5543674029548041,0.2696581980789802,0.4864250615055624
166106,0,ALIGNED_M,3,0.579264424072727,0.21636621058163635,0.37351890016028355
166106,0,ALIGNED_M,6,0.5848526639606592,0.1514261321489414,0.2589132981347176
166106,0,ALIGNED_M,12,0.564830394688136,0.07060012851116847,0.12499350101394294
166106,0,ORTHOGONAL_M,0,0.5292325922513899,0.29836402731327294,0.5637672956686262
166106,0,ORTHOGONAL_M,1,0.5535625772815094,0.2700603462968807,0.4878587487310097
166106,0,ORTHOGONAL_M,3,0.5768040916305232,0.21782500668265245,0.37764123008713146
166106,0,ORTHOGONAL_M,6,0.5816348979082313,0.15480709805814058,0.2661585448446634
166106,0,ORTHOGONAL_M,12,0.5721544496156031,0.07745012311786076,0.13536576211175783
166106,1,NATIVE,0,0.5442360929201324,0.302747358742512,0.55627945790602
166106,1,NATIVE,1,0.5838299531096802,0.2803354771378032,0.48016631494261003
166106,1,NATIVE,3,0.641073313149325,0.23841318367850042,0.3718969091183405
166106,1,NATIVE,6,0.6839694644170041,0.18361445638958862,0.2684541722137887
166106,1,NATIVE,12,0.6992211468500203,0.10612225905717872,0.15177209604607061
166106,1,NO_M,0,0.5442360929201324,0.302747358742512,0.55627945790602
166106,1,NO_M,1,0.5838501613839298,0.28021897475171875,0.479950153798862
166106,1,NO_M,3,0.6416868247024688,0.23827080336784406,0.37131945708611164
166106,1,NO_M,6,0.6865543685573711,0.18367009377758362,0.2675244702957884
166106,1,NO_M,12,0.7078745711173093,0.10666863607661985,0.15068861127224858
166106,1,ALIGNED_M,0,0.5442360929201324,0.302747358742512,0.55627945790602
166106,1,ALIGNED_M,1,0.5832166511839804,0.27960905589856,0.47942570797818973
166106,1,ALIGNED_M,3,0.638176090065357,0.23622592598807632,0.3701579073009011
166106,1,ALIGNED_M,6,0.6759993684535752,0.17924680818590732,0.2651582479965054
166106,1,ALIGNED_M,12,0.6790696130401664,0.0982420721069597,0.1446715774353687
166106,1,ORTHOGONAL_M,0,0.5442360929201324,0.302747358742512,0.55627945790602
166106,1,ORTHOGONAL_M,1,0.5840685973717641,0.28059765925164926,0.48041901330475983
166106,1,ORTHOGONAL_M,3,0.6422702170897054,0.23927180333179074,0.37254071100475666
166106,1,ORTHOGONAL_M,6,0.6872643793060386,0.1854418804410666,0.2698261193578839
166106,1,ORTHOGONAL_M,12,0.7065039895926106,0.10956753501187293,0.15508409948971216
166106,2,NATIVE,0,0.6061941209381635,0.27361693177021096,0.45136850114405885
166106,2,NATIVE,1,0.6590143612105661,0.24642724300198973,0.373933039257758
166106,2,NATIVE,3,0.7280266470109712,0.19989481819540983,0.2745707441013258
166106,2,NATIVE,6,0.7610947367532375,0.14447722175355762,0.18982817089219364
166106,2,NATIVE,12,0.7104703178000036,0.0711487109536097,0.10014311530129807
166106,2,NO_M,0,0.6061941209381635,0.27361693177021096,0.45136850114405885
166106,2,NO_M,1,0.6590376739251327,0.24668854611081967,0.3743163037122988
166106,2,NO_M,3,0.7276696873727125,0.20086698049688342,0.2760414292123524
166106,2,NO_M,6,0.7605131145731376,0.1466602681803295,0.19284383841642544
166106,2,NO_M,12,0.7207345797108492,0.07520029741640978,0.10433840630564037
166106,2,ALIGNED_M,0,0.6061941209381635,0.27361693177021096,0.45136850114405885
166106,2,ALIGNED_M,1,0.6593182649618128,0.24607796769016047,0.37323092771349253
166106,2,ALIGNED_M,3,0.7280373105244378,0.19882051709010237,0.27309110977687234
166106,2,ALIGNED_M,6,0.7587137634705624,0.14223498732735093,0.1874685740202137
166106,2,ALIGNED_M,12,0.6924484001309676,0.06677195571102519,0.09642878183902577
166106,2,ORTHOGONAL_M,0,0.6061941209381635,0.27361693177021096,0.45136850114405885
166106,2,ORTHOGONAL_M,1,0.6588697431378534,0.24665857927287635,0.3743662261650645
166106,2,ORTHOGONAL_M,3,0.7276282455848557,0.20066229123306667,0.27577584082344603
166106,2,ORTHOGONAL_M,6,0.7606654671888422,0.1461302449979365,0.19210842518981266
166106,2,ORTHOGONAL_M,12,0.7152864892895442,0.07430597764679532,0.10388282004401526
166106,3,NATIVE,0,0.5141769798821162,0.30300039122138206,0.5892920202122627
166106,3,NATIVE,1,0.5350064615276654,0.27746964819767334,0.518628592644231
166106,3,NATIVE,3,0.5546171925291355,0.22967336572509892,0.4141115147868821
166106,3,NATIVE,6,0.5570578121202822,0.16900032888664132,0.3033802330917481
166106,3,NATIVE,12,0.5450809572763406,0.08832821206884715,0.16204604268363118
166106,3,NO_M,0,0.5141769798821162,0.30300039122138206,0.5892920202122627
166106,3,NO_M,1,0.5351202757261111,0.2775996286715431,0.5187611855948732
166106,3,NO_M,3,0.5554344940339957,0.2302925290329832,0.4146169017347296
166106,3,NO_M,6,0.5606245799602383,0.1706553188539007,0.3044021346084992
166106,3,NO_M,12,0.5613799879462037,0.09193103329082321,0.1637590139740104
166106,3,ALIGNED_M,0,0.5141769798821162,0.30300039122138206,0.5892920202122627
166106,3,ALIGNED_M,1,0.5354836220670727,0.2769899171131016,0.5172705675737671
166106,3,ALIGNED_M,3,0.5555459883926774,0.22824854348072843,0.41085445354594907
166106,3,ALIGNED_M,6,0.5575742394839261,0.1662337251920999,0.29813738408350776
166106,3,ALIGNED_M,12,0.5398905493417163,0.08350598498103821,0.15467206285208301
166106,3,ORTHOGONAL_M,0,0.5141769798821162,0.30300039122138206,0.5892920202122627
166106,3,ORTHOGONAL_M,1,0.5348389623614848,0.27771145638515815,0.5192431291074292
166106,3,ORTHOGONAL_M,3,0.5544349366681971,0.23046892247659795,0.4156825395267468
166106,3,ORTHOGONAL_M,6,0.5577379007769692,0.17069535740475564,0.30604941347352194
166106,3,ORTHOGONAL_M,12,0.5508958359874248,0.09152108687573746,0.1661313825538078
166107,0,NATIVE,0,0.5392846725110433,0.28908866114356274,0.5360594800469437
166107,0,NATIVE,1,0.5685795060743332,0.2625396910382215,0.4617466655646421
166107,0,NATIVE,3,0.5994776146440827,0.21408910715869844,0.35712610767926395
166107,0,NATIVE,6,0.6017730828212688,0.15312846473653607,0.2544621371541287
166107,0,NATIVE,12,0.5216160156420387,0.06948831668098666,0.13321737561192276
166107,0,NO_M,0,0.5392846725110433,0.28908866114356274,0.5360594800469437
166107,0,NO_M,1,0.5693944980370729,0.26251197464487325,0.4610370763150125
166107,0,NO_M,3,0.6026243922326261,0.21415468472079452,0.35537009035989814
166107,0,NO_M,6,0.6076750100632556,0.15332074664652998,0.25230714462087644
166107,0,NO_M,12,0.5285857684593915,0.06957931487583348,0.1316329705179571
166107,0,ALIGNED_M,0,0.5392846725110433,0.28908866114356274,0.5360594800469437
166107,0,ALIGNED_M,1,0.5679416400631665,0.2622404879873187,0.4617384419253804
166107,0,ALIGNED_M,3,0.5966689000555213,0.21307272051184825,0.3571037814976011
166107,0,ALIGNED_M,6,0.5957564107264206,0.15127206551812775,0.2539159676581079
166107,0,ALIGNED_M,12,0.5078129397810747,0.06709530454606925,0.13212602375785967
166107,0,ORTHOGONAL_M,0,0.5392846725110433,0.28908866114356274,0.5360594800469437
166107,0,ORTHOGONAL_M,1,0.5690884729106194,0.26265387874816654,0.4615343505462494
166107,0,ORTHOGONAL_M,3,0.601450423629368,0.2145306997784568,0.3566889162433272
166107,0,ORTHOGONAL_M,6,0.6052825268510561,0.15395939044499932,0.2543595488307843
166107,0,ORTHOGONAL_M,12,0.5255469253205657,0.07050668109527235,0.13415867869887932
166107,1,NATIVE,0,0.5645243377643436,0.3217826521654552,0.5700066952645255
166107,1,NATIVE,1,0.5941410684687741,0.29497763335021865,0.4964774344086842
166107,1,NATIVE,3,0.6157497302827423,0.2411332398185597,0.391609168400005
166107,1,NATIVE,6,0.6012925189374442,0.17151246237048465,0.28523964122081574
166107,1,NATIVE,12,0.5380618621530247,0.08320826362573268,0.15464441819528452
166107,1,NO_M,0,0.5645243377643436,0.3217826521654552,0.5700066952645255
166107,1,NO_M,1,0.5949707375613393,0.29496325689227615,0.49576094801109305
166107,1,NO_M,3,0.6176939716799495,0.24118288665174883,0.39045692156553397
166107,1,NO_M,6,0.6034913298723431,0.17169412523846522,0.28450139503209804
166107,1,NO_M,12,0.5389494166601149,0.08352813207887316,0.15498324981311346
166107,1,ALIGNED_M,0,0.5645243377643436,0.3217826521654552,0.5700066952645255
166107,1,ALIGNED_M,1,0.5943743841597964,0.29468997143804937,0.4957985729055498
166107,1,ALIGNED_M,3,0.6166381820318686,0.240098806306653,0.3893674010187011
166107,1,ALIGNED_M,6,0.6031969438671195,0.16964472911905354,0.2812426867275668
166107,1,ALIGNED_M,12,0.5288604954570932,0.08104360074760658,0.15324192569451428
166107,1,ORTHOGONAL_M,0,0.5645243377643436,0.3217826521654552,0.5700066952645255
166107,1,ORTHOGONAL_M,1,0.5942888835675478,0.29509167931008434,0.49654585079671354
166107,1,ORTHOGONAL_M,3,0.6157585913193641,0.24157741416119902,0.3923248779096562
166107,1,ORTHOGONAL_M,6,0.6002295200086432,0.1723450632023127,0.2871319344637089
166107,1,ORTHOGONAL_M,12,0.5376484194456633,0.08420883051928263,0.1566243431090125
166107,2,NATIVE,0,0.4633157134526087,0.26259992066966487,0.5667839726668795
166107,2,NATIVE,1,0.48225232009827634,0.2308233856114611,0.4786361329778912
166107,2,NATIVE,3,0.5127952630104268,0.17734334444809371,0.34583654967281036
166107,2,NATIVE,6,0.5314407890128852,0.11906163551205437,0.22403556139000266
166107,2,NATIVE,12,0.48883707833879614,0.05356696951740424,0.1095804141932798
166107,2,NO_M,0,0.4633157134526087,0.26259992066966487,0.5667839726668795
166107,2,NO_M,1,0.48310429678998895,0.2313072688859245,0.4787936485410116
166107,2,NO_M,3,0.5150657562309892,0.17882829667135303,0.34719508044939473
166107,2,NO_M,6,0.5343415376593211,0.121709919951363,0.22777551691845938
166107,2,NO_M,12,0.49846748784575007,0.05717558821771722,0.11470274313137108
166107,2,ALIGNED_M,0,0.4633157134526087,0.26259992066966487,0.5667839726668795
166107,2,ALIGNED_M,1,0.4829692228044107,0.2310334549174441,0.47836061597448903
166107,2,ALIGNED_M,3,0.5158529012143515,0.17774062241450406,0.3445567951563025
166107,2,ALIGNED_M,6,0.5400405974970037,0.11965235653029536,0.22156178088250567
166107,2,ALIGNED_M,12,0.5001747182495457,0.0546838108576681,0.10932941802624073
166107,2,ORTHOGONAL_M,0,0.4633157134526087,0.26259992066966487,0.5667839726668795
166107,2,ORTHOGONAL_M,1,0.4822266783142423,0.2308967704846676,0.4788137630456814
166107,2,ORTHOGONAL_M,3,0.512170518907425,0.17767123511689448,0.34689859833381437
166107,2,ORTHOGONAL_M,6,0.5283240058715918,0.11969532659913948,0.2265566683869833
166107,2,ORTHOGONAL_M,12,0.48414156328033375,0.05430112956019924,0.11215961131754965
166107,3,NATIVE,0,0.5256820144132286,0.29385002220046325,0.5589881604156747
166107,3,NATIVE,1,0.5510064435970166,0.26540820748846045,0.48167895416221723
166107,3,NATIVE,3,0.571473327410585,0.21174138511278054,0.3705184038460716
166107,3,NATIVE,6,0.5490464293407185,0.14476016589980392,0.2636574216020702
166107,3,NATIVE,12,0.43340377857921464,0.062187034527541415,0.14348521540674522
166107,3,NO_M,0,0.5256820144132286,0.29385002220046325,0.5589881604156747
166107,3,NO_M,1,0.5526881545902104,0.2662187196873915,0.4816797998588772
166107,3,NO_M,3,0.5770236635035997,0.21409481314789797,0.3710329864947648
166107,3,NO_M,6,0.5618130374268051,0.14895281053686474,0.2651287894974559
166107,3,NO_M,12,0.4703420490174625,0.06830943124451946,0.14523351970594783
166107,3,ALIGNED_M,0,0.5256820144132286,0.29385002220046325,0.5589881604156747
166107,3,ALIGNED_M,1,0.5518273745700168,0.26594708350636875,0.48193891017745816
166107,3,ALIGNED_M,3,0.5744531172401034,0.21301424229245444,0.3708122314939306
166107,3,ALIGNED_M,6,0.5565255563170197,0.14690753765697026,0.2639726711369185
166107,3,ALIGNED_M,12,0.44778059052043695,0.06582698387984365,0.14700722915062037
166107,3,ORTHOGONAL_M,0,0.5256820144132286,0.29385002220046325,0.5589881604156747
166107,3,ORTHOGONAL_M,1,0.5511994878225008,0.2654535183715846,0.48159246196008815
166107,3,ORTHOGONAL_M,3,0.5718523584842733,0.21199412116871086,0.3707147798263979
166107,3,ORTHOGONAL_M,6,0.5492948503323565,0.14526039735497584,0.26444886069308254
166107,3,ORTHOGONAL_M,12,0.43643970332384435,0.06270846677375769,0.1436818563851456
166108,0,NATIVE,0,0.42759003058711564,0.24370541087784325,0.5699511060704874
166108,0,NATIVE,1,0.40044837578318776,0.19917158010041983,0.49737142699325887
166108,0,NATIVE,3,0.3274926012564563,0.1265676398234936,0.38647480687472757
166108,0,NATIVE,6,0.20815360315750955,0.05891317566312592,0.28302741230256206
166108,0,NATIVE,12,0.05896032761705594,0.011920042341712475,0.20217055812735701
166108,0,NO_M,0,0.42759003058711564,0.24370541087784325,0.5699511060704874
166108,0,NO_M,1,0.39948699651032,0.1986519081728263,0.4972675203651879
166108,0,NO_M,3,0.32502144490116425,0.1251336989401165,0.38500136191987555
166108,0,NO_M,6,0.20285543568148162,0.05648287222276311,0.2784390373026509
166108,0,NO_M,12,0.045317048066691804,0.008708961139906464,0.19217847391757262
166108,0,ALIGNED_M,0,0.42759003058711564,0.24370541087784325,0.5699511060704874
166108,0,ALIGNED_M,1,0.4015977164226711,0.20031182488575813,0.4987872607197103
166108,0,ALIGNED_M,3,0.3312313765647805,0.12954352295492483,0.3910967744011017
166108,0,ALIGNED_M,6,0.21686908649459946,0.06346345031292092,0.2926348394726127
166108,0,ALIGNED_M,12,0.07675689183167698,0.016957743209053126,0.22092795584062724
166108,0,ORTHOGONAL_M,0,0.42759003058711564,0.24370541087784325,0.5699511060704874
166108,0,ORTHOGONAL_M,1,0.3996354102254305,0.1985248825889701,0.496764995066331
166108,0,ORTHOGONAL_M,3,0.3249895390738567,0.12485433765786667,0.38417955855954483
166108,0,ORTHOGONAL_M,6,0.20233053224933628,0.056214839687910155,0.277836661936093
166108,0,ORTHOGONAL_M,12,0.045721141200346975,0.008760157020694713,0.19159970181645158
166108,1,NATIVE,0,0.4957363326949058,0.26154793118475433,0.5275948401097257
166108,1,NATIVE,1,0.4980426314603334,0.2260405103748949,0.4538577545301845
166108,1,NATIVE,3,0.4781399950894186,0.16370943184524042,0.342388073632328
166108,1,NATIVE,6,0.41524603438755076,0.09428227260529487,0.22705159061747393
166108,1,NATIVE,12,0.27831926510547245,0.02907450129873039,0.10446456621574537
166108,1,NO_M,0,0.4957363326949058,0.26154793118475433,0.5275948401097257
166108,1,NO_M,1,0.49647404830805414,0.22518792327243373,0.4535744094577619
166108,1,NO_M,3,0.4728813787763528,0.16157459562739487,0.34168102801063627
166108,1,NO_M,6,0.40350179447520385,0.09106183038940216,0.22567887339344908
166108,1,NO_M,12,0.24947536794975364,0.025310208839901857,0.10145373889175942
166108,1,ALIGNED_M,0,0.4957363326949058,0.26154793118475433,0.5275948401097257
166108,1,ALIGNED_M,1,0.5002737219936111,0.22684320121358187,0.4534381704271788
166108,1,ALIGNED_M,3,0.48684428508929634,0.16597117977801007,0.3409122482511306
166108,1,ALIGNED_M,6,0.4356298363832218,0.09801809444512127,0.22500317071691986
166108,1,ALIGNED_M,12,0.3096132578907837,0.033525547538061466,0.1082820153324481
166108,1,ORTHOGONAL_M,0,0.4957363326949058,0.26154793118475433,0.5275948401097257
166108,1,ORTHOGONAL_M,1,0.49657830268781444,0.22542237720652714,0.45395132245284675
166108,1,ORTHOGONAL_M,3,0.4726262444121889,0.1620575826440399,0.34288739688078335
166108,1,ORTHOGONAL_M,6,0.40213967954491187,0.09165673588077283,0.2279226361956985
166108,1,ORTHOGONAL_M,12,0.2496435891859533,0.025971594851182035,0.10403469576715023
166108,2,NATIVE,0,0.499361658652413,0.2644011003642455,0.5294781763537066
166108,2,NATIVE,1,0.5058145776211046,0.22913604905434126,0.45300404375845926
166108,2,NATIVE,3,0.4845816495459913,0.16600388765848226,0.3425715517993903
166108,2,NATIVE,6,0.40358926171742693,0.0948720935600405,0.23507090638715286
166108,2,NATIVE,12,0.24695225681485974,0.03026317395423681,0.12254665879374088
166108,2,NO_M,0,0.499361658652413,0.2644011003642455,0.5294781763537066
166108,2,NO_M,1,0.5030177995493574,0.22791035529568687,0.45308606474733687
166108,2,NO_M,3,0.476756294665393,0.16299150017129505,0.34187592695694874
166108,2,NO_M,6,0.38987412951078965,0.09049447316860423,0.23211202364761377
166108,2,NO_M,12,0.22050668880483498,0.02546158833805563,0.11546855324914579
166108,2,ALIGNED_M,0,0.499361658652413,0.2644011003642455,0.5294781763537066
166108,2,ALIGNED_M,1,0.5079728836302914,0.2295642250855163,0.4519222038879383
166108,2,ALIGNED_M,3,0.4911507407352833,0.16738669577113438,0.3408051375847308
166108,2,ALIGNED_M,6,0.41412775846672334,0.09745243498410688,0.23531973646227908
166108,2,ALIGNED_M,12,0.25594691834153055,0.033684306080231007,0.1316066092863886
166108,2,ORTHOGONAL_M,0,0.499361658652413,0.2644011003642455,0.5294781763537066
166108,2,ORTHOGONAL_M,1,0.5039776940906707,0.22854824969232315,0.4534888197873321
166108,2,ORTHOGONAL_M,3,0.4791303854531429,0.16442241935315008,0.34316842418090876
166108,2,ORTHOGONAL_M,6,0.3939454931587266,0.09233736116145866,0.23439121087812906
166108,2,ORTHOGONAL_M,12,0.23061912012574004,0.027237960177946594,0.11810798759050808
166108,3,NATIVE,0,0.4548488637997675,0.24278430591131211,0.5337691818840876
166108,3,NATIVE,1,0.4471173425608547,0.205827449504122,0.4603432475359744
166108,3,NATIVE,3,0.39977243458643635,0.14392040417436214,0.36000582262067277
166108,3,NATIVE,6,0.30289894905774767,0.07955933114232484,0.2626596473504256
166108,3,NATIVE,12,0.17682705491637982,0.025150344460593655,0.14223131450379972
166108,3,NO_M,0,0.4548488637997675,0.24278430591131211,0.5337691818840876
166108,3,NO_M,1,0.4454365156694585,0.205126492205432,0.460506682747234
166108,3,NO_M,3,0.3933149845908597,0.14198357650739424,0.36099203455237705
166108,3,NO_M,6,0.2878697578608573,0.07632185864315687,0.2651263516192106
166108,3,NO_M,12,0.14295250600853482,0.021012940223407724,0.14699245791572246
166108,3,ALIGNED_M,0,0.4548488637997675,0.24278430591131211,0.5337691818840876
166108,3,ALIGNED_M,1,0.4486925664418176,0.20677996138161278,0.4608499824755237
166108,3,ALIGNED_M,3,0.4049426492185368,0.14637594846734922,0.36147328208037416
166108,3,ALIGNED_M,6,0.31393318371719764,0.08327249805366468,0.26525548228975104
166108,3,ALIGNED_M,12,0.20228330216425605,0.029220432915796964,0.1444530151681433
166108,3,ORTHOGONAL_M,0,0.4548488637997675,0.24278430591131211,0.5337691818840876
166108,3,ORTHOGONAL_M,1,0.44589205016852673,0.20519660947287305,0.46019346923838356
166108,3,ORTHOGONAL_M,3,0.39537589160643016,0.14225159139417612,0.3597882278967452
166108,3,ORTHOGONAL_M,6,0.29290315794925503,0.07693390734635236,0.2626598766807382
166108,3,ORTHOGONAL_M,12,0.1532590646167847,0.02207699605982969,0.14405018140382583
166109,0,NATIVE,0,0.5436123439845543,0.29259278144167267,0.5382379275956574
166109,0,NATIVE,1,0.5587839748244713,0.2618347935957377,0.4685796397041951
166109,0,NATIVE,3,0.55586414701317,0.20399913124189525,0.36699458372704336
166109,0,NATIVE,6,0.5109379385326064,0.1333191946893042,0.26093030999456307
166109,0,NATIVE,12,0.39349604307152697,0.05386467948061211,0.13688747429364767
166109,0,NO_M,0,0.5436123439845543,0.29259278144167267,0.5382379275956574
166109,0,NO_M,1,0.5580149085999865,0.26064481452398897,0.4670929226208606
166109,0,NO_M,3,0.5531794793696156,0.20098922271653194,0.36333455996155806
166109,0,NO_M,6,0.5034712836282961,0.12864631095121168,0.2555186663757786
166109,0,NO_M,12,0.36980097033144266,0.0478584111797474,0.1294166728033385
166109,0,ALIGNED_M,0,0.5436123439845543,0.29259278144167267,0.5382379275956574
166109,0,ALIGNED_M,1,0.559876211393957,0.26421814971271695,0.4719224434538278
166109,0,ALIGNED_M,3,0.5583161824020906,0.2097764107646416,0.3757304863743946
166109,0,ALIGNED_M,6,0.5132593296698323,0.14160503683546086,0.2758937415254464
166109,0,ALIGNED_M,12,0.3902441019529402,0.06286662928577838,0.1610956551839269
166109,0,ORTHOGONAL_M,0,0.5436123439845543,0.29259278144167267,0.5382379275956574
166109,0,ORTHOGONAL_M,1,0.5580512263524906,0.2604522631671013,0.46671748195850915
166109,0,ORTHOGONAL_M,3,0.5537440193851932,0.2006061143127013,0.3622722906071652
166109,0,ORTHOGONAL_M,6,0.5067332669854773,0.12833443885184193,0.2532583653236088
166109,0,ORTHOGONAL_M,12,0.38522571021815327,0.04814007777476337,0.12496590050413663
166109,1,NATIVE,0,0.4889045223020199,0.30693023974149364,0.627791778845278
166109,1,NATIVE,1,0.4874340549339593,0.27634941301992827,0.5669472828634474
166109,1,NATIVE,3,0.46039595536293376,0.2162450093338153,0.46969354707588673
166109,1,NATIVE,6,0.4056194581132372,0.14033366009589954,0.3459736886111513
166109,1,NATIVE,12,0.3140832972320373,0.053210268599378045,0.16941451222750784
166109,1,NO_M,0,0.4889045223020199,0.30693023974149364,0.627791778845278
166109,1,NO_M,1,0.4860698299925118,0.27559095281145146,0.5669781085069391
166109,1,NO_M,3,0.45678707688334813,0.21440255586201495,0.46937088790881154
166109,1,NO_M,6,0.39924906742054816,0.13761568709457128,0.3446863081826756
166109,1,NO_M,12,0.3021060733658256,0.04995342423166341,0.16535061236974546
166109,1,ALIGNED_M,0,0.4889045223020199,0.30693023974149364,0.627791778845278
166109,1,ALIGNED_M,1,0.4911791786057838,0.27916674319885715,0.5683602957097378
166109,1,ALIGNED_M,3,0.4704666312800456,0.22319551105314794,0.474413053367611
166109,1,ALIGNED_M,6,0.4236618684646506,0.15058210153920232,0.3554299141551366
166109,1,ALIGNED_M,12,0.34940901803290086,0.06496751590895317,0.18593542969984272
166109,1,ORTHOGONAL_M,0,0.4889045223020199,0.30693023974149364,0.627791778845278
166109,1,ORTHOGONAL_M,1,0.4854023874388923,0.27493052125646456,0.5663971343591055
166109,1,ORTHOGONAL_M,3,0.45480769892032674,0.21275403707951362,0.46778899650240235
166109,1,ORTHOGONAL_M,6,0.39519697283667965,0.13518574428767205,0.34207181122192704
166109,1,ORTHOGONAL_M,12,0.29087447603767563,0.04725813281714265,0.16246916354055355
166109,2,NATIVE,0,0.49032485351829413,0.24925291218075535,0.5083423987021043
166109,2,NATIVE,1,0.5041604474698204,0.21820489413535077,0.43280843475608965
166109,2,NATIVE,3,0.5286512449470481,0.17092216294439785,0.32331743200852514
166109,2,NATIVE,6,0.5839170833144457,0.12396717610591078,0.21230270469607698
166109,2,NATIVE,12,0.6597614590031741,0.06780521205734119,0.10277231434490969
166109,2,NO_M,0,0.49032485351829413,0.24925291218075535,0.5083423987021043
166109,2,NO_M,1,0.5015912760739716,0.21634666665792918,0.4313206329091253
166109,2,NO_M,3,0.5194706291350191,0.16625073780604666,0.3200387634674664
166109,2,NO_M,6,0.5653717707574055,0.11691837343531102,0.2067991001366607
166109,2,NO_M,12,0.6525729501803352,0.05938813182516856,0.09100611940587841
166109,2,ALIGNED_M,0,0.49032485351829413,0.24925291218075535,0.5083423987021043
166109,2,ALIGNED_M,1,0.5061850417073208,0.21992246761309103,0.4344704989134061
166109,2,ALIGNED_M,3,0.5351590904668478,0.17504292551197193,0.32708577436153435
166109,2,ALIGNED_M,6,0.5926989766290011,0.1298822126708563,0.2191368937560125
166109,2,ALIGNED_M,12,0.6287878739296408,0.07439890735785176,0.11832115478449338
166109,2,ORTHOGONAL_M,0,0.49032485351829413,0.24925291218075535,0.5083423987021043
166109,2,ORTHOGONAL_M,1,0.5024471124870559,0.21687639670758257,0.431640248929009
166109,2,ORTHOGONAL_M,3,0.5226724272807571,0.1676640670305428,0.32078230700406263
166109,2,ORTHOGONAL_M,6,0.5728497944265667,0.11917636808080319,0.20804121645900508
166109,2,ORTHOGONAL_M,12,0.6671105418802862,0.062278734214095195,0.09335594373692319
166109,3,NATIVE,0,0.4973716530672282,0.2957771206109971,0.5946802934726357
166109,3,NATIVE,1,0.4931371282619855,0.26184115844437006,0.5309702787279399
166109,3,NATIVE,3,0.4690893201980696,0.19912760805060026,0.4244982767173479
166109,3,NATIVE,6,0.42906741123917475,0.12665371387735738,0.2951837183615653
166109,3,NATIVE,12,0.3754148122725474,0.05267633571653609,0.14031501686802786
166109,3,NO_M,0,0.4973716530672282,0.2957771206109971,0.5946802934726357
166109,3,NO_M,1,0.49210036852389283,0.2608239019376255,0.5300217569842239
166109,3,NO_M,3,0.4664933722625906,0.19672897648119436,0.42171869565265235
166109,3,NO_M,6,0.4247691049250734,0.12324189460070284,0.29013855568058583
166109,3,NO_M,12,0.3726296141858938,0.04876064106955469,0.13085551768631953
166109,3,ALIGNED_M,0,0.4973716530672282,0.2957771206109971,0.5946802934726357
166109,3,ALIGNED_M,1,0.4963103789455857,0.26439747787743706,0.5327260704060697
166109,3,ALIGNED_M,3,0.4780371223771889,0.2055163044389389,0.42991703953228
166109,3,ALIGNED_M,6,0.44538249305237443,0.13620000210704136,0.3058045707490749
166109,3,ALIGNED_M,12,0.3990124719016872,0.0637677112357552,0.1598138297077102
166109,3,ORTHOGONAL_M,0,0.4973716530672282,0.2957771206109971,0.5946802934726357
166109,3,ORTHOGONAL_M,1,0.4914509863260188,0.2604445643321155,0.5299502322279073
166109,3,ORTHOGONAL_M,3,0.4642784599474497,0.19568487071551519,0.4214816916935082
166109,3,ORTHOGONAL_M,6,0.4198486672787077,0.1215664898565262,0.28954835237292803
166109,3,ORTHOGONAL_M,12,0.35944566133898,0.046781642236576604,0.1301494141348189
166110,0,NATIVE,0,0.45895238237107455,0.2446985001065174,0.5331675125910164
166110,0,NATIVE,1,0.45778915064654785,0.20918096522701363,0.45693735845764627
166110,0,NATIVE,3,0.4355189363140095,0.1516783021177019,0.3482702805104475
166110,0,NATIVE,6,0.3892418998566354,0.09371597179958881,0.24076537452442037
166110,0,NATIVE,12,0.31290377299859296,0.04151060921549785,0.1326625397248795
166110,0,NO_M,0,0.45895238237107455,0.2446985001065174,0.5331675125910164
166110,0,NO_M,1,0.4563924707899461,0.20827729753539562,0.4563556825880337
166110,0,NO_M,3,0.4316244264652294,0.14942566235384147,0.34619371192114123
166110,0,NO_M,6,0.38293058438755295,0.09023751533282383,0.2356497992374726
166110,0,NO_M,12,0.30572932077947806,0.03696502752427872,0.1209076951796009
166110,0,ALIGNED_M,0,0.45895238237107455,0.2446985001065174,0.5331675125910164
166110,0,ALIGNED_M,1,0.4602877142594077,0.21068173602917636,0.4577174873505972
166110,0,ALIGNED_M,3,0.44355220092633557,0.15552066040368132,0.3506253831654409
166110,0,ALIGNED_M,6,0.40501781636001466,0.09965943064455472,0.24606184374852147
166110,0,ALIGNED_M,12,0.3404770841034394,0.048799496041804835,0.14332681499049496
166110,0,ORTHOGONAL_M,0,0.45895238237107455,0.2446985001065174,0.5331675125910164
166110,0,ORTHOGONAL_M,1,0.45626924477330816,0.20825911411115444,0.4564390795496526
166110,0,ORTHOGONAL_M,3,0.4306951002764557,0.14933840101721674,0.34673810062234056
166110,0,ORTHOGONAL_M,6,0.37969809375848057,0.09009857826329386,0.23729004634033052
166110,0,ORTHOGONAL_M,12,0.2949749829296186,0.036981477853422484,0.1253715738403463
166110,1,NATIVE,0,0.5783854779828383,0.32946190342864584,0.5696234016415057
166110,1,NATIVE,1,0.6129758339312995,0.30168142042354357,0.4921587503518792
166110,1,NATIVE,3,0.6466548883586781,0.2446691894566925,0.3783613081124156
166110,1,NATIVE,6,0.6441640760850401,0.17033676214075566,0.2644307071204223
166110,1,NATIVE,12,0.5680299952697176,0.08021816157698099,0.1412216999894129
166110,1,NO_M,0,0.5783854779828383,0.32946190342864584,0.5696234016415057
166110,1,NO_M,1,0.6118656611248787,0.30113216773473206,0.4921540574463753
166110,1,NO_M,3,0.6430460507304862,0.2431074121585739,0.37805599129703754
166110,1,NO_M,6,0.6368427109954822,0.16772431011702263,0.26336850092046926
166110,1,NO_M,12,0.5550079537433111,0.07691959554156369,0.13859187967083747
166110,1,ALIGNED_M,0,0.5783854779828383,0.32946190342864584,0.5696234016415057
166110,1,ALIGNED_M,1,0.6157739469951163,0.3035357179548936,0.49293368034826374
166110,1,ALIGNED_M,3,0.654210840116275,0.24920010790981673,0.3809171181961926
166110,1,ALIGNED_M,6,0.6540591096513663,0.17714315702869213,0.2708366176920916
166110,1,ALIGNED_M,12,0.562750965160658,0.08875158945673862,0.15771023943315324
166110,1,ORTHOGONAL_M,0,0.5783854779828383,0.32946190342864584,0.5696234016415057
166110,1,ORTHOGONAL_M,1,0.6114104785537592,0.30073076323373094,0.4918639339402075
166110,1,ORTHOGONAL_M,3,0.641926539499822,0.24227339031674625,0.37741606774118824
166110,1,ORTHOGONAL_M,6,0.6357925695983391,0.16664938311950273,0.26211281963356126
166110,1,ORTHOGONAL_M,12,0.5593324202319936,0.07558734907256771,0.13513850858350632
166110,2,NATIVE,0,0.4675742726550501,0.2610524882800582,0.5583123442564542
166110,2,NATIVE,1,0.4836477997197809,0.23575992532177875,0.4874620032560135
166110,2,NATIVE,3,0.5030328064400064,0.19429353454745082,0.38624426093094466
166110,2,NATIVE,6,0.5019005765964977,0.14497116518527003,0.2888443886005091
166110,2,NATIVE,12,0.4375934371505617,0.07774528114712183,0.1776655556202091
166110,2,NO_M,0,0.4675742726550501,0.2610524882800582,0.5583123442564542
166110,2,NO_M,1,0.48231966399930654,0.23484760261429327,0.48691276790784094
166110,2,NO_M,3,0.4995835524354702,0.19206935151728063,0.38445891699382584
166110,2,NO_M,6,0.49646100415847816,0.14166360009433646,0.2853468830536863
166110,2,NO_M,12,0.43060760093492945,0.07372538056831945,0.1712124458747078
166110,2,ALIGNED_M,0,0.4675742726550501,0.2610524882800582,0.5583123442564542
166110,2,ALIGNED_M,1,0.48590537274034384,0.2372516264355778,0.4882671395410731
166110,2,ALIGNED_M,3,0.5092872615769747,0.19816289096422987,0.3890984635088254
166110,2,ALIGNED_M,6,0.5125812341200612,0.15108295140243447,0.29474928332439615
166110,2,ALIGNED_M,12,0.45192689174814926,0.08555668258464463,0.18931531658512873
166110,2,ORTHOGONAL_M,0,0.4675742726550501,0.2610524882800582,0.5583123442564542
166110,2,ORTHOGONAL_M,1,0.48224898329000165,0.23483843792084116,0.48696512809361253
166110,2,ORTHOGONAL_M,3,0.4990788887085172,0.191950482308781,0.3846095009257675
166110,2,ORTHOGONAL_M,6,0.49479013171295116,0.14133839837005582,0.2856532281287306
166110,2,ORTHOGONAL_M,12,0.4264426848862837,0.07317092400959024,0.17158442764493012
166110,3,NATIVE,0,0.4456987274216599,0.2481559447758936,0.5567795676946409
166110,3,NATIVE,1,0.4455232130901528,0.21409798073756242,0.48055404173570826
166110,3,NATIVE,3,0.4293095834159825,0.16041734272697494,0.3736635493914132
166110,3,NATIVE,6,0.3911289392354158,0.10818833698013945,0.27660529847681026
166110,3,NATIVE,12,0.34371560540653995,0.05945304599160089,0.17297162263340637
166110,3,NO_M,0,0.4456987274216599,0.2481559447758936,0.5567795676946409
166110,3,NO_M,1,0.4439034923753506,0.21275340656409458,0.4792785148538252
166110,3,NO_M,3,0.4237772979524916,0.1567611339337089,0.36991394935760136
166110,3,NO_M,6,0.3784730113999008,0.1021546606853291,0.2699126690895854
166110,3,NO_M,12,0.31687294231955904,0.051521766612416475,0.16259440214510507
166110,3,ALIGNED_M,0,0.4456987274216599,0.2481559447758936,0.5567795676946409
166110,3,ALIGNED_M,1,0.4457286969700562,0.2151572239926995,0.48270893360752887
166110,3,ALIGNED_M,3,0.42956977219389986,0.16285439467891907,0.379110461723549
166110,3,ALIGNED_M,6,0.3918565482163179,0.11157414137133226,0.2847321089291342
166110,3,ALIGNED_M,12,0.3438662620864087,0.06335368364289408,0.18423931227939477
166110,3,ORTHOGONAL_M,0,0.4456987274216599,0.2481559447758936,0.5567795676946409
166110,3,ORTHOGONAL_M,1,0.4448832135217295,0.21321266616357656,0.47925536339247
166110,3,ORTHOGONAL_M,3,0.42721399516396796,0.15819363482995719,0.3702913214938836
166110,3,ORTHOGONAL_M,6,0.38607310785164056,0.10478212943472232,0.2714048901716791
166110,3,ORTHOGONAL_M,12,0.3331951880718905,0.05520337503986489,0.1656787883381628
166111,0,NATIVE,0,0.567555036567104,0.3089911591031431,0.5444250146595263
166111,0,NATIVE,1,0.5733046432359596,0.28205521245877735,0.49198138509176514
166111,0,NATIVE,3,0.5467797315808884,0.23151064827754536,0.42340751660303144
166111,0,NATIVE,6,0.49221289795877865,0.16900749805340873,0.3433625952393353
166111,0,NATIVE,12,0.42870046083114005,0.08915284443355276,0.20796069185626942
166111,0,NO_M,0,0.567555036567104,0.3089911591031431,0.5444250146595263
166111,0,NO_M,1,0.5738967931689987,0.28213640348745894,0.49161522915909894
166111,0,NO_M,3,0.5500059950825101,0.23195496658415682,0.4217317059414059
166111,0,NO_M,6,0.5010933263524783,0.1703274529330065,0.33991163716514267
166111,0,NO_M,12,0.4530820972164111,0.09241932135344184,0.20397919476675047
166111,0,ALIGNED_M,0,0.567555036567104,0.3089911591031431,0.5444250146595263
166111,0,ALIGNED_M,1,0.5739661615924908,0.2827454543545742,0.4926169402915262
166111,0,ALIGNED_M,3,0.5488492891281059,0.23319197022070828,0.4248743231336682
166111,0,ALIGNED_M,6,0.4967785239055506,0.17152483766625096,0.3452742608874402
166111,0,ALIGNED_M,12,0.43605327426510254,0.09199097939526067,0.2109627075964265
166111,0,ORTHOGONAL_M,0,0.567555036567104,0.3089911591031431,0.5444250146595263
166111,0,ORTHOGONAL_M,1,0.5732175699668528,0.28179589489825524,0.4916037289550298
166111,0,ORTHOGONAL_M,3,0.5469278580626609,0.2309609374701004,0.4222877552593604
166111,0,ORTHOGONAL_M,6,0.493067949866934,0.1684020280269519,0.3415391896236427
166111,0,ORTHOGONAL_M,12,0.4330107869808241,0.0890611173427826,0.20567874986153464
166111,1,NATIVE,0,0.4066118909318064,0.28422210867585707,0.6990009761507877
166111,1,NATIVE,1,0.3922538628785947,0.25134780305678345,0.6407784010391525
166111,1,NATIVE,3,0.3619503693769065,0.19223614383939208,0.5311118874400332
166111,1,NATIVE,6,0.3269935103107511,0.124812998231649,0.3816987013382319
166111,1,NATIVE,12,0.3068698011178248,0.05569956612407139,0.18150878946436275
166111,1,NO_M,0,0.4066118909318064,0.28422210867585707,0.6990009761507877
166111,1,NO_M,1,0.3919253647195988,0.25066835052486575,0.63958185177476
166111,1,NO_M,3,0.36106593801973286,0.19060366271902018,0.5278915639741052
166111,1,NO_M,6,0.3253555141777093,0.1223587943271233,0.37607721091299945
166111,1,NO_M,12,0.304846148539938,0.05256889001059047,0.17244400253165135
166111,1,ALIGNED_M,0,0.4066118909318064,0.28422210867585707,0.6990009761507877
166111,1,ALIGNED_M,1,0.3921523576015492,0.2512774430630017,0.6407648409914913
166111,1,ALIGNED_M,3,0.36105496765464595,0.19184068084025005,0.5313337248519517
166111,1,ALIGNED_M,6,0.3230876112898381,0.12355638952095503,0.38242379219582195
166111,1,ALIGNED_M,12,0.28501231619832756,0.05214087350132389,0.1829425275258507
166111,1,ORTHOGONAL_M,0,0.4066118909318064,0.28422210867585707,0.6990009761507877
166111,1,ORTHOGONAL_M,1,0.39218062757622996,0.2511512023043,0.640396757627902
166111,1,ORTHOGONAL_M,3,0.36198744474893313,0.19185761090255707,0.5300117826893675
166111,1,ORTHOGONAL_M,6,0.32794898277461026,0.12451835246840957,0.3796881802008266
166111,1,ORTHOGONAL_M,12,0.3147548494452483,0.056134352966869715,0.17834309166578513
166111,2,NATIVE,0,0.5469344993277865,0.3415932196342023,0.6245596502945611
166111,2,NATIVE,1,0.5556980284298924,0.3196894439576135,0.575293464439449
166111,2,NATIVE,3,0.5413486465243206,0.2725028751842166,0.5033777713009671
166111,2,NATIVE,6,0.5042618930709902,0.20524623829481323,0.4070230987410941
166111,2,NATIVE,12,0.4536934827300934,0.10997531049630507,0.24240002266402993
166111,2,NO_M,0,0.5469344993277865,0.3415932196342023,0.6245596502945611
166111,2,NO_M,1,0.5554101372812624,0.31911621537291773,0.5745595803039987
166111,2,NO_M,3,0.5408778223609424,0.27105168716217976,0.5011329286511039
166111,2,NO_M,6,0.5038212107295947,0.20308666759054397,0.403092730646336
166111,2,NO_M,12,0.45446208901146073,0.10780689126180908,0.23721866766995078
166111,2,ALIGNED_M,0,0.5469344993277865,0.3415932196342023,0.6245596502945611
166111,2,ALIGNED_M,1,0.5549780561382013,0.3197248745011737,0.5761036332246372
166111,2,ALIGNED_M,3,0.539064460778082,0.2722873785977399,0.5051109809849327
166111,2,ALIGNED_M,6,0.49960895753385776,0.20428170356905614,0.4088831885189005
166111,2,ALIGNED_M,12,0.4398784484206679,0.10737638300460627,0.2441046688923294
166111,2,ORTHOGONAL_M,0,0.5469344993277865,0.3415932196342023,0.6245596502945611
166111,2,ORTHOGONAL_M,1,0.5558892674174007,0.3194840947631839,0.5747261432973189
166111,2,ORTHOGONAL_M,3,0.5420621745197682,0.27210965430471695,0.501989747847245
166111,2,ORTHOGONAL_M,6,0.5058248431589084,0.20492825564807224,0.4051367947218125
166111,2,ORTHOGONAL_M,12,0.4589381986468799,0.11033259994553914,0.24040840416167739
166111,3,NATIVE,0,0.5232063700193231,0.330416111852905,0.63152157692708
166111,3,NATIVE,1,0.5195728547294785,0.3053032710388825,0.5876043528059861
166111,3,NATIVE,3,0.4985605991501296,0.2534211346460067,0.508305580260438
166111,3,NATIVE,6,0.4711286591544324,0.18412993369695152,0.39082728277964324
166111,3,NATIVE,12,0.46184975854439647,0.09737049951631292,0.2108272175418817
166111,3,NO_M,0,0.5232063700193231,0.330416111852905,0.63152157692708
166111,3,NO_M,1,0.5190888333092337,0.30463808228884326,0.5868708065760958
166111,3,NO_M,3,0.4971958382990054,0.2517078956742301,0.5062550332990694
166111,3,NO_M,6,0.4685265626293052,0.18128966992899312,0.38693573510883356
166111,3,NO_M,12,0.457121067490626,0.09322506623550987,0.20393955314127754
166111,3,ALIGNED_M,0,0.5232063700193231,0.330416111852905,0.63152157692708
166111,3,ALIGNED_M,1,0.5190515152726579,0.3052468648937334,0.5880858757022961
166111,3,ALIGNED_M,3,0.49627026602700547,0.2529442816449192,0.5096905838625166
166111,3,ALIGNED_M,6,0.4646234729036595,0.18248610251823894,0.39276126403555567
166111,3,ALIGNED_M,12,0.437495651178233,0.09279593399883772,0.21210710037669775
166111,3,ORTHOGONAL_M,0,0.5232063700193231,0.330416111852905,0.63152157692708
166111,3,ORTHOGONAL_M,1,0.5196180717755737,0.3051055114273724,0.5871726331318605
166111,3,ORTHOGONAL_M,3,0.4989917622613008,0.2530493186500392,0.5071212348341727
166111,3,ORTHOGONAL_M,6,0.47276866336495843,0.18386746800456605,0.38891636069080937
166111,3,ORTHOGONAL_M,12,0.4694802824408319,0.09788970982864872,0.20850654114739656
166112,0,NATIVE,0,0.5634984048976321,0.3354859095735652,0.5953626605819888
166112,0,NATIVE,1,0.5880222791679384,0.319285577738926,0.5429821097777389
166112,0,NATIVE,3,0.5979790748150084,0.28708913170457984,0.48009895963899685
166112,0,NATIVE,6,0.5688988448992945,0.24124217057449246,0.424051081729991
166112,0,NATIVE,12,0.5105259938663859,0.1656696269217803,0.3245077212760596
166112,0,NO_M,0,0.5634984048976321,0.3354859095735652,0.5953626605819888
166112,0,NO_M,1,0.587631826916244,0.3184749001787699,0.541963327361025
166112,0,NO_M,3,0.5963541003223469,0.2847033494393318,0.47740654300094
166112,0,NO_M,6,0.5650777755280026,0.2366549016884976,0.4188005827469776
166112,0,NO_M,12,0.5023661276872489,0.1576976003030568,0.313909699742393
166112,0,ALIGNED_M,0,0.5634984048976321,0.3354859095735652,0.5953626605819888
166112,0,ALIGNED_M,1,0.5898287637967423,0.32067717929764117,0.5436784351333256
166112,0,ALIGNED_M,3,0.6031774399109162,0.2910041102445347,0.48245191379755337
166112,0,ALIGNED_M,6,0.5778458299307364,0.2482064744764932,0.42953753686556884
166112,0,ALIGNED_M,12,0.5225562144041193,0.17616397496496505,0.3371196631272374
166112,0,ORTHOGONAL_M,0,0.5634984048976321,0.3354859095735652,0.5953626605819888
166112,0,ORTHOGONAL_M,1,0.5871268340193874,0.3184372370714167,0.5423653265708127
166112,0,ORTHOGONAL_M,3,0.5951747410858599,0.2846674434404781,0.47829221199998406
166112,0,ORTHOGONAL_M,6,0.5636103098596281,0.23682005666045716,0.4201840394286523
166112,0,ORTHOGONAL_M,12,0.5020203895661173,0.15865469096794618,0.31603236495048204
166112,1,NATIVE,0,0.5737436083816889,0.3350220752161257,0.5839229759109483
166112,1,NATIVE,1,0.5860833869996794,0.3163365918188015,0.5397467303043862
166112,1,NATIVE,3,0.5813276609660667,0.28014879155379874,0.4819120271831471
166112,1,NATIVE,6,0.5541243791113301,0.2323554368177094,0.41932000391381863
166112,1,NATIVE,12,0.5093186217664081,0.15885099762718188,0.3118892395417516
166112,1,NO_M,0,0.5737436083816889,0.3350220752161257,0.5839229759109483
166112,1,NO_M,1,0.5852579868801953,0.3156014099793806,0.5392517779411033
166112,1,NO_M,3,0.578845507214356,0.2780997886425577,0.48043870977056485
166112,1,NO_M,6,0.5495746757633685,0.22868785741614012,0.4161178953496805
166112,1,NO_M,12,0.5023920950807672,0.15307216522085457,0.3046866515609527
166112,1,ALIGNED_M,0,0.5737436083816889,0.3350220752161257,0.5839229759109483
166112,1,ALIGNED_M,1,0.5880746358084253,0.31780447829299996,0.5404152108279764
166112,1,ALIGNED_M,3,0.5870897045330173,0.28440246087039683,0.4844276073562076
166112,1,ALIGNED_M,6,0.5639205727654354,0.24024114539816047,0.42601947330991474
166112,1,ALIGNED_M,12,0.5227343918380389,0.1715367201722875,0.3281527346404855
166112,1,ORTHOGONAL_M,0,0.5737436083816889,0.3350220752161257,0.5839229759109483
166112,1,ORTHOGONAL_M,1,0.5849687656140438,0.31548177624654483,0.5393138827085548
166112,1,ORTHOGONAL_M,3,0.5780136997638186,0.2776987478084967,0.48043627326127836
166112,1,ORTHOGONAL_M,6,0.5482411452497825,0.22785716107771367,0.41561484950914485
166112,1,ORTHOGONAL_M,12,0.5005749918730891,0.15165676828579983,0.3029651315945995
166112,2,NATIVE,0,0.5942579738502776,0.37990952633920316,0.6393006792617586
166112,2,NATIVE,1,0.6286839719805578,0.3769151464582553,0.5995303892842156
166112,2,NATIVE,3,0.6531413610889589,0.36299545794973964,0.5557685970836783
166112,2,NATIVE,6,0.6307557212772779,0.3234582900263891,0.5128107112074746
166112,2,NATIVE,12,0.5325960661442781,0.2173912337943713,0.40817281165474645
166112,2,NO_M,0,0.5942579738502776,0.37990952633920316,0.6393006792617586
166112,2,NO_M,1,0.6277361553227329,0.37658479786764393,0.5999093642679048
166112,2,NO_M,3,0.650986097472277,0.362125264501619,0.5562718864622694
166112,2,NO_M,6,0.6284433039171368,0.3220336699049182,0.512430744185915
166112,2,NO_M,12,0.5312105387576,0.21546496862168277,0.4056112462030783
166112,2,ALIGNED_M,0,0.5942579738502776,0.37990952633920316,0.6393006792617586
166112,2,ALIGNED_M,1,0.6308695887116521,0.3787848567316798,0.6004170489581233
166112,2,ALIGNED_M,3,0.6586142609628199,0.36841807888701783,0.5593836950150871
166112,2,ALIGNED_M,6,0.6396600466465815,0.3335726258482992,0.5214842283757589
166112,2,ALIGNED_M,12,0.5480153123318214,0.2339341994783316,0.42687529748563147
166112,2,ORTHOGONAL_M,0,0.5942579738502776,0.37990952633920316,0.6393006792617586
166112,2,ORTHOGONAL_M,1,0.6274412450517405,0.3760283782151772,0.5993045264089458
166112,2,ORTHOGONAL_M,3,0.6500142590750322,0.36045275644481256,0.5545305374650253
166112,2,ORTHOGONAL_M,6,0.6259155915216782,0.3187816885851154,0.5093045977814885
166112,2,ORTHOGONAL_M,12,0.5247385361947253,0.2098777646943684,0.399966364613406
166112,3,NATIVE,0,0.5868042919782743,0.3114578514848375,0.5307695525450664
166112,3,NATIVE,1,0.5941877930302489,0.28966324045586705,0.48749443164867656
166112,3,NATIVE,3,0.5786382676029739,0.24893907539823212,0.4302153682808869
166112,3,NATIVE,6,0.5346544067147012,0.19618721263860278,0.36694210348721
166112,3,NATIVE,12,0.47173372724874235,0.12309184383704522,0.260935007880274
166112,3,NO_M,0,0.5868042919782743,0.3114578514848375,0.5307695525450664
166112,3,NO_M,1,0.5930388661302758,0.28872560738543657,0.48685781636781694
166112,3,NO_M,3,0.575705938117817,0.24644926120564548,0.42808184680423755
166112,3,NO_M,6,0.529931854791298,0.19209033940574585,0.36248120898750724
166112,3,NO_M,12,0.4662545351189399,0.1174710086339943,0.25194609335869367
166112,3,ALIGNED_M,0,0.5868042919782743,0.3114578514848375,0.5307695525450664
166112,3,ALIGNED_M,1,0.5967151951280119,0.2909276065960448,0.48754851388295617
166112,3,ALIGNED_M,3,0.5860930819260859,0.252750735938478,0.43124674856740397
166112,3,ALIGNED_M,6,0.5488826988932147,0.2036449136419249,0.3710171846417406
166112,3,ALIGNED_M,12,0.4963763419719027,0.13593530625690722,0.2738553286340912
166112,3,ORTHOGONAL_M,0,0.5868042919782743,0.3114578514848375,0.5307695525450664
166112,3,ORTHOGONAL_M,1,0.5927392805791997,0.2888265777212629,0.48727423200134384
166112,3,ORTHOGONAL_M,3,0.5744396707244711,0.24652889770305136,0.42916412334846243
166112,3,ORTHOGONAL_M,6,0.5267399108565103,0.19172951611480224,0.3639927641006635
166112,3,ORTHOGONAL_M,12,0.4580007542798288,0.11589370422344213,0.25304260558625635
166113,0,NATIVE,0,0.5223274987224976,0.3380661631722715,0.647230260706369
166113,0,NATIVE,1,0.5505391399906651,0.323625123973182,0.5878330902661443
166113,0,NATIVE,3,0.5865642922851696,0.29607050631954557,0.5047537161972365
166113,0,NATIVE,6,0.6068118464108783,0.25665285526331744,0.4229529413134279
166113,0,NATIVE,12,0.5987863602539175,0.18391664163777666,0.30714901648691817
166113,0,NO_M,0,0.5223274987224976,0.3380661631722715,0.647230260706369
166113,0,NO_M,1,0.5497980861121537,0.32299490396383335,0.587479134836314
166113,0,NO_M,3,0.5837062245753669,0.29423715521360794,0.5040843198608248
166113,0,NO_M,6,0.6000246958133408,0.25342446520158046,0.4223567245979036
166113,0,NO_M,12,0.5847577589755826,0.17957307230806135,0.3070896786776204
166113,0,ALIGNED_M,0,0.5223274987224976,0.3380661631722715,0.647230260706369
166113,0,ALIGNED_M,1,0.5491845320764531,0.3231688578814678,0.5884522214410709
166113,0,ALIGNED_M,3,0.5832512539389191,0.2945386238567327,0.5049944117009545
166113,0,ALIGNED_M,6,0.6012254137289708,0.25343091585487937,0.4215239576833994
166113,0,ALIGNED_M,12,0.5877045711036402,0.1784986940814988,0.30372180659799
166113,0,ORTHOGONAL_M,0,0.5223274987224976,0.3380661631722715,0.647230260706369
166113,0,ORTHOGONAL_M,1,0.5508444139725497,0.32360544715677364,0.5874715962407779
166113,0,ORTHOGONAL_M,3,0.5868972148136725,0.2960979592032667,0.504514166585826
166113,0,ORTHOGONAL_M,6,0.6065620694239574,0.2569184007228707,0.42356489743392245
166113,0,ORTHOGONAL_M,12,0.597804959879458,0.18472278467172734,0.3090017598866537
166113,1,NATIVE,0,0.4321207206723352,0.23836632996273377,0.5516197640137628
166113,1,NATIVE,1,0.41233024520001926,0.20044418929459148,0.48612536098911224
166113,1,NATIVE,3,0.36199501231043746,0.1402955943532307,0.38756223036828535
166113,1,NATIVE,6,0.3013353651341861,0.0805685649742711,0.26737175352249576
166113,1,NATIVE,12,0.22475150168219762,0.02335361790708815,0.10390861788371428
166113,1,NO_M,0,0.4321207206723352,0.23836632996273377,0.5516197640137628
166113,1,NO_M,1,0.4124307353267546,0.20102714127980245,0.4874203691937086
166113,1,NO_M,3,0.3630385990594454,0.14193190851837506,0.39095542150638335
166113,1,NO_M,6,0.3055698119232849,0.0835526853967601,0.27343239461669794
166113,1,NO_M,12,0.2487282529732264,0.02783644547697282,0.11191509265321498
166113,1,ALIGNED_M,0,0.4321207206723352,0.23836632996273377,0.5516197640137628
166113,1,ALIGNED_M,1,0.4142167587428287,0.2011984559734503,0.48573229287993086
166113,1,ALIGNED_M,3,0.3681268745117211,0.14222640920394736,0.3863516060667725
166113,1,ALIGNED_M,6,0.3148062957155995,0.08354612516832115,0.26538899096158985
166113,1,ALIGNED_M,12,0.26042587826695274,0.026741419449814605,0.10268341851342824
166113,1,ORTHOGONAL_M,0,0.4321207206723352,0.23836632996273377,0.5516197640137628
166113,1,ORTHOGONAL_M,1,0.4115779404869291,0.20032493742435492,0.4867241844578741
166113,1,ORTHOGONAL_M,3,0.3597786724358804,0.14003808886166805,0.3892339918693289
166113,1,ORTHOGONAL_M,6,0.297127386895459,0.08032420312494833,0.27033591202822144
166113,1,ORTHOGONAL_M,12,0.21801287848842776,0.0234361157353739,0.10749876749421591
166113,2,NATIVE,0,0.5721376455894907,0.337672727921207,0.5901949129274452
166113,2,NATIVE,1,0.6062989446150358,0.3117666924318671,0.5142128238897337
166113,2,NATIVE,3,0.631912160920558,0.2570909866985889,0.4068460817782947
166113,2,NATIVE,6,0.5968944168648737,0.18360182734461133,0.30759514942183
166113,2,NATIVE,12,0.48426156195419917,0.09228132399550353,0.19056091014761922
166113,2,NO_M,0,0.5721376455894907,0.337672727921207,0.5901949129274452
166113,2,NO_M,1,0.605779829283085,0.3112741812953106,0.513840452006608
166113,2,NO_M,3,0.6291988679174307,0.25579356055713465,0.4065384945840329
166113,2,NO_M,6,0.5881693078331214,0.18153150572002996,0.30863818173173146
166113,2,NO_M,12,0.46252402377826657,0.08965531586009182,0.19383926293754844
166113,2,ALIGNED_M,0,0.5721376455894907,0.337672727921207,0.5901949129274452
166113,2,ALIGNED_M,1,0.6062041309721906,0.3114448187924794,0.5137622838250874
166113,2,ALIGNED_M,3,0.6313796488876795,0.25608736058313547,0.4055996436285009
166113,2,ALIGNED_M,6,0.5955472011303355,0.18152619532477982,0.30480572317398635
166113,2,ALIGNED_M,12,0.47337634390151995,0.08856504803932409,0.18709225583470512
166113,2,ORTHOGONAL_M,0,0.5721376455894907,0.337672727921207,0.5901949129274452
166113,2,ORTHOGONAL_M,1,0.6061434670693672,0.311737032461015,0.5142957886987097
166113,2,ORTHOGONAL_M,3,0.6310312935473755,0.257077403077449,0.40739247911505344
166113,2,ORTHOGONAL_M,6,0.5938763772519168,0.18377662918345863,0.3094526676306876
166113,2,ORTHOGONAL_M,12,0.4794055471084213,0.09295200467442845,0.1938901317164005
166113,3,NATIVE,0,0.4974317707747368,0.3150972089734801,0.6334480977817741
166113,3,NATIVE,1,0.5241004586418073,0.297422118042251,0.5674906654594597
166113,3,NATIVE,3,0.5739061381838426,0.2641939996024218,0.46034356844217417
166113,3,NATIVE,6,0.6241932497324387,0.2154226727876673,0.34512175977552456
166113,3,NATIVE,12,0.6311211175536989,0.13076611329445204,0.20719654224424058
166113,3,NO_M,0,0.4974317707747368,0.3150972089734801,0.6334480977817741
166113,3,NO_M,1,0.5228748620288802,0.2966347501132637,0.5673149957185659
166113,3,NO_M,3,0.5697240935114072,0.26181367895429425,0.45954468476248145
166113,3,NO_M,6,0.6159546133585897,0.21118996734327403,0.34286611831953473
166113,3,NO_M,12,0.6167857531014445,0.12509738421697636,0.20282145556691647
166113,3,ALIGNED_M,0,0.4974317707747368,0.3150972089734801,0.6334480977817741
166113,3,ALIGNED_M,1,0.5231880862946656,0.2968086074358622,0.5673076570568015
166113,3,ALIGNED_M,3,0.5709559746421868,0.262115649538148,0.45908206793423867
166113,3,ALIGNED_M,6,0.6191908663203572,0.21119784828411103,0.3410868276193803
166113,3,ALIGNED_M,12,0.6231368067783986,0.12402132005526877,0.19902743459570482
166113,3,ORTHOGONAL_M,0,0.4974317707747368,0.3150972089734801,0.6334480977817741
166113,3,ORTHOGONAL_M,1,0.5240608155426989,0.2974150490586871,0.5675201049914232
166113,3,ORTHOGONAL_M,3,0.5736531398032458,0.2642652540595434,0.4606708056198875
166113,3,ORTHOGONAL_M,6,0.6232068863834636,0.21576843419586644,0.3462228016252985
166113,3,ORTHOGONAL_M,12,0.6284421221223266,0.1316791079810665,0.20953259392665338
166114,0,NATIVE,0,0.49057916336290447,0.29726466193333134,0.6059463673417794
166114,0,NATIVE,1,0.49683773667418846,0.2738383214432154,0.5511624847103358
166114,0,NATIVE,3,0.48945835799030946,0.22914483299887548,0.4681600165941024
166114,0,NATIVE,6,0.46935193982456697,0.16855571990197174,0.3591243704350392
166114,0,NATIVE,12,0.43366783079471893,0.08357978663233977,0.19272766089005586
166114,0,NO_M,0,0.49057916336290447,0.29726466193333134,0.6059463673417794
166114,0,NO_M,1,0.4973333616782211,0.2736252507740676,0.5501847892341781
166114,0,NO_M,3,0.4905351127823165,0.22842078756650264,0.4656563447026028
166114,0,NO_M,6,0.47010414716842064,0.16688881613840714,0.35500392230874617
166114,0,NO_M,12,0.430609404075428,0.08001998112423257,0.18582961813394772
166114,0,ALIGNED_M,0,0.49057916336290447,0.29726466193333134,0.6059463673417794
166114,0,ALIGNED_M,1,0.49527136773335545,0.2735672876020936,0.5523583744686948
166114,0,ALIGNED_M,3,0.4854099740079568,0.22867012933328623,0.47108658984730273
166114,0,ALIGNED_M,6,0.46298068222614835,0.16862165496126247,0.3642088351299454
166114,0,ALIGNED_M,12,0.4244339712424769,0.08624088760074444,0.20319035101803057
166114,0,ORTHOGONAL_M,0,0.49057916336290447,0.29726466193333134,0.6059463673417794
166114,0,ORTHOGONAL_M,1,0.4976388479134695,0.2738799619662652,0.5503588859965325
166114,0,ORTHOGONAL_M,3,0.4914021419888207,0.22910148917943643,0.4662199644718649
166114,0,ORTHOGONAL_M,6,0.47192512858543706,0.16797598559132187,0.35593778634930606
166114,0,ORTHOGONAL_M,12,0.4349618206194389,0.08129777695881732,0.18690784594158227
166114,1,NATIVE,0,0.5030235758329112,0.26801873314298214,0.5328154504471959
166114,1,NATIVE,1,0.5275102750369199,0.23630111509949056,0.44795547363118415
166114,1,NATIVE,3,0.5634703616644551,0.18351307452451313,0.32568363308837694
166114,1,NATIVE,6,0.5836493934427235,0.1260799536210392,0.2160200199598081
166114,1,NATIVE,12,0.5223293927209954,0.06142479792578572,0.11759782003802548
166114,1,NO_M,0,0.5030235758329112,0.26801873314298214,0.5328154504471959
166114,1,NO_M,1,0.5277495246522407,0.23636344488691774,0.4478705026644183
166114,1,NO_M,3,0.5643458654957467,0.18348242643349438,0.325124073111271
166114,1,NO_M,6,0.5863231367195958,0.12542758188463118,0.21392227942149863
166114,1,NO_M,12,0.5310404036040431,0.05888188480962292,0.11088023511957774
166114,1,ALIGNED_M,0,0.5030235758329112,0.26801873314298214,0.5328154504471959
166114,1,ALIGNED_M,1,0.5271860875409246,0.2363051499855236,0.4482385927287369
166114,1,ALIGNED_M,3,0.5615910543531674,0.1837312097747118,0.3271619238777212
166114,1,ALIGNED_M,6,0.5770658651758874,0.12715969234521565,0.22035559546819813
166114,1,ALIGNED_M,12,0.5066570608964458,0.06510223716330565,0.12849369363985058
166114,1,ORTHOGONAL_M,0,0.5030235758329112,0.26801873314298214,0.5328154504471959
166114,1,ORTHOGONAL_M,1,0.5277074629958168,0.236320171366077,0.4478241979457081
166114,1,ORTHOGONAL_M,3,0.5643664450704226,0.18341271374053159,0.32498869368045674
166114,1,ORTHOGONAL_M,6,0.5864826080079693,0.12541663054298705,0.2138454386038172
166114,1,ORTHOGONAL_M,12,0.5291125391671724,0.059058520661624266,0.11161807042897105
166114,2,NATIVE,0,0.32494979259472123,0.20247773864818958,0.6231046865160307
166114,2,NATIVE,1,0.29971288490952736,0.16186555984061274,0.5400687390849681
166114,2,NATIVE,3,0.2546565284964938,0.10187899005559233,0.4000643166585449
166114,2,NATIVE,6,0.20130347377647315,0.049877886295984185,0.24777459305726768
166114,2,NATIVE,12,0.15809829186071642,0.01631911655527827,0.10322133378678107
166114,2,NO_M,0,0.32494979259472123,0.20247773864818958,0.6231046865160307
166114,2,NO_M,1,0.2997978542461586,0.16179863500991717,0.5396924384824351
166114,2,NO_M,3,0.2540765311587813,0.10138209126569382,0.3990218648031343
166114,2,NO_M,6,0.19601311110265365,0.04806525204630007,0.24521447456197876
166114,2,NO_M,12,0.1161527260430581,0.01104943272582396,0.09512848386981004
166114,2,ALIGNED_M,0,0.32494979259472123,0.20247773864818958,0.6231046865160307
166114,2,ALIGNED_M,1,0.299097720683669,0.1617403892692015,0.5407610225162993
166114,2,ALIGNED_M,3,0.2528824620947395,0.10163137262240712,0.4018917396664971
166114,2,ALIGNED_M,6,0.1986391190088612,0.04979845118625561,0.2506981073754661
166114,2,ALIGNED_M,12,0.1602260430899437,0.017270904842176183,0.10779087162801433
166114,2,ORTHOGONAL_M,0,0.32494979259472123,0.20247773864818958,0.6231046865160307
166114,2,ORTHOGONAL_M,1,0.29999448872518736,0.16189527779335827,0.539660840041824
166114,2,ORTHOGONAL_M,3,0.2551894084226436,0.10181693621527185,0.3989857449202508
166114,2,ORTHOGONAL_M,6,0.20062189109492345,0.0493099256992702,0.24578536983252353
166114,2,ORTHOGONAL_M,12,0.14339328618292022,0.01417757839994071,0.09887198192704791
166114,3,NATIVE,0,0.43163104713089445,0.24649543316164518,0.571079014820927
166114,3,NATIVE,1,0.42747767558794647,0.20897499169844816,0.4888559184079455
166114,3,NATIVE,3,0.39963087257106267,0.14749748835575477,0.36908431875347264
166114,3,NATIVE,6,0.33942007658745604,0.08554200715445423,0.25202400522234913
166114,3,NATIVE,12,0.265343442568061,0.030992046975849525,0.11679974705949044
166114,3,NO_M,0,0.43163104713089445,0.24649543316164518,0.571079014820927
166114,3,NO_M,1,0.4279694583946931,0.20912913763110916,0.48865435027896753
166114,3,NO_M,3,0.40109452571174686,0.14766136519537493,0.36814604969574155
166114,3,NO_M,6,0.3404214809408437,0.08510310499455313,0.24999334577636342
166114,3,NO_M,12,0.25182520072232584,0.028461555583485124,0.11302107772312617
166114,3,ALIGNED_M,0,0.43163104713089445,0.24649543316164518,0.571079014820927
166114,3,ALIGNED_M,1,0.42760107060362235,0.20907011220652064,0.488937298289217
166114,3,ALIGNED_M,3,0.39979333735831474,0.147909045774591,0.3699637586556858
166114,3,ALIGNED_M,6,0.3409963102888772,0.08683451892480312,0.2546494384388899
166114,3,ALIGNED_M,12,0.2827984778585073,0.034682742962821665,0.12264119391819556
166114,3,ORTHOGONAL_M,0,0.43163104713089445,0.24649543316164518,0.571079014820927
166114,3,ORTHOGONAL_M,1,0.4275823340873314,0.20898675262987346,0.48876376774532554
166114,3,ORTHOGONAL_M,3,0.39998285348379725,0.14738143054828787,0.36846937128581136
166114,3,ORTHOGONAL_M,6,0.3388317238457913,0.08486107758722548,0.25045198431844684
166114,3,ORTHOGONAL_M,12,0.25159401945792764,0.02862378034089983,0.1137697167944054
166115,0,NATIVE,0,0.4976127590666315,0.2761715650207106,0.5549929337397199
166115,0,NATIVE,1,0.4981106277664675,0.2463947316076553,0.4946586518591002
166115,0,NATIVE,3,0.4726468374453192,0.19578613863381442,0.41423346804147565
166115,0,NATIVE,6,0.4199683843654252,0.14191371573304648,0.3379152360420539
166115,0,NATIVE,12,0.3883328922724832,0.09394791050890385,0.24192622458305557
166115,0,NO_M,0,0.4976127590666315,0.2761715650207106,0.5549929337397199
166115,0,NO_M,1,0.496803701457271,0.24534240703303054,0.49384174536817027
166115,0,NO_M,3,0.46879006978052506,0.19309293409571315,0.41189638292916464
166115,0,NO_M,6,0.4126834868771828,0.13755041165012405,0.33330728275797517
166115,0,NO_M,12,0.3758800448888849,0.08783904975490253,0.23368904774092347
166115,0,ALIGNED_M,0,0.4976127590666315,0.2761715650207106,0.5549929337397199
166115,0,ALIGNED_M,1,0.5012142476966842,0.24772454709353706,0.4942488132209802
166115,0,ALIGNED_M,3,0.4809468767058912,0.19941217623095422,0.4146241214762988
166115,0,ALIGNED_M,6,0.43332228846416126,0.14821359489189392,0.3420400907998719
166115,0,ALIGNED_M,12,0.4061092180646681,0.1034181200782248,0.25465592869589326
166115,0,ORTHOGONAL_M,0,0.4976127590666315,0.2761715650207106,0.5549929337397199
166115,0,ORTHOGONAL_M,1,0.4963804173542063,0.2454953181659857,0.49457091694816224
166115,0,ORTHOGONAL_M,3,0.467834806294509,0.1933922174435406,0.4133771468935834
166115,0,ORTHOGONAL_M,6,0.411668914982752,0.13785948400193485,0.33487950871322686
166115,0,ORTHOGONAL_M,12,0.37570871339212814,0.08800312693351657,0.23423232892036774
166115,1,NATIVE,0,0.5195307393450803,0.2794491950502949,0.5378877011253723
166115,1,NATIVE,1,0.5430730960045149,0.2578556569029497,0.4748083799400755
166115,1,NATIVE,3,0.5634282521752717,0.224710377485374,0.3988269608735663
166115,1,NATIVE,6,0.5651306660159222,0.18935994388204516,0.3350728517654092
166115,1,NATIVE,12,0.552717690221748,0.14168156872332327,0.2563362295613809
166115,1,NO_M,0,0.5195307393450803,0.2794491950502949,0.5378877011253723
166115,1,NO_M,1,0.5419732257916919,0.2569881552783757,0.4741713115126181
166115,1,NO_M,3,0.561061073965764,0.22241047957412916,0.3964104620590656
166115,1,NO_M,6,0.5622163937212116,0.18544581166937407,0.3298477485544947
166115,1,NO_M,12,0.5503077922674602,0.13579134055509384,0.24675525671839227
166115,1,ALIGNED_M,0,0.5195307393450803,0.2794491950502949,0.5378877011253723
166115,1,ALIGNED_M,1,0.5460694557498172,0.25937139716865953,0.47497876769633146
166115,1,ALIGNED_M,3,0.5714915164124859,0.22873157334634517,0.4002361658528073
166115,1,ALIGNED_M,6,0.5772776780422157,0.1961090038139095,0.3397134711305484
166115,1,ALIGNED_M,12,0.5651543061177798,0.15136823991268136,0.267835241232561
166115,1,ORTHOGONAL_M,0,0.5195307393450803,0.2794491950502949,0.5378877011253723
166115,1,ORTHOGONAL_M,1,0.5414556581449755,0.25694037415858895,0.4745363175977523
166115,1,ORTHOGONAL_M,3,0.559198802012148,0.22228275853010382,0.39750220803454067
166115,1,ORTHOGONAL_M,6,0.5587554058872933,0.18526771229813574,0.33157211607452636
166115,1,ORTHOGONAL_M,12,0.5457764720285757,0.1357180545299199,0.24866966878485922
166115,2,NATIVE,0,0.4280249445105555,0.24838551281681623,0.58030616206455
166115,2,NATIVE,1,0.42414494200809116,0.2171979822476274,0.5120843389510001
166115,2,NATIVE,3,0.406338075120337,0.17161436601385124,0.4223437982350633
166115,2,NATIVE,6,0.3912324667796333,0.13308698697811622,0.34017367749051264
166115,2,NATIVE,12,0.4360930589193181,0.10516895078231821,0.24116171682010562
166115,2,NO_M,0,0.4280249445105555,0.24838551281681623,0.58030616206455
166115,2,NO_M,1,0.4216492653125128,0.21591928421077378,0.5120826762279252
166115,2,NO_M,3,0.3985195686067886,0.16800910212503828,0.42158306733189793
166115,2,NO_M,6,0.37542865700040773,0.1266529200467486,0.33735549400696835
166115,2,NO_M,12,0.41017936538942507,0.0954140718783482,0.23261548466183357
166115,2,ALIGNED_M,0,0.4280249445105555,0.24838551281681623,0.58030616206455
166115,2,ALIGNED_M,1,0.4258436307147829,0.21830164314101488,0.5126333409627134
166115,2,ALIGNED_M,3,0.4108581329115222,0.17432657588345063,0.42429871023385085
166115,2,ALIGNED_M,6,0.398333940709593,0.13730929479799345,0.3447090010793124
166115,2,ALIGNED_M,12,0.4426637056127347,0.110982268879843,0.25071463386910703
166115,2,ORTHOGONAL_M,0,0.4280249445105555,0.24838551281681623,0.58030616206455
166115,2,ORTHOGONAL_M,1,0.4226074007827745,0.2163173723462884,0.511863663403932
166115,2,ORTHOGONAL_M,3,0.40182157936663676,0.16929701326051708,0.42132384608951196
166115,2,ORTHOGONAL_M,6,0.38288593949214134,0.12920739634958905,0.33745662355991934
166115,2,ORTHOGONAL_M,12,0.42437986455573085,0.09953078346223572,0.23453229470824988
166115,3,NATIVE,0,0.45839727699290506,0.26281663457357596,0.573338123423538
166115,3,NATIVE,1,0.4579959867743104,0.23494580656682432,0.5129866054538071
166115,3,NATIVE,3,0.4506904387655157,0.1914074274402136,0.4246982207221721
166115,3,NATIVE,6,0.4417865585902223,0.14747216208452837,0.33380862141917655
166115,3,NATIVE,12,0.46533431872039976,0.10158793279007246,0.21831171418738232
166115,3,NO_M,0,0.45839727699290506,0.26281663457357596,0.573338123423538
166115,3,NO_M,1,0.45640380786059576,0.23397753096745277,0.5126546425285631
166115,3,NO_M,3,0.4464993927383625,0.18886218748007166,0.4229841978547465
166115,3,NO_M,6,0.4348271392271951,0.14318802116158744,0.3292987218232679
166115,3,NO_M,12,0.45562807905736763,0.0952193897902879,0.2089849027462918
166115,3,ALIGNED_M,0,0.45839727699290506,0.26281663457357596,0.573338123423538
166115,3,ALIGNED_M,1,0.46098080472533853,0.23635915083935338,0.5127310040169173
166115,3,ALIGNED_M,3,0.4592296749711101,0.19517977895238084,0.42501560676507977
166115,3,ALIGNED_M,6,0.45714880529666957,0.1538458214556673,0.33653335560140857
166115,3,ALIGNED_M,12,0.48876490145953555,0.11078312623625294,0.22665933234041788
166115,3,ORTHOGONAL_M,0,0.45839727699290506,0.26281663457357596,0.573338123423538
166115,3,ORTHOGONAL_M,1,0.4562233903767058,0.23403878526531333,0.5129916400648865
166115,3,ORTHOGONAL_M,3,0.4456966594478939,0.1889993276182323,0.4240537226649869
166115,3,ORTHOGONAL_M,6,0.43282218534556033,0.14340866127796748,0.331333896767486
166115,3,ORTHOGONAL_M,12,0.4510544817652552,0.09566326974873984,0.21208805946090184
