seed,G0_sigma1,G0_sigma2,G0_sigma3,G0_hist_norm_gain,G0_hist_proj_gain,G0_hist_topv_abs_cos,G0_finite_top_gain_mean,G0_finite_top_gain_plus,G0_finite_top_gain_minus,G0_hist_norm,G1_sigma1,G1_sigma2,G1_sigma3,G1_hist_norm_gain,G1_hist_proj_gain,G1_hist_topv_abs_cos,G1_finite_top_gain_mean,G1_finite_top_gain_plus,G1_finite_top_gain_minus,G1_hist_norm,sigma1_change_G1_minus_G0,hist_gain_change_G1_minus_G0,A_deg,B_deg,C_deg,G0_opt_gap,G1_opt_gap
151000,0.1199108989936171,0.104203279568219,0.062441750583799,0.0733505194437854,0.0179856772473533,0.5044330510990274,0.1180344893944985,0.1188567595184813,0.1172122192705157,0.852760376582886,0.11979196911228,0.1031869450318818,0.0625040843103414,0.053326967405633,0.019204088251559,0.1068830623637451,0.119716731799824,0.1198115768446657,0.1196218867549823,0.1670675130774257,-0.0001189298813371,-0.0200235520381524,-135.0,-45.0,45.0,0.04656037954983169,0.066465001706647
151001,0.1327372583921288,0.0540243152852852,0.0472588347150358,0.0359707095091971,0.0032659773407192,0.1605143164316098,0.1269607385720645,0.1310530589941191,0.1228684181500099,0.636766080258715,0.1281914194698059,0.0520458118682833,0.0466067984732232,0.0710386614673601,0.0367435857130286,0.5452238270145295,0.1279216558236606,0.129506651523485,0.1263366601238362,0.139641161182828,-0.0045458389223229,0.035067951958163,-45.0,45.0,135.0,0.09676654888293171,0.05715275800244579
151002,0.1103846632986889,0.0621965335423344,0.0383947328533204,0.0571090511034843,0.0330161369343414,0.4491717604915044,0.1081554263883844,0.108930681926779,0.1073801708499899,0.9305961286142508,0.1092647078638967,0.0620365706191501,0.03843441620506,0.046000221190384,0.043992197934407,0.4044750291412858,0.1091766665478003,0.1089254043778602,0.1094279287177404,0.1822951283958816,-0.0011199554347922,-0.0111088299131003,45.0,135.0,-135.0,0.0532756121952046,0.0632644866735127
151003,0.1522106979289592,0.069480088716729,0.0442169227059245,0.0240544381161718,0.0004584541038941,0.0328040139810072,0.1499994321064874,0.1495037954292061,0.1504950687837688,0.5357747976930473,0.156223767299479,0.0715681281542846,0.0442007031077565,0.0333800558272476,-0.0134246847719083,0.003277396386219,0.1561206761095634,0.1571147469469439,0.1551266052721828,0.1175775519988756,0.0040130693705197,0.0093256177110758,135.0,-135.0,-45.0,0.1281562598127874,0.12284371147223141
151004,0.1244001347541908,0.0684128740406835,0.0515600873121342,0.020705126096717,0.0014106279815482,0.1261761939766836,0.1232615700545315,0.1267086842905659,0.1198144558184972,0.6495243773965522,0.1251596503659001,0.0683247661526066,0.0518450319262862,0.0539983682342442,0.0170648670456552,0.4112900891185567,0.1251543831376407,0.125430665916261,0.1248781003590204,0.0453494836042545,0.0007595156117093,0.0332932421375271,-135.0,-45.0,45.0,0.1036950086574738,0.0711612821316559
151005,0.0493672446030263,0.0355354790491716,0.0253039059293711,0.0212471914548002,0.0009162852966689,0.3595896345716711,0.049313946030938,0.04939848019884,0.049229411863036,0.5049727771927701,0.049504388965446,0.035675920998067,0.0255573952066283,0.0163985566693555,-7.029052460082065e-05,0.1633358994816348,0.0495039515500293,0.0495101042504825,0.0494977988495761,0.0471630353421883,0.0001371443624196,-0.0048486347854447,-45.0,45.0,135.0,0.0281200531482261,0.0331058322960905
151006,0.0898044199576443,0.0497480351329202,0.0441992608242191,0.0391525479631225,-0.0094467039722484,0.3829703896984708,0.0848302177028805,0.0862742537030733,0.0833861817026877,1.0038322605615129,0.0884560818970333,0.0492333035893832,0.0445768636670421,0.0382302358717603,0.0130724432050785,0.4193743583544298,0.0884152024566028,0.0887147462638786,0.0881156586493271,0.083607976677448,-0.0013483380606109,-0.0009223120913621,45.0,135.0,-135.0,0.05065187199452179,0.050225846025273004
151007,0.0940540337197041,0.0779614320101986,0.059568985016759,0.0409417490250234,0.0056061681090791,0.1349019931470833,0.0928917300215445,0.0923746070109575,0.0934088530321314,0.7584855390569283,0.0945886268552127,0.0780344108433121,0.0603243657605828,0.0241055006808642,0.000704791429252,0.1942333712705412,0.0945665262216139,0.0944732094607245,0.0946598429825033,0.1024842605831028,0.0005345931355086,-0.0168362483441591,135.0,-135.0,-45.0,0.0531122846946807,0.0704831261743485
151008,0.084911624077991,0.0440248622163659,0.0346092626951101,0.0215015219507844,0.0078858750704935,0.0722092548086999,0.0842707791728901,0.0844746466261186,0.0840669117196617,0.6904655731841909,0.0843805875838441,0.0438313591573292,0.0345434346749275,0.0234265553760783,-0.0066504729805111,0.2055853474160705,0.0843777615181685,0.0843745133247776,0.0843810097115594,0.0450956340185451,-0.0005310364941468,0.0019250334252939,-135.0,-45.0,45.0,0.06341010212720659,0.06095403220776581
151009,0.0521505081146324,0.0415769995950911,0.0309899833294739,0.0172691323102202,-0.0005375936982362,0.2825697182336485,0.0517869282162199,0.0518401234881495,0.0517337329442903,0.7009629797050759,0.0523963145400929,0.041817618339091,0.0309877630690866,0.0084413537061298,-0.0018222258974193,0.0949484108981799,0.052395017833059,0.0523896360873441,0.0524003995787739,0.0411422165472811,0.0002458064254604,-0.0088277786040903,-45.0,45.0,135.0,0.034881375804412196,0.0439549608339631
151010,0.2685511696654172,0.0665021227919948,0.0374045000931954,0.1106186844906112,0.0860467541334683,0.4068816920893135,0.2489881907615053,0.3219363637468913,0.1760400177761193,0.8061239644043845,0.195664817176258,0.064734816632171,0.0396508600695992,0.1025011573863186,0.1005896897392268,0.5094282072736412,0.1968082914129382,0.2149950512598809,0.1786215315659955,0.1916542726753962,-0.0728863524891592,-0.0081175271042926,45.0,135.0,-135.0,0.15793248517480601,0.0931636597899394
151011,0.0997578104656848,0.0608692915525064,0.0582334028711657,0.0197240963171816,0.0053557772944813,0.1456102714526111,0.0982084872193786,0.0990438799635805,0.0973730944751767,0.6687713296621703,0.0990202643586038,0.0605951420865151,0.05742729954366,0.0266377818831263,-0.0082300464671202,0.1407662193242719,0.0990105846250829,0.0990123788727241,0.0990087903774417,0.0517439188096906,-0.000737546107081,0.0069136855659446,135.0,-135.0,-45.0,0.0800337141485032,0.07238248247547749
151012,0.1094799851553312,0.0516683491543707,0.0465085204389491,0.029536942536879,-0.006036128195953,0.1132443398212842,0.106650258463393,0.0978777370403045,0.1154227798864815,0.7962222083163712,0.1204281696961468,0.0526334509950404,0.0450330109307163,0.0588454597784406,0.0307866991553197,0.4573937722809547,0.1202871254730211,0.1207161222050886,0.1198581287409536,0.1154414521555905,0.0109481845408155,0.0293085172415615,-135.0,-45.0,45.0,0.0799430426184522,0.061582709917706195
151013,0.0687689256901275,0.0314200821633058,0.0280572547333175,0.0201033481548215,0.0111532064491615,0.0156188505547913,0.0676795748244398,0.0679050578814242,0.0674540917674554,0.6511501009649903,0.0685631894961682,0.0313251273311975,0.0281785231298849,0.0221801972446605,0.0110937589348213,0.1453205609306991,0.0685356833438748,0.0685382689897038,0.0685330976980458,0.1009864677764644,-0.0002057361939593,0.0020768490898389,-45.0,45.0,135.0,0.04866557753530601,0.0463829922515077
151014,0.1291690853139828,0.0595899901535849,0.0321923448244517,0.0377377928552595,0.0120605858472266,0.2644114486573891,0.1254715452348359,0.1235829996333855,0.1273600908362862,0.7147248580523381,0.129619693724744,0.0594338417011936,0.0323299883920656,0.0635871101156578,0.0538796477254099,0.4831816530566929,0.1295449255403506,0.1292308799444682,0.129858971136233,0.0973357804617389,0.0004506084107612,0.0258493172603982,45.0,135.0,-135.0,0.0914312924587233,0.06603258360908619
151015,0.1338662382727554,0.0565012023783597,0.0375800900805236,0.0256661341227139,0.0067522734654688,0.1548622502712186,0.1343785536795052,0.1216257687234219,0.1471313386355885,0.7462260913487865,0.1187301596989706,0.0553744385907054,0.0386222576653717,0.0288784472576049,0.0160343657001799,0.0843452243698409,0.1187363932614611,0.1177544732130601,0.119718313309862,0.0694724560262967,-0.0151360785737848,0.0032123131348909,135.0,-135.0,-45.0,0.1082001041500415,0.08985171244136571
151016,0.0413418539976423,0.0323037207860694,0.0297766802618693,0.0210937956267644,0.0067855972790301,0.3711920710072494,0.0412808756751967,0.0414113257458148,0.0411504256045786,0.6291201353683429,0.0413608884794808,0.0322964980279144,0.0297205167518577,0.0153528842128065,0.0110135993302697,0.2082000483140752,0.041359877661292,0.0413802852026374,0.0413394701199465,0.0821467767621493,1.9034481838479944e-05,-0.0057409114139578,-135.0,-45.0,45.0,0.0202480583708779,0.026008004266674302
151017,0.072101517408803,0.0465854531499537,0.0374578198111504,0.0293010431100809,0.0091928772058579,0.384930468576971,0.0717872891646249,0.0722441649417797,0.0713304133874701,0.4932169206027514,0.0710438239064262,0.0463593146298549,0.0375562305330408,0.0399188423670684,0.026219305691553,0.5174124130619566,0.0710385527566922,0.0711807204703743,0.0708963850430101,0.0681894339622685,-0.0010576935023768,0.0106177992569874,-45.0,45.0,135.0,0.042800474298722094,0.031124981539357804
151018,0.0640566270379936,0.0384042473054509,0.0335913697182632,0.0176621699047607,0.0012664991891462,0.111713674490995,0.0637649248135849,0.0641853271297586,0.0633445224974113,0.5823605448330941,0.0642601795318803,0.0386225714982736,0.033482909850364,0.0178820144667679,0.0004142421229111,0.1384749752143176,0.0642584816550553,0.0642845485450959,0.0642324147650148,0.0438415931124547,0.0002035524938866,0.0002198445620072,45.0,135.0,-135.0,0.0463944571332329,0.0463781650651124
151019,0.1036737863577632,0.0917524404955549,0.0327284567069242,0.0649232971130843,0.0030238760350932,0.3542621620784343,0.1017995242950157,0.1052931545094772,0.0983058940805542,0.7304454723455112,0.1102280941797229,0.0953965807471403,0.0336080236948157,0.0321762827394889,-0.0022638089499594,0.2142456700553052,0.1101325548326636,0.1102853886452618,0.1099797210200654,0.1405294341357313,0.0065543078219597,-0.0327470143735953,135.0,-135.0,-45.0,0.0387504892446789,0.078051811440234
151020,0.0701937365114587,0.0599134295507339,0.036036576639758,0.0251374957339982,-0.002229096705596,0.283756965913884,0.0694082821896786,0.0683216473109734,0.0704949170683837,0.6811476227021143,0.0703360419375737,0.0604016746197719,0.0359516348511449,0.0497570730516236,-0.0280328942532588,0.6978575398078785,0.0703294100761745,0.070274921238877,0.070383898913472,0.057972601807563,0.0001423054261149,0.0246195773176253,-135.0,-45.0,45.0,0.0450562407774605,0.0205789688859501
151021,0.0834011450447229,0.054066070707959,0.0353463244541244,0.0179625548308469,0.0047419637975052,0.1161304625878333,0.0824358558215324,0.0820098942899111,0.0828618173531537,0.5415057782771983,0.0833030050227598,0.0540446632833308,0.0355603629419805,0.023922396011733,0.0140702057884996,0.1331199730557368,0.0832912547648054,0.0832535499240822,0.0833289596055285,0.0573244104931078,-9.814002196309456e-05,0.0059598411808861,-45.0,45.0,135.0,0.065438590213876,0.05938060901102679
151022,0.200123512400503,0.1467547131902434,0.0694187543327676,0.1025243901201912,-0.0129726498257588,0.4815494189787403,0.1965955837607136,0.2016039951821241,0.1915871723393031,0.8073803424954473,0.1904670031181876,0.1404271373669522,0.0672755643770209,0.0869706710578856,-0.0019262131254086,0.1364747824064304,0.190317473314706,0.1909094458731922,0.1897255007562197,0.1576175027969337,-0.0096565092823154,-0.0155537190623056,45.0,135.0,-135.0,0.0975991222803118,0.103496332060302
151023,0.0898720139573507,0.046883493505632,0.038656931793285,0.0217074314573481,0.0056246312966879,0.1390936835061419,0.0893752756033061,0.090118106967826,0.0886324442387861,0.4408079202431855,0.0935773627845893,0.0481201283938248,0.0391558511493213,0.0352696455043887,0.0062173364260527,0.2220330121420801,0.0935679427478602,0.0936952967427893,0.093440588752931,0.0595346633867656,0.0037053488272385,0.0135622140470406,135.0,-135.0,-45.0,0.0681645825000026,0.058307717280200594
151024,0.0698365771257274,0.063667605016004,0.0279456631083917,0.0269589865478671,0.0122648467852719,0.1096529839376788,0.0687753448551326,0.068843884352222,0.0687068053580432,0.618086682038131,0.0698871526501084,0.0662256952800219,0.0282302408968051,0.0345526461670386,0.0102944693663635,0.4749096720223286,0.0698776790543846,0.0698700634026412,0.0698852947061281,0.0561442435020444,5.057552438096635e-05,0.0075936596191714,-135.0,-45.0,45.0,0.042877590577860294,0.03533450648306981
151025,0.0459690156128302,0.0359861075783194,0.0299783659345026,0.0119417496371782,0.0008067784303562,0.0505838323241744,0.0457300637488065,0.045743291240243,0.04571683625737,0.6889718938004379,0.0457171856717615,0.0357154827719891,0.0299672855253784,0.0183966881648886,0.0005226858937231,0.3069488603480563,0.0457161321028549,0.0457146751748479,0.0457175890308618,0.045693244284455,-0.0002518299410686,0.0064549385277104,-45.0,45.0,135.0,0.034027265975652,0.0273204975068729
151026,0.2952473797468857,0.1238091499211477,0.0709277941992283,0.1068177662143807,0.0374500961459617,0.3257063941009164,0.2817784026968326,0.2485661145213417,0.3149906908723235,0.8049837616998334,0.2495811892986967,0.1165023163337876,0.0692519722905926,0.0554538766420534,0.0252125922455271,0.1774452989540163,0.249423052606303,0.2370299605111007,0.2618161447015052,0.2343537254251413,-0.0456661904481889,-0.0513638895723272,45.0,135.0,-135.0,0.18842961353250498,0.1941273126566433
151027,0.0816540049200591,0.0501764858720503,0.0369129598571685,0.0305912138631222,0.0013784412355038,0.2588368100146512,0.0788493426707186,0.0749203637088339,0.0827783216326034,0.7608460240461825,0.0816927623475971,0.0502631738547424,0.0369954936741461,0.0203805336096402,-0.0122554386131721,0.0299206755616283,0.0816380528257456,0.0810295035816995,0.0822466020697917,0.1026008034889291,3.875742753800537e-05,-0.0102106802534819,135.0,-135.0,-45.0,0.051062791056936896,0.06131222873795691
151028,0.1028462223666182,0.0629698267342957,0.0374786916433361,0.0213587481455867,0.0002806659362455,0.0696388907818525,0.100312453634521,0.0990220490282999,0.1016028582407421,1.1041890756495527,0.104488799276391,0.0632031736945956,0.0373496061398161,0.0534502349209647,0.0467997382895728,0.502838416543112,0.1044513986347848,0.1042215082386646,0.1046812890309051,0.1261351141353775,0.0016425769097727,0.032091486775378,-135.0,-45.0,45.0,0.0814874742210315,0.0510385643554263
151029,0.0695539231406955,0.0404735831985281,0.0338909156862842,0.021428125329741,-0.0044245345621011,0.028595397228672,0.0690784813843254,0.0686939208956271,0.0694630418730236,0.6512010849068846,0.0695366222626189,0.0404626796764109,0.0339848909099634,0.005196317065117,-0.0003321820500048,0.0455413528667908,0.0695325942202521,0.0695141604441823,0.0695510279963218,0.0576853769099106,-1.7300878076539905e-05,-0.0162318082646239,-45.0,45.0,135.0,0.048125797810954496,0.0643403051975019
151030,0.0992861285443963,0.0845697038089619,0.0469574523788099,0.0345539694824778,-0.016586556654337,0.2557345565562398,0.0968228886621782,0.0947857131847401,0.0988600641396163,0.7993972485830646,0.0958969405404737,0.0847016506589394,0.0463030501179978,0.0208038970784393,-0.0056796084634386,0.1531567351023323,0.0958578462386684,0.0953500374194071,0.0963656550579298,0.1042564308528989,-0.0033891880039226,-0.0137500724040384,45.0,135.0,-135.0,0.0647321590619185,0.0750930434620344
151031,0.1106662205792751,0.0555684143712623,0.0505620462411872,0.048786586372763,-0.0118452727964152,0.3310600167811582,0.1078628789538615,0.1011734714257968,0.1145522864819262,0.8815184962675506,0.1132963974685488,0.0562134465879876,0.0548591918874585,0.0398644783668024,0.0060927542422565,0.2438179504248769,0.1132762640939096,0.112616907719599,0.1139356204682201,0.0693892038018178,0.0026301768892737,-0.0089221080059606,135.0,-135.0,-45.0,0.061879634206512095,0.0734319191017464
151032,0.0818655664235667,0.056647652135977,0.043879893752804,0.0259085948704732,-0.0054810672017741,0.1169308773767606,0.0816686009042851,0.0817899428648501,0.08154725894372,0.9017237109855888,0.08220463991671,0.0562884765415251,0.0437553841069819,0.0402783591940025,-0.0045429124560776,0.1181459366966319,0.0822035734284812,0.0821952602835262,0.0822118865734362,0.0657805980178595,0.0003390734931432,0.0143697643235292,-135.0,-45.0,45.0,0.055956971553093496,0.041926280722707494
151033,0.0721154981929658,0.0523533134402648,0.0398855539845756,0.0428759155962345,0.028813014216077,0.5566997254359811,0.0716553668992884,0.0736175068119971,0.0696932269865797,0.8565703923375534,0.0728511515772211,0.0524838484665787,0.0401046639992832,0.0404171640051176,0.0349180369846598,0.4476709233928734,0.0728274442057849,0.0732180589301097,0.0724368294814601,0.17682008430143,0.0007356533842553,-0.0024587515911169,-45.0,45.0,135.0,0.029239582596731296,0.032433987572103494
151034,0.0556159120164151,0.0408367269085564,0.0376034068359762,0.0305253335308174,-0.0013850909952637,0.3451045542387388,0.0554443065859315,0.0554724614622569,0.0554161517096061,0.7984696372430221,0.0555853127412565,0.0404468753612221,0.0373478501638083,0.0223734367940977,0.0082431897294041,0.2651176389462763,0.0555784065052873,0.0555666980648354,0.0555901149457392,0.1546515690865248,-3.059927515864508e-05,-0.0081518967367197,45.0,135.0,-135.0,0.025090578485597703,0.0332118759471588
151035,0.1319453575389857,0.0716308404572862,0.0526598811597115,0.0447108710658757,-0.0239577629488664,0.21385882347953,0.1296513300372867,0.1336758422260751,0.1256268178484983,0.7384997711378217,0.1345571464966486,0.0717042165326407,0.0530432334590086,0.0737064001419509,0.015311610628974,0.5170977253468366,0.1345221585579204,0.1346073656568324,0.1344369514590084,0.0816143438313634,0.0026117889576628,0.0289955290760752,135.0,-135.0,-45.0,0.08723448647311,0.0608507463546977
151036,0.0596540773180754,0.0334904493069752,0.0310802838894901,0.0194321338265843,0.0016421207233747,0.291829783997576,0.0592521375393993,0.0594084388388267,0.059095836239972,0.8464413711680102,0.059905646749357,0.0336028889565805,0.0310467367435634,0.0128812930408281,-0.0020059150775972,0.1131130186381152,0.0599015180422539,0.0599115462083776,0.0598914898761302,0.0844917421125017,0.0002515694312815,-0.0065508407857562,-135.0,-45.0,45.0,0.0402219434914911,0.0470243537085289
151037,0.0494421580889773,0.0326675536689822,0.0278786015893261,0.0199290270146722,0.0030911962416366,0.3291115151069093,0.0493899779292207,0.049271639715931,0.0495083161425103,0.6243131706007731,0.0498518054446972,0.0330706829717753,0.0280933082766597,0.0164844465255813,0.0065321067287527,0.1614441490270668,0.0498513713044975,0.0498354686352844,0.0498672739737105,0.0571343290891043,0.0004096473557198,-0.0034445804890908,-45.0,45.0,135.0,0.0295131310743051,0.0333673589191159
151038,0.1079101950694906,0.0684692623431776,0.0592081898861151,0.0551607090596052,0.0114768438001772,0.4174460646613584,0.1049318781236581,0.1050769521952743,0.1047868040520419,0.8721889429768772,0.1080866771753038,0.06882095119237,0.0598764373954316,0.0353428684339441,0.0188066133117285,0.2170660714643159,0.1080030864273673,0.1079979567777163,0.1080082160770183,0.1393928221202787,0.0001764821058132,-0.0198178406256611,45.0,135.0,-135.0,0.052749486009885396,0.0727438087413597
151039,0.060980815766231,0.0429287255897496,0.0308687619835714,0.0285929308791817,-0.0066793065188781,0.4139557776542583,0.0608595969068756,0.0609942657871958,0.0607249280265554,0.5423429070843557,0.0612095186562704,0.0430484316749036,0.0308623330546034,0.0201393263065159,-0.0160824968707774,0.2448944621257539,0.0612086822031723,0.0612044926337165,0.0612128717726281,0.0449678266658165,0.0002287028900393,-0.0084536045726658,135.0,-135.0,-45.0,0.0323878848870493,0.041070192349754495
151040,0.1114494389096057,0.066860998641429,0.0516643979398413,0.0500049682669098,-0.006167154444375,0.4363591415951885,0.1045642403021201,0.1069144746989816,0.1022140059052585,1.0406452749960664,0.1114912904905294,0.0667523912751501,0.0514649375708053,0.0388618565124724,-0.0302846801514761,0.3167935276477415,0.1113799704343934,0.1110640376717615,0.1116959031970252,0.1206820965729789,4.1851580923693565e-05,-0.0111431117544373,-135.0,-45.0,45.0,0.0614444706426959,0.072629433978057
151041,0.0752220506426672,0.0586993219311072,0.0340143900283869,0.0384974846422628,0.0190910741614258,0.3368317995987289,0.0736101278551063,0.0742893112867429,0.0729309444234697,0.5831867800268091,0.0741923082101011,0.059384403604108,0.0335867441271886,0.0390213786967234,0.0306499157758993,0.2492993764296118,0.0741780621922634,0.074471055027148,0.0738850693573789,0.0616735667826287,-0.0010297424325661,0.0005238940544606,-45.0,45.0,135.0,0.0367245660004044,0.035170929513377705
151042,0.1168319594497661,0.0770472015943966,0.049614841939803,0.0331322227742185,-0.0108217109397935,0.0123422747201241,0.115774944873023,0.1219436174852687,0.1096062722607773,0.5043814102694613,0.1142279140213711,0.0751414676210069,0.0498406132776983,0.0273257020697456,0.0097495900513093,0.1090169835285984,0.1142104699417775,0.115559297111566,0.112861642771989,0.1071272493856422,-0.002604045428395,-0.0058065207044729,45.0,135.0,-135.0,0.0836997366755476,0.08690221195162551
151043,0.059000992288469,0.0411557433350177,0.032040927825463,0.0266494062783476,-0.0067296423772361,0.0063965913418132,0.0584858921421414,0.0589629853498873,0.0580087989343956,0.769906996649639,0.058808079517833,0.0410380396374366,0.0319694645674551,0.0204115167060537,0.0034798137745169,0.1876068803826155,0.0588058335651864,0.058831886092334,0.0587797810380388,0.0487646359754404,-0.0001929127706359,-0.0062378895722939,135.0,-135.0,-45.0,0.032351586010121405,0.0383965628117793
151044,0.0917068243234818,0.0700315558470633,0.0443704816009127,0.0672057112837505,0.0456036292191631,0.7258663407237195,0.0905815239881498,0.0836360822946901,0.0975269656816096,0.7690617321407256,0.0896353646448546,0.0666129545511065,0.0445055570898701,0.0364266288590754,0.0270844776354354,0.3355118728370312,0.0896094864674191,0.0888667639744095,0.0903522089604288,0.0921790512948186,-0.0020714596786271,-0.0307790824246751,-135.0,-45.0,45.0,0.024501113039731306,0.0532087357857792
151045,0.074547049913476,0.0390901601814591,0.0341521963294572,0.0216143783565795,0.0006211729350814,0.2230925162015017,0.074270780248639,0.0743275172766405,0.0742140432206376,0.4401016587406214,0.0735859504627244,0.0389112611515555,0.0339569822983222,0.0160290409901337,-0.0036520435457873,0.1807090277339862,0.0735831889681385,0.0735726851522674,0.0735936927840097,0.043815836080368,-0.0009610994507515,-0.0055853373664457,-45.0,45.0,135.0,0.052932671556896495,0.0575569094725907
151046,0.0533871939015661,0.0388121477060859,0.031198408531974,0.0199269069231155,0.0007795809147064,0.0978137441869831,0.0531813652903331,0.0530144000223612,0.053348330558305,0.7261025290356483,0.0525697245215866,0.0400872607107289,0.0312767435545034,0.0197758204101355,0.0032406135629305,0.1728966078435006,0.0525686644948221,0.0525446218975611,0.0525927070920832,0.0511137486947283,-0.0008174693799794,-0.00015108651298,45.0,135.0,-135.0,0.033460286978450604,0.0327939041114511
151047,0.0673300640020117,0.0340878981730233,0.0265483005665473,0.0213283444486434,-0.0064959947052365,0.1944634955742039,0.0668948035445278,0.0673586905224328,0.0664309165666228,0.6130983699290842,0.0668701291187413,0.033861500318141,0.0263918974013978,0.0173158026002038,-0.0029359864199021,0.2330782556066381,0.0668669092585249,0.0669122315407688,0.066821586976281,0.0530338049087892,-0.0004599348832703,-0.0040125418484396,135.0,-135.0,-45.0,0.046001719553368306,0.04955432651853749
151048,0.1075137570547123,0.0571313688719894,0.0492478430917602,0.0449038929840613,0.0199519807825305,0.4123717188516846,0.1064118403052974,0.1105541068184276,0.1022695737921671,0.5663131260649845,0.1062928536161451,0.0568458653409193,0.0486721722824286,0.0519777790238029,0.0450509471790757,0.4714916502296595,0.1062671389721016,0.1068947191460177,0.1056395587981854,0.0844608025040917,-0.0012209034385671,0.0070738860397416,-135.0,-45.0,45.0,0.062609864070651,0.0543150745923422
151049,0.1516069267294225,0.0737839466475774,0.0399006443153108,0.0776134890101827,0.0411764969261853,0.4917982025763895,0.1486868621575208,0.1523289050506633,0.1450448192643783,0.6642028083786983,0.1511687735776135,0.0711594331988051,0.0391008743898406,0.0354320987925045,0.0200718297283624,0.1899628316039606,0.1510690992108575,0.1503152843398781,0.1518229140818369,0.1180836869703558,-0.000438153151809,-0.0421813902176782,-45.0,45.0,135.0,0.0739934377192398,0.11573667478510899
151050,0.0669311645242014,0.049534244227635,0.0353613693687734,0.0406961735869356,-0.0209534713574465,0.5284230093117029,0.0661131318617547,0.0666964471191042,0.0655298166044051,0.8347154198164152,0.0677590317823963,0.0492464408162549,0.0364080160754949,0.0254100670424974,0.0042549878903496,0.3445318227892905,0.0677522519394204,0.0677452734889887,0.0677592303898521,0.0693773299662542,0.0008278672581948,-0.0152861065444382,45.0,135.0,-135.0,0.026234990937265806,0.042348964739898895
151051,0.1068283681766685,0.0558955641375514,0.0488919700560608,0.0457864167559037,0.0135615363750899,0.3844526442500388,0.1011862820974905,0.1005087871101818,0.1018637770847993,0.987334951445659,0.1073528089877387,0.0558618217911805,0.0486476656726631,0.0187573013251204,0.0018312767124404,0.0565163610193956,0.1072051337680762,0.1073314760816502,0.1070787914545021,0.1471208550761538,0.0005244408110701,-0.0270291154307833,135.0,-135.0,-45.0,0.06104195142076481,0.08859550766261831
151052,0.122654040802638,0.0918091525927443,0.0532196600354082,0.0785910850498045,0.0259596723479997,0.6098242616260493,0.1157085736603999,0.1133764328046889,0.1180407145161109,1.098550195148716,0.1196639376810485,0.0905320344347344,0.0524291622378726,0.0364944457869586,0.0276790190397022,0.1780116534629201,0.1195617118064205,0.1198144899975947,0.1193089336152462,0.1300392349674154,-0.0029901031215895,-0.0420966392628458,-135.0,-45.0,45.0,0.044062955752833505,0.0831694918940899
151053,0.1782352808718845,0.0690587859420363,0.0679153824249838,0.0752795012604852,0.0437350422671705,0.3542220095530828,0.1641339975278796,0.1847272296196672,0.143540765436092,1.0948060807706117,0.1823167276340916,0.0682625276218903,0.0675257800234618,0.0411414697846597,0.0335780455518144,0.1461863744060238,0.1820956609289014,0.1869462775078926,0.1772450443499102,0.1641682228198988,0.0040814467622071,-0.0341380314758254,-45.0,45.0,135.0,0.1029557796113993,0.1411752578494319
151054,0.1171093844884531,0.0677161645572079,0.0396609478824075,0.0651763483766667,0.0045920730853177,0.5447267699796744,0.114706994248616,0.1113013881278363,0.1181126003693958,0.8498578279630773,0.1182744442254612,0.0664172529752281,0.0398367479649891,0.0224961001908008,-0.0006137050501063,0.0230681596648701,0.1182106173666594,0.1172322301768743,0.1191890045564444,0.1543314262799183,0.001165059737008,-0.0426802481858658,45.0,135.0,-135.0,0.05193303611178639,0.0957783440346604
151055,0.1329775523945255,0.0489650355633755,0.0335053983886382,0.0348018468832605,-0.0021651150468075,0.2269082621924764,0.1314933470507834,0.1308245780490254,0.1321621160525415,0.652472502724513,0.1323431925183212,0.0490611729275831,0.0334194852477497,0.0534875100940461,0.0293655051728096,0.3699428496235044,0.1323077282520245,0.1325497688510799,0.1320656876529691,0.0997657220096161,-0.0006343598762043,0.0186856632107855,135.0,-135.0,-45.0,0.098175705511265,0.0788556824242751
151056,0.0991439796201558,0.066496453807156,0.0440294543950041,0.0378732644234733,0.0075670994311528,0.0185661455898917,0.0974895134489959,0.0965689416145524,0.0984100852834395,0.8194804185369803,0.0986887441485803,0.0658135586030131,0.0438612577293458,0.0337379841444264,0.0233472798841471,0.2014501543655397,0.0986669646817984,0.0986398954800298,0.098694033883567,0.0916316111618058,-0.0004552354715755,-0.0041352802790469,-135.0,-45.0,45.0,0.06127071519668249,0.0649507600041539
151057,0.0686592061986846,0.0491339984443239,0.0372982499077196,0.0129092536239385,-0.0013124147757722,0.0973328596103811,0.0683903795594876,0.0674225352946392,0.0693582238243361,0.6155014199995155,0.0700730237773703,0.050599107961049,0.0374615240055335,0.017381594131765,0.0065313059781383,0.1687072677869346,0.0700633518461442,0.0699652981890068,0.0701614055032816,0.1054389173947444,0.0014138175786857,0.0044723405078264,-45.0,45.0,135.0,0.055749952574746096,0.0526914296456053
151058,0.1247532169271741,0.0729986808219501,0.0468205751202626,0.0487218504769728,0.0271301865988921,0.2689089783570653,0.1203966855004502,0.1252628656575367,0.1155305053433637,0.8142957059079211,0.1289234945736478,0.0739736398985694,0.0472026588517359,0.053759206415607,0.0478654272477502,0.3941092954792056,0.1287962362556953,0.1293792198477053,0.1282132526636853,0.1347731070055425,0.0041702776464737,0.0050373559386342,45.0,135.0,-135.0,0.07603136645020131,0.0751642881580408
151059,0.1146102215804778,0.0606724577621239,0.0424875673510019,0.0251074748022047,-0.0079647619570675,0.122553838300951,0.1136820685710864,0.1136040078308849,0.1137601293112879,0.4536687929688938,0.114308364210275,0.0603242493464522,0.0422588251802805,0.0575495929554798,-0.0193136988557133,0.4910536326513264,0.1142954210818401,0.1142252811550044,0.1143655610086759,0.0532628991348789,-0.0003018573702027,0.032442118153275,135.0,-135.0,-45.0,0.0895027467782731,0.0567587712547952
151060,0.1202021636394789,0.0654053480286728,0.0399859180083371,0.0494219891864852,0.0073904602488572,0.2121028890643984,0.1197849046245789,0.1157524976792592,0.1238173115698987,0.8299870124869821,0.1358028728544733,0.0720810157276883,0.0399251708800337,0.0700529031522856,0.0600675331432223,0.3870700440238186,0.135780296156939,0.1348059113833007,0.1367546809305774,0.1800925792771773,0.0156007092149943,0.0206309139658003,-135.0,-45.0,45.0,0.0707801744529937,0.06574996970218769
151061,0.1015096350721776,0.0703075849903951,0.0428010945993226,0.0153103593265218,0.0067793862934684,0.1138744479398027,0.0998077633232004,0.0988328432952012,0.1007826833511995,0.7667913477121309,0.103517276055134,0.0703805378011451,0.0428552956307839,0.016763734663309,-0.0079034217914171,0.0948276482187676,0.1035110329830507,0.1034250174657031,0.1035970485003983,0.0456040596180836,0.0020076409829564,0.0014533753367872,-45.0,45.0,135.0,0.08619927574565579,0.086753541391825
151062,0.1516380046417205,0.0741940603257828,0.0371625559209993,0.0981795047765399,0.0504131753922149,0.6284986359808242,0.149198752402359,0.1417029824976981,0.15669452230702,0.7780371158476211,0.1527045004476262,0.0739598643650433,0.0372045506495097,0.0636657572235951,0.0577053894783042,0.3920380511901369,0.1525241603083694,0.1512127376933741,0.1538355829233648,0.1884151231013304,0.0010664958059057,-0.0345137475529448,45.0,135.0,-135.0,0.0534584998651806,0.0890387432240311
151063,0.0673864378994565,0.0445252221495403,0.0331143468595437,0.033742666724992,0.0022499001403135,0.4839510253302012,0.0671205461837239,0.0669409244818671,0.0673001678855807,0.4293500801166307,0.0680464440519121,0.0450100460858375,0.0333540233690038,0.0312846568220789,0.0117825045673888,0.3924068418248541,0.0680407559252218,0.0680464737947533,0.0680350380556903,0.0609226094975227,0.0006600061524555,-0.0024580099029131,135.0,-135.0,-45.0,0.0336437711744645,0.0367617872298332
