seed,identity_abs_cos,static_own_abs_cos,dynamic_own_abs_cos,uA_uB_abs_cos,vA_vB_abs_cos,actual_need,pred_need_dynamic,pred_need_static,dynamic_need_abs_error,static_need_abs_error,sigmaAcontext,sigmaBcontext,HsigmaA,HsigmaB,dynamic_wrong_abs_cos,dynamic_minus_static,dynamic_minus_wrong,dynamic_minus_identity
184000,0.05903615421654665,0.7320179648185927,0.999986591158872,0.9998458487764991,0.99989609740109,0.9409638457834534,0.9422526817834777,0.9358478298442375,0.0012888360000242738,0.0051160159392158455,0.04900524232911912,0.04987762498070621,0.04900524232911924,0.049877624980706296,0.09003042500670878,0.2679686263402793,0.9099561661521632,0.9409504369423254
184001,0.23706598073841967,0.45747642492875623,0.9999576692047794,0.9997223134750706,0.9996644161398434,0.7629340192615803,0.7637579487681805,0.6670627870223875,0.0008239295066001517,0.0958712322391928,0.06536546326050187,0.06450711158699471,0.06536546326050185,0.06450711158699472,0.13518405727910324,0.5424812442760232,0.8647736119256761,0.7628916884663597
184002,0.2864312251136818,0.7854660895400308,0.9999553750497711,0.9998153657734931,0.9999161259962771,0.7135687748863182,0.7084923374417498,0.7603047841614626,0.005076437444568427,0.04673600927514443,0.08676867872400242,0.08517539841653769,0.08676867872400236,0.08517539841653766,0.00472166836191015,0.21448928550974022,0.9952337066878609,0.7135241499360893
184003,0.17695335288160277,0.5837250396208242,0.9999852501923804,0.9999484916072652,0.9999915717097297,0.8230466471183973,0.8248949967199144,0.8972236063677351,0.0018483496015171408,0.07417695924933787,0.08714507820072243,0.08716111740785248,0.08714507820072236,0.08716111740785241,0.16626155157656944,0.41626021057155616,0.833723698615811,0.8230318973107776
184004,0.2766548996363238,0.6015580018935144,0.9999791299946752,0.9999848099034858,0.9999681134239743,0.7233451003636762,0.7261905619613249,0.95195258615195,0.0028454615976487574,0.22860748578827383,0.07914433783535814,0.07957775230638202,0.07914433783535817,0.079577752306382,0.2505588269078777,0.3984211281011608,0.7494203030867975,0.7233242303583514
184005,0.04210293938241585,0.6924819576014246,0.9998311722357052,0.9977037747959092,0.9990897754676781,0.9578970606175842,0.9584391766964429,0.9877553996972898,0.0005421160788586787,0.029858339079705587,0.0632951503653103,0.06596640505324033,0.06329515036531025,0.06596640505324025,0.1154914396572242,0.30734921463428055,0.884339732578481,0.9577282328532893
184006,0.23297393909823544,0.5511479315436952,0.9997983009237837,0.996057142679694,0.9972830946374314,0.7670260609017645,0.7619768049703965,0.8981047597626686,0.0050492559313679575,0.13107869886090406,0.0953724411615485,0.09287224127655767,0.09537244116154851,0.09287224127655759,0.20475023283772203,0.4486503693800885,0.7950480680860617,0.7668243618255484
184007,0.4414566785869682,0.5685393713980389,0.9999723887396643,0.999854917455228,0.9998328450379419,0.5585433214130318,0.5586625799681748,0.7281217549350567,0.00011925855514305361,0.16957843352202495,0.09630626863368637,0.09702099664801811,0.09630626863368628,0.09702099664801811,0.07954855615482782,0.4314330173416254,0.9204238325848365,0.5585157101526961
184008,0.09357290729789512,0.6862831388724004,0.999974019142833,0.9994491321803894,0.9995572937662708,0.9064270927021049,0.9049907728629627,0.870892568141587,0.0014363198391421639,0.035534524560517866,0.06592233535861333,0.06590124275403378,0.06592233535861336,0.06590124275403382,0.16768649164016144,0.31369088027043257,0.8322875275026715,0.9064011118449379
184009,0.0364018271892096,0.46662941765501564,0.9999550662178657,0.9997285782575549,0.9997219345157496,0.9635981728107904,0.9611082936195129,0.8026933031422273,0.002489879191277522,0.1609048696685631,0.1105017647580493,0.11089818492976766,0.11050176475804935,0.11089818492976775,0.009221655104153115,0.53332564856285,0.9907334111137126,0.9635532390286561
184010,0.21862143451407468,0.4537343890932484,0.9998218220244944,0.9990871233302075,0.9996897006355148,0.7813785654859253,0.7759618081803162,0.8378244092826754,0.005416757305609088,0.056445843796750106,0.15907252692785384,0.16562771585952565,0.15907252692785362,0.16562771585952543,0.14056173028115193,0.546087432931246,0.8592600917433425,0.7812003875104198
184011,0.6906917093758949,0.519221520441078,0.9999648711761883,0.9997315800448258,0.9998579969471139,0.30930829062410514,0.3106569204391637,0.5575280250053263,0.0013486298150585663,0.24821973438122114,0.14683289872042785,0.14984968415065736,0.1468328987204277,0.14984968415065725,0.14000945640648801,0.4807433507351102,0.8599554147697003,0.3092731618002934
184012,0.4552599826121317,0.49323647839273493,0.9997652100179981,0.9940903257650918,0.9949931599299541,0.5447400173878683,0.5492188815789862,0.6410250020374959,0.004478864191117982,0.09628498464962765,0.07744118935784103,0.08098461334447746,0.07744118935784114,0.08098461334447744,0.02717618953120827,0.5065287316252631,0.9725890204867899,0.5445052274058664
184013,0.13045445660445792,0.3964854839219368,0.9999031054867713,0.9997345801992275,0.9997562935272483,0.8695455433955421,0.8676154407082168,0.8965275273553114,0.0019301026873252969,0.02698198395976925,0.07991073397795007,0.07938783882392399,0.07991073397795007,0.079387838823924,0.12644626734512554,0.6034176215648346,0.8734568381416458,0.8694486488823134
184014,0.13542458374231423,0.3193168828823345,0.9998128190610117,0.999033920284845,0.9993093707531435,0.8645754162576857,0.8627055194547288,0.7690043575859768,0.0018698968029569052,0.0955710586717089,0.08473791400633915,0.08713650004343369,0.08473791400633916,0.08713650004343373,0.18100808946932853,0.6804959361786772,0.8188047295916832,0.8643882353186975
184015,0.010105667956546799,0.7492503338877118,0.9998315951270267,0.9995627218796711,0.9999006194351354,0.9898943320434532,0.9952927780802099,0.879047904166236,0.0053984460367566545,0.11084642787721721,0.0753011752673906,0.07331660857939941,0.0753011752673906,0.07331660857939941,0.327921787628476,0.2505812612393149,0.6719098074985507,0.9897259271704799
184016,0.1635592421778818,0.4513772734945176,0.999942671339813,0.9997105363568148,0.9998429237441795,0.8364407578221182,0.834350753367125,0.912604731536515,0.0020900044549931884,0.07616397371439676,0.11153305979083165,0.11465980807519481,0.11153305979083164,0.11465980807519488,0.09412198005709593,0.5485653978452953,0.905820691282717,0.8363834291619312
184017,0.009715466412541991,0.6805333948703183,0.999786922310514,0.9991206083337243,0.9995188364689741,0.990284533587458,0.9817817108696827,0.701832120520747,0.00850282271777536,0.2884524130667111,0.13171125642721895,0.12664795850309477,0.13171125642721906,0.12664795850309474,0.34822793812560254,0.31925352744019575,0.6515589841849114,0.9900714558979721
184018,0.067945765822307,0.5770946634461441,0.9998800579941953,0.9989307887630035,0.9988999705177004,0.932054234177693,0.934662416019933,0.9285339373933775,0.002608181842240098,0.0035202967843154243,0.042890870077370004,0.04403115795778623,0.04289087007737,0.044031157957786185,0.022012365603277424,0.4227853945480512,0.9778676923909179,0.9319342921718883
184019,0.022382412429164417,0.6788728765681704,0.9996039711682043,0.9972463282949104,0.9988072576433158,0.9776175875708356,0.9718038880414944,0.9290622577670544,0.0058136995293411875,0.04855532980378119,0.08003377660100859,0.07181246925119497,0.08003377660100869,0.0718124692511949,0.3244656415336099,0.3207310946000339,0.6751383296345944,0.9772215587390399
184020,0.4933638972925358,0.7310352479624567,0.9998849509566313,0.9990863559925108,0.9998044601235656,0.5066361027074642,0.5055351804562382,0.7545152081330035,0.0011009222512259331,0.24787910542553937,0.08294398094545717,0.08119415611661576,0.08294398094545707,0.08119415611661576,0.009929135780609404,0.26884970299417466,0.9899558151760219,0.5065210536640955
184021,0.6824629010346737,0.6755387168090589,0.9962932981430893,0.9989198638458412,0.9957011692522529,0.31753709896532634,0.3307660719254578,0.5309494087028883,0.01322897296013148,0.21341230973756198,0.11693995611794578,0.09413221924903871,0.11693995611794579,0.09413221924903872,0.23806777685561276,0.32075458133403045,0.7582255212874766,0.31383039710841565
184022,0.30719725207274445,0.6240918988987988,0.999914141187494,0.9998332983644225,0.9998503556839607,0.6928027479272556,0.6951619665029185,0.8650330572863815,0.0023592185756629025,0.17223030935912587,0.05520641729198944,0.055949228792601315,0.05520641729198946,0.055949228792601384,0.036276496157285225,0.3758222422886952,0.9636376450302088,0.6927168891147495
184023,0.6028007329463709,0.6671759202530494,0.9998790544869588,0.9998889640074468,0.9998547690011668,0.39719926705362907,0.39748720287362505,0.5176146944839305,0.00028793581999597695,0.12041542743030142,0.11717065348248784,0.1132341744645723,0.11717065348248783,0.11323417446457247,0.12993354942253446,0.3327031342339094,0.8699455050644244,0.39707832154058786
184024,0.29463433057137883,0.45591884812094713,0.9999751357875485,0.9999502429586155,0.9999822261970686,0.7053656694286212,0.7063203117631593,0.848829032200753,0.000954642334538125,0.14346336277213179,0.10733715124595414,0.10760384259890722,0.10733715124595415,0.10760384259890729,0.20975450830321118,0.5440562876666013,0.7902206274843373,0.7053408052161696
184025,0.09008400926409711,0.7025723428155997,0.9999019079145585,0.9995469489984008,0.9997156691382983,0.9099159907359029,0.908840930223636,0.8271941636149497,0.0010750605122669121,0.08272182712095322,0.09075112949058564,0.08819117541313722,0.09075112949058567,0.08819117541313728,0.17646224258966725,0.2973295650989588,0.8234396653248912,0.9098178986504614
184026,0.6308401758851546,0.4939591908734636,0.9997335568206152,0.9867583386424521,0.9862737231016987,0.3691598241148454,0.3629448636158126,0.7097993698647664,0.006214960499032807,0.34063954574992106,0.0856434480668187,0.08150324093290373,0.08564344806681867,0.08150324093290356,0.21055885476141137,0.5057743659471515,0.7891747020592038,0.36889338093546054
184027,0.03550928485524845,0.7024964499972667,0.9958835570001879,0.9960507866062551,0.987230886301658,0.9644907151447516,0.9706444205718279,0.7016500056005612,0.0061537054270762725,0.26284070954419037,0.07659503207260299,0.07299243770544472,0.07659503207260285,0.0729924377054448,0.19548131409952244,0.29338710700292125,0.8004022429006655,0.9603742721449395
184028,0.32039981488201824,0.5656500780081376,0.9999572084832027,0.9999775482150437,0.9999357444037019,0.6796001851179818,0.68224829901041,0.599866961659415,0.002648113892428139,0.07973322345856682,0.1168638524501539,0.11683846299708257,0.11686385245015378,0.11683846299708264,0.2647107160878549,0.4343071304750651,0.7352464923953478,0.6795573936011845
184029,0.4013787896342434,0.4925472718849958,0.999988101217373,0.999938143633744,0.999972513811864,0.5986212103657567,0.5978801959444233,0.9187698653796126,0.0007410144213333414,0.3201486550138559,0.05650360106539111,0.05657582647051615,0.05650360106539106,0.056575826470516136,0.02134482676541916,0.5074408293323772,0.9786432744519539,0.5986093115831297
184030,0.3834118233794545,0.6908622754589769,0.9999805279195007,0.9998858846236909,0.999948689052068,0.6165881766205454,0.6175843442774216,0.6360754822463539,0.0009961676568761568,0.01948730562580847,0.05865915691354265,0.058584227526902045,0.05865915691354269,0.05858422752690208,0.04214948813795312,0.3091182524605237,0.9578310397815475,0.6165687045400461
184031,0.43451892815965043,0.31575996655005384,0.9999803477802862,0.9999176996216755,0.9999524131843499,0.5654810718403496,0.5664284200512089,0.8279018338467085,0.000947348210859289,0.2624207620063589,0.1118470955496793,0.11122715600364252,0.1118470955496792,0.11122715600364266,0.014050145042855186,0.6842203812302323,0.985930202737431,0.5654614196206358
184032,0.11192787495011701,0.5403644825421835,0.9999594791720233,0.9997941904951582,0.9999248973947575,0.888072125049883,0.8885496998981094,0.8019003084902357,0.00047757484822641416,0.08617181655964723,0.0632397805999548,0.06351860201034291,0.06323978059995475,0.06351860201034296,0.18067217627965676,0.4595949966298398,0.8192873028923666,0.8880316042219063
184033,0.29027534898776924,0.38039367797001666,0.9999640326819118,0.9989539095895716,0.9991918447969749,0.7097246510122308,0.7086447084712589,0.9140823518937513,0.0010799425409718788,0.2043577008815205,0.09007543131352792,0.09037700547510417,0.09007543131352798,0.09037700547510406,0.1552961469495153,0.6195703547118951,0.8446678857323965,0.7096886836941425
184034,0.2523330844411387,0.6916507279739981,0.9991046387339053,0.9942630661687972,0.9973276181116827,0.7476669155588613,0.7413414173725725,0.906959387181119,0.006325498186288803,0.15929247162225768,0.08251962725276481,0.0858423533643006,0.08251962725276481,0.08584235336430061,0.03491593086956778,0.30745391075990725,0.9641887078643375,0.7467715542927666
184035,0.19314810326128967,0.5720267233849856,0.9999253892616533,0.9989193110060185,0.9991906053341693,0.8068518967387104,0.8109144855006858,0.6805335171122955,0.004062588761975405,0.1263183796264149,0.08092065879909899,0.07991394368339996,0.08092065879909913,0.07991394368340002,0.08649906785686078,0.4278986658766677,0.9134263214047925,0.8067772860003637
184036,0.6774420563037326,0.448548553796395,0.9998782908921046,0.999816634587381,0.9998765699041964,0.32255794369626745,0.31985145334567333,0.6743257830260797,0.002706490350594115,0.35176783932981226,0.08689357061804681,0.0854849433671241,0.08689357061804685,0.08548494336712419,0.07761080166715596,0.5513297370957095,0.9222674892249486,0.322436234588372
184037,0.4257823522237424,0.46001104469035187,0.9997396364751645,0.9987276639303151,0.999596766008959,0.5742176477762576,0.5811112946308232,0.5752610382824888,0.006893646854565616,0.0010433905062311455,0.13520472736822273,0.1249414911099988,0.1352047273682227,0.1249414911099989,0.04117641607236982,0.5397285917848127,0.9585632204027947,0.5739572842514221
184038,0.32020690354584663,0.7211122443787699,0.9999542799302641,0.9998214876706363,0.9998991447258276,0.6797930964541534,0.6783292548013382,0.7646003186981387,0.001463841652815212,0.08480722224398529,0.08355046886600505,0.08206105398078516,0.0835504688660051,0.08206105398078517,0.20045736306304598,0.2788420355514942,0.7994969168672181,0.6797473763844175
184039,0.4510724111032519,0.22642701864672327,0.9999807258727925,0.9999801482898222,0.9999815508844171,0.5489275888967481,0.548201860259853,0.596344695644349,0.0007257286368951288,0.04741710674760091,0.19286807871086856,0.1931385249487173,0.19286807871086858,0.1931385249487174,0.057393011682355125,0.7735537072260692,0.9425877141904374,0.5489083147695406
184040,0.2616532347805958,0.8347536252263769,0.9999678779141842,0.999460355451228,0.9997551112342771,0.7383467652194042,0.7392301538944895,0.9144175383724713,0.0008833886750853059,0.17607077315306707,0.058611717682676985,0.057374830427559594,0.05861171768267707,0.05737483042755962,0.08065379205037548,0.16521425268780732,0.9193140858638087,0.7383146431335883
184041,0.19521437046888673,0.7004114590155172,0.9999528146409273,0.9995970922565399,0.9994977981727854,0.8047856295311133,0.8018070306321133,0.695168144404678,0.0029785988989999845,0.10961748512643532,0.058909856879192125,0.05863551803856445,0.058909856879192146,0.058635518038564545,0.4676269962638424,0.2995413556254102,0.5323258183770849,0.8047384441720407
184042,0.08151085740188797,0.6218110079297364,0.9999614317241118,0.9994819335573317,0.9998299750158104,0.918489142598112,0.919160486871128,0.8701935358706752,0.0006713442730159613,0.048295606727436824,0.05751367627610084,0.05823617259738557,0.05751367627610082,0.0582361725973856,0.022057578550987004,0.37815042379437536,0.9779038531731248,0.9184505743222238
184043,0.2947176545414986,0.5920278872850858,0.999776374955989,0.9979921733519042,0.9987974180145817,0.7052823454585013,0.6975551814882197,0.9866547234676403,0.007727163970281614,0.28137237800913895,0.08619954162902725,0.08514066284218648,0.08619954162902715,0.08514066284218662,0.18601462107846606,0.4077484876709032,0.813761753877523,0.7050587204144905
184044,0.2548398840733013,0.6219137852265262,0.9997770544682633,0.9972324032241476,0.9969856760013707,0.7451601159266987,0.7474994604570162,0.8241729575967682,0.0023393445303174776,0.0790128416700695,0.06947646825771683,0.07250397742874883,0.06947646825771689,0.07250397742874888,0.052859880889221,0.3778632692417371,0.9469171735790423,0.7449371703949619
184045,0.19769529152882745,0.5767137649144307,0.9999304135781323,0.9998336140270956,0.9999068738672101,0.8023047084711725,0.79943022485468,0.7245942110420656,0.0028744836164925625,0.07771049742910696,0.09996642416805701,0.09891486751792955,0.09996642416805698,0.09891486751792962,0.18735545533004153,0.42321664866370157,0.8125749582480908,0.8022351220493048
184046,0.02415089179321127,0.6515703380503597,0.9999963347930269,0.9999786043884419,0.9999884679176938,0.9758491082067887,0.9766566223594243,0.9965772117385546,0.00080751415263558,0.020728103531765907,0.06776059427199847,0.06775614602625812,0.06776059427199853,0.06775614602625811,0.022279158730747123,0.34842599674266717,0.9777171760622797,0.9758454429998156
184047,0.4706152883207168,0.6051612104090491,0.9999724614151156,0.9997320111989565,0.9997905566248404,0.5293847116792831,0.5276465839084182,0.5795185387508934,0.0017381277708649057,0.05013382707161029,0.09852887394277648,0.09933474996940904,0.09852887394277662,0.09933474996940907,0.023467403715630074,0.3948112510060665,0.9765050576994856,0.5293571730943989
184048,0.23291520956289632,0.46512574425696157,0.9999574841603276,0.9999675551890203,0.9999147450501533,0.7670847904371036,0.7654850178768944,0.815551304374444,0.0015997725602092672,0.04846651393734036,0.1350445877258483,0.13356299699052218,0.1350445877258483,0.13356299699052235,0.08581694043258359,0.534831739903366,0.914140543727744,0.7670422745974312
184049,0.13568403604916857,0.5572088952569927,0.9999501390217866,0.9997774350765739,0.9997875669950577,0.8643159639508314,0.8600277979112667,0.8637724676643705,0.0042881660395647225,0.0005434962864608872,0.07847231782442016,0.07944447215348205,0.0784723178244202,0.07944447215348187,0.17496732406008583,0.44274124376479396,0.8249828149617008,0.8642661029726181
184050,0.05319378526974038,0.6578602116805681,0.9999834380439973,0.9999305375098154,0.9999727140565137,0.9468062147302596,0.9478691497141449,0.9161668314770112,0.001062934983885322,0.030639383253248442,0.07135787659538248,0.07131002202527892,0.07135787659538248,0.07131002202527885,0.1669156895729674,0.3421232263634292,0.8330677484710298,0.9467896527742569
184051,0.12116688055443907,0.6406661222937509,0.9996846872501824,0.9982721867407875,0.998600098778685,0.878833119445561,0.880241413170104,0.9668911482791678,0.001408293724542986,0.0880580288336068,0.0784885970021832,0.07994311495659774,0.07848859700218336,0.07994311495659776,0.14641779414234127,0.3590185649564316,0.8532668931078412,0.8785178066957434
184052,0.1488928887751885,0.748556627643911,0.9999869157407052,0.999960101635374,0.9999583439133688,0.8511071112248115,0.8525600299910236,0.9110012366354963,0.001452918766212119,0.05989412541068473,0.050942584076172186,0.05104074475334162,0.050942584076172144,0.05104074475334159,0.08383548535296383,0.25143028809679424,0.9161514303877414,0.8510940269655167
184053,0.3900262948885876,0.6054020202301077,0.9996490974895244,0.999853161715549,0.9996462122551152,0.6099737051114125,0.6155453461846547,0.835355145590837,0.005571641073242262,0.22538144047942454,0.13096685590530407,0.1363344186774632,0.130966855905304,0.13633441867746307,0.14405678642441877,0.39424707725941666,0.8555923110651056,0.6096228026009367
184054,0.04702279601349099,0.6197411829087652,0.9999124209554242,0.9988431713397348,0.9990912155488801,0.952977203986509,0.9503538466551043,0.9933244134408729,0.00262335733140473,0.040347209454363875,0.0827351568289799,0.08477341375805017,0.08273515682897974,0.08477341375805016,0.020295944872885715,0.380171238046659,0.9796164760825385,0.9528896249419332
184055,0.4241202221563086,0.5602321480036881,0.9997016706228985,0.9992006472871608,0.9992841269642356,0.5758797778436914,0.5737366966489544,0.5932791401838474,0.00214308119473694,0.017399362340156044,0.06196243420383801,0.06252066570955923,0.06196243420383803,0.06252066570955914,0.24663640760533184,0.43946952261921035,0.7530652630175667,0.5755814484665899
184056,0.33495192454255435,0.5171170907140695,0.9999741798147267,0.9999281544369738,0.9999133337739113,0.6650480754574457,0.6667064116783001,0.803317526305791,0.0016583362208544283,0.1382694508483453,0.07345864870259068,0.07403509937474285,0.0734586487025908,0.07403509937474297,0.10368161690452203,0.48285708910065717,0.8962925629102046,0.6650222552721723
184057,0.38301267428640406,0.5170128322873114,0.9999252300865494,0.999782173450484,0.9998760749322385,0.6169873257135959,0.6163213673656704,0.6711202720153929,0.0006659583479254882,0.05413294630179699,0.08296366786269291,0.08364713469563255,0.08296366786269298,0.08364713469563234,0.13400530558749243,0.482912397799238,0.865919924499057,0.6169125558001454
184058,0.4733320719798765,0.5724166526406044,0.9999794718125297,0.9996769101114099,0.999716963506778,0.5266679280201235,0.5270344153761529,0.8876380785906921,0.0003664873560293991,0.3609701505705686,0.081725377302632,0.08116987039443377,0.08172537730263191,0.0811698703944339,0.23118674719516044,0.4275628191719253,0.7687927246173692,0.5266473998326532
184059,0.10031709964647288,0.679476730876869,0.9998668575273085,0.9998935085346015,0.9997982116851403,0.8996829003535272,0.9023567310509909,0.7625917794154481,0.0026738306974637416,0.13709112093807907,0.11435113939672784,0.11563654717016915,0.11435113939672786,0.1156365471701694,0.1789639841891065,0.32039012665043953,0.820902873338202,0.8995497578808357
184060,0.16800588405693676,0.47025463643633497,0.9999377394079044,0.9998356617939952,0.9999796556812907,0.8319941159430633,0.8354304070351091,0.9609450462297302,0.0034362910920457956,0.12895093028666693,0.1052157235010672,0.10512227173094123,0.10521572350106724,0.10512227173094124,0.02138538076937185,0.5296831029715694,0.9785523586385326,0.8319318553509677
184061,0.43944181653226616,0.6985615555427711,0.9999115619183869,0.9995881550819096,0.9998457962356461,0.5605581834677338,0.5633483013147487,0.7152717281188861,0.0027901178470148835,0.15471354465115228,0.07795375831385294,0.07614958484377334,0.07795375831385291,0.07614958484377335,0.24368579879975338,0.3013500063756158,0.7562257631186335,0.5604697453861207
184062,0.45169381793126223,0.5433313067435244,0.9996181772171975,0.9969050274650733,0.9974822998737829,0.5483061820687378,0.5494124301936102,0.6373319638151472,0.0011062481248723666,0.0890257817464094,0.09930951504440012,0.09954338816735307,0.09930951504440028,0.099543388167353,0.32605285430310355,0.4562868704736731,0.6735653229140939,0.5479243592859353
184063,0.2226485411280284,0.7374214397963746,0.9999027067077679,0.9996882117437923,0.9999269335036576,0.7773514588719717,0.775192059289509,0.9583657476886108,0.0021593995824626955,0.18101428881663917,0.10577963152183124,0.10289171693112603,0.10577963152183127,0.102891716931126,0.053164233740050124,0.2624812669113933,0.9467384729677178,0.7772541655797396
