seed,INTACT_norm,INTACT_rsa,NO_R_norm,NO_R_rsa,M_norm,M_rsa,R_norm,R_rsa,K_norm,K_rsa,GH_norm,GH_rsa,K_shuffle_rsa_mean,K_rsa_over_shuffle,INTACT_shuffle_rsa_mean,INTACT_rsa_over_shuffle,R_amp_ratio_over_MGH,NO_R_minus_INTACT_rsa
99000,0.0537607228977568,0.08062118934302,0.0152706885511344,0.8922685659063084,0.0037970479303649,0.4388338712855954,0.0530859652498055,0.0461827455735178,2.022966947537272e-06,0.9925801533657554,0.0002499015650922,-0.0760315242238072,0.0262557447423667,0.9663244086233886,-0.0145129800652985,0.0951341694083185,13.117526005546177,0.8116473765632883
99001,0.0381625917063858,0.0814844439616398,0.0141537160966013,0.8826188481266085,0.0103626410505918,0.4969431166293729,0.0365253144645888,0.0173599687522188,2.086923730264046e-06,0.902875735902969,0.0005495752539712,0.0195671153675215,0.0327366619504088,0.8701390739525601,-0.0069802052546547,0.0884646492162945,3.347194872714526,0.8011344041649686
99002,0.0623596777605969,0.3235517630383686,0.0395430950172668,0.9713973180639256,0.0040585615540338,0.3427888691797905,0.0616029513293048,0.3113487406167859,1.0046463038654894e-05,0.6745548915373243,0.0007854637536524,-0.139934222015053,-0.003908265870252,0.6784631574075763,0.0062634215788585,0.31728834145951,12.717305838915088,0.6478455550255571
99003,0.048681718621989,0.0655743538083738,0.0129329798986655,0.8301179014185516,0.0042696136712172,0.7166940651845946,0.0482474073900125,-0.0216913628259932,5.456778033643528e-06,0.8252575018530379,0.0007564671919026,-0.0122919972506405,-0.0115471969091713,0.8368046987622093,-0.0151065989603853,0.0806809527687592,9.599409301993193,0.7645435476101777
99004,0.0408855203231957,0.0232736748912005,0.0334527514670555,0.9326561776929252,0.0031882624875845,0.4628912516860835,0.0410172395128496,-0.0412635459743285,2.936460605733278e-06,0.9679587223380388,0.000401298652513,-0.0630508616663182,-0.0365170711526998,1.0044757934907385,-0.0076077839919443,0.0308814588831448,11.426811777810627,0.9093825028017244
99005,0.0378279030212662,0.3365844127142166,0.0148342216969559,0.9877402340871492,0.0045311595985467,0.2470567361755776,0.0378763003309213,0.2861679784480081,1.8599473192499e-06,0.8689610533742534,0.0004640326354335,-0.0169762011162028,0.0665174332323357,0.8024436201419177,0.0520616967415775,0.2845227159726391,7.582551092479752,0.6511558213729327
99006,0.0417405731427677,0.1919926715364883,0.0347616472977048,0.9761919795873256,0.0061685885369967,0.5994890444364234,0.0415761412756331,0.1073965760762945,7.5921013804629315e-06,0.9524932498528724,0.000396855042287,-0.0910078536225199,0.020774767940212,0.9317184819126604,0.0508423735964056,0.1411502979400827,6.332571557969655,0.7841993080508374
99007,0.0333362314062827,0.2851601211557261,0.0133908462630492,0.9851160641869908,0.0029897662610929,0.8962620620478586,0.0331840656846612,0.2210404158872871,7.153470082371629e-07,0.7810205281347288,0.0002944303235305,-0.1387071478049491,0.0603975929943446,0.7206229351403841,0.0195451422415593,0.2656149789141667,10.104165457091684,0.6999559430312648
99008,0.0500125708776686,0.2282554434630918,0.0573509997441392,0.9506137061142466,0.0034717974471632,0.5341096925547192,0.0497275111748738,0.1805222177693176,4.394377768798679e-06,0.8449811971852446,0.0001986925042004,0.1745700394720202,0.0500843415329958,0.7948968556522488,0.0193288588484418,0.2089265846146499,13.547921894292225,0.7223582626511548
99009,0.0455284464360739,0.0425315901285005,0.0424407095253614,0.9257573772921466,0.0036804651754862,0.4620150068676217,0.0456264568135094,-0.0027896630992034,2.3515826806394594e-06,0.8214907995499051,0.0003462285923798,-0.1793517069866185,0.0066169009718774,0.8148738985780276,0.0152948357621136,0.0272367543663869,11.33099744947277,0.883225787163646
99010,0.0444506659350161,0.2872093448310835,0.0210234963355357,0.9962361088555548,0.0042868782276092,0.5603337314454343,0.044295187541495,0.2229897424354726,4.52675428930052e-06,0.8812632525366106,0.0006546048604849,-0.0659968339904267,-0.0405847491657003,0.9218480017023112,-0.0152197462303833,0.3024290910614669,8.96394599593163,0.7090267640244712
99011,0.0732742883397003,0.1078451820090705,0.0466568598589043,0.9029558678302656,0.0049699666814611,0.253019238022337,0.0735329084204591,0.0932153484391369,5.010783652398735e-06,0.9318093385527844,0.0003322839061908,0.2533960351588053,0.0107127301902761,0.9210966083625084,0.0327463072048471,0.0750988748042233,13.868244664197846,0.7951106858211952
99012,0.028343879740527,-0.0126389781324233,0.0226690024549362,0.9926383561743768,0.0029484987364903,0.434615166309159,0.0281878235067081,-0.0644846567705061,5.783314824778311e-06,0.9913149672320664,0.0005023084559511,-0.1804535529223109,-0.0070592275863386,0.9983741948184052,0.010879636242483,-0.0235186143749063,8.16847245723888,1.0052773343068
99013,0.0465900055337244,0.0448487741301126,0.0244537048037083,0.8349507457691301,0.0046376787447251,0.271063527327702,0.0465061616310068,0.0191150212520374,4.814535540849448e-06,0.9691163390375576,0.0003358284402502,0.1481917949165967,0.0054537383119449,0.9636626007256128,-0.0260415659245626,0.0708903400546753,9.35077801264457,0.7901019716390174
99014,0.0422361260223856,0.3068399831260594,0.0432912642922495,0.9743111318833292,0.0036785021514685,0.5354692274507329,0.0428774504835153,0.2937055343508513,6.398786055468416e-06,0.8442764714540507,0.0003195942619619,-0.0405628471595123,-0.0078203467701236,0.8520968182241744,0.0032489414932658,0.3035910416327935,10.72446635840744,0.6674711487572698
99015,0.0327270022010439,0.0737219110401605,0.0296601200844282,0.9506706506119614,0.0019942496645573,0.6192180319242003,0.0326256953958137,0.0238127808901953,4.694316751598225e-06,0.86870396270269,0.0003389897338413,-0.28055331982023,-0.0120017954041352,0.8807057581068253,0.0360773098209306,0.0376446012192298,13.983003809292088,0.8769487395718009
99016,0.0240897590183667,0.4095542549122695,0.0235283483837639,0.8819366939852474,0.0054245340955163,0.0539140809692681,0.0233072770462399,0.3959427506503393,4.644747720243023e-06,0.8998927629974736,0.0005646542921515,-0.138318411222217,0.0044268592362243,0.8954659037612492,-0.0056263533396917,0.4151806082519613,3.8915585113714215,0.4723824390729779
99017,0.0483082892518069,0.1679282604446867,0.0414273631779992,0.955406232291022,0.0039767016217572,0.4150165048889809,0.0483072378330249,0.1495514555596946,6.729551030486347e-06,0.98187048000771,0.0001749627604029,-0.2345882038489856,0.0346961654521189,0.9471743145555912,0.0218809720959386,0.146047288348748,11.635631733766976,0.7874779718463354
99018,0.0291715540284113,0.3707391798284276,0.041416661171825,0.9678164933946783,0.0030827623265825,0.7322642605823009,0.0290342997118419,0.3096199810331395,9.624517938901736e-06,0.7436274107438319,0.0002254954551233,-0.1247893526301061,-0.0116289555627757,0.7552563663066076,-0.0436251486199949,0.4143643284484226,8.776311166677472,0.5970773135662508
99019,0.0385414248578727,0.2931627161757367,0.0343692210064133,0.7834386870385752,0.0052343204747676,0.4757293864173328,0.0380648690588025,0.1955583330405222,3.1413440937576884e-06,0.8800551837238266,0.0004999347238672,0.0075410059169459,-0.0242049557613657,0.9042601394851923,-0.0130500490617384,0.3062127652374751,6.63815399563274,0.4902759708628385
99020,0.0334372592436628,0.0969962535096871,0.0218454483650577,0.9067877886196926,0.003594451240425,0.5066350763885026,0.0327453747472596,0.0426563657928761,9.341054985971772e-07,0.9633382222189344,0.0003725882924881,0.0843208025080535,0.0278092160456118,0.9355290061733226,0.0104228197605803,0.0865734337491068,8.254360581883288,0.8097915351100053
99021,0.0384338937106512,0.2833479826195821,0.0372393429448655,0.9554420657298672,0.0025913333822676,0.4449918798781528,0.0383829355471681,0.2623949492404185,1.5321715224309028e-06,0.945231085150386,0.0003047729644505,-0.0284609964519316,0.0040942085630511,0.9411368765873348,-0.0023449325237297,0.2856929151433119,13.253289400318248,0.6720940831102851
99022,0.0656179761653049,0.1222321182679859,0.0206610756040325,0.792280104233289,0.0072606294863861,0.4709329844662924,0.0645345855117546,0.0581626262964733,1.970907176459887e-06,0.9907741335345276,0.0005435633811845,0.1992107965203864,0.0121481599230276,0.9786259736114998,-0.0362682136472553,0.1585003319152413,8.269219713919615,0.670047985965303
99023,0.0456946623605907,0.0759884951972383,0.0457502684862474,0.9312304836918592,0.0045402926063294,0.3169049180848885,0.0459342878455456,0.0345524032165652,3.752989738157453e-06,0.9154983636761193,0.0001371878489218,0.0165905732015227,0.0391371429891634,0.8763612206869558,0.0152776669685404,0.0607108282286978,9.820305672034875,0.855241988494621
99024,0.0374086329456941,0.1900484546423321,0.0410034001566132,0.8110980112476117,0.0053137522805982,0.5666069736582482,0.0372360865202684,0.0894011745611388,3.927100909769839e-06,0.9648060748850084,0.0004323139723603,-0.016056373507582,0.0393921145899375,0.925413960295071,0.0139865938338631,0.1760618608084689,6.480274483624276,0.6210495566052796
99025,0.047887996977131,0.0845155256491436,0.0134384720060411,0.855162520664588,0.0032610745204503,0.5692580226814349,0.0483132397047731,0.0245816416562566,5.375620322021891e-06,0.7711939583679155,0.0004183951165418,-0.0729081499665808,-0.0157940944138568,0.7869880527817724,-0.038728722083215,0.1232442477323586,13.13049011711771,0.7706469950154443
99026,0.0466453308451378,0.2658692250852715,0.0254657726869004,0.9838661287465422,0.0028099895280083,0.7872964225055012,0.0468989404546248,0.2509122012276457,1.7794505439796524e-06,0.8301100013965486,0.0001624842971881,0.0724993870943473,0.0179539931567508,0.8121560082397977,-0.0081213294930316,0.2739905545783032,15.777747160316729,0.7179969036612707
99027,0.0321482964098432,0.2463348656110167,0.021543652765511,0.6626637305137446,0.0069293538365659,0.5852451083936852,0.0311678641777536,0.0922765773215742,6.802881771335901e-06,0.6808411774999261,0.0002679708487135,0.2835871764137387,0.0484813743000791,0.632359803199847,-0.0156448022248745,0.2619796678358912,4.330479107257183,0.4163288649027279
99028,0.0325818556648862,0.2045106620762655,0.025095808726921,0.9027976540797744,0.0029902425802721,0.4708051857388037,0.0322134530733517,0.1617939361689154,1.8557855633814811e-06,0.6591638331955252,0.0003290106779028,0.0267569214920938,-0.0092599191038583,0.6684237522993836,-0.0158804844771701,0.2203911465534356,9.705030188342414,0.6982869920035089
99029,0.0409260954146278,0.2771669658478071,0.0561839704791612,0.8617236777151018,0.0042047270074504,0.1099358360808386,0.0410898684624203,0.2511702066531213,4.686246150556074e-06,0.9080899130065592,0.0002387688334988,0.1159020948094987,0.0434949012988339,0.8645950117077251,0.0025714749779831,0.2745954908698239,9.247194086184225,0.5845567118672947
99030,0.0418905089730948,0.2450508655425118,0.0258090420660431,0.8018577915638022,0.005987751179135,0.3970688016845718,0.0412566397969519,0.1478166507920455,9.239914755617657e-07,0.8548398954411571,0.0003745424114996,0.0999235716253288,-0.0253581175353834,0.8801980129765407,-0.0125154735905423,0.2575663391330541,6.484554541411868,0.5568069260212904
99031,0.0318062212174869,0.0329540097065679,0.0218022756686229,0.9806693426792968,0.0023005021187362,0.5287427787380445,0.0317295968887221,0.0115968364986328,4.045975689774426e-06,0.9085335249105072,0.0002180922781157,-0.0974822503670916,0.0051242355604638,0.9034092893500436,0.0336025473514148,-0.0006485376448469,12.598136852987652,0.9477153329727288
99032,0.0443144588941874,0.1801068940817395,0.0155359818395579,0.8052854897371721,0.0040174166065262,0.6827840289372075,0.0442699964378291,0.0394935209195519,3.5366502468854638e-06,0.9008358865298602,0.0007229548320017,-0.042910844876878,-0.0391554829891499,0.9399913695190102,-0.0066466458217666,0.1867535399035061,9.338929873302591,0.6251785956554325
99033,0.0278552442364388,0.1144772002786576,0.0216191205172702,0.9668924433631312,0.0047894059101569,0.2997649020912316,0.0265738787440246,0.0233721626993803,7.938952976928093e-07,0.7369596853192747,0.000587992401103,-0.1823862363255568,-0.0116853673426646,0.7486450526619394,-0.0144284942429545,0.1289056945216122,4.9417724345200655,0.8524152430844736
99034,0.0544834353432571,0.2636536853233384,0.0209431133851007,0.9186415258721676,0.0080097241321912,0.6586143696971388,0.0552387926723223,0.1599056140701043,5.434522153839932e-06,0.6697849037018924,0.0004660531133465,0.0957564414471263,-0.0369651641421151,0.7067500678440075,-0.0376924127187388,0.3013460980420773,6.517253942863758,0.6549878405488292
99035,0.0386698301562883,0.0046182981608954,0.0161237972932579,0.8329184945244515,0.0021107769903167,0.756561391745861,0.0384278700373622,-0.0155811428760431,3.684751287393684e-06,0.8625595149742046,0.0002009929659163,-0.0764671095617622,-0.0127582229075354,0.87531773788174,-0.0106891389383193,0.0153074370992147,16.62270501168844,0.8283001963635561
99036,0.0354299113505399,0.34624478657893,0.0331010058361905,0.7455293507822762,0.007241662907142,0.429658799194578,0.0341794983210459,0.2340441047870313,5.600453099913623e-06,0.9207139036237,0.0003456075478748,-0.0271012023241855,-0.0113846793097032,0.9320985829334032,-0.0223244936613215,0.3685692802402515,4.50484776095483,0.3992845642033462
99037,0.0338533679059231,0.3908146568654442,0.0299044463023385,0.6298663301993259,0.0133743356852108,0.543199043498902,0.0320639004457904,0.0821579779163296,3.2835373158859007e-06,0.7624977774476461,0.0006989965214494,0.3126722712663821,0.0002346359199402,0.7622631415277059,-0.0077509118548675,0.3985655687203117,2.278344600620863,0.2390516733338817
99038,0.0647191677982037,-0.0162359034453507,0.0810431975572539,0.9544295870223743,0.0070376156551782,0.3484042001667513,0.0642068456371257,-0.0402141948739646,6.172476828165904e-06,0.7180186562680776,0.0015667278012283,-0.2057453944811587,0.035286598283699,0.6827320579843785,-0.001037073815732,-0.0151988296296186,7.462143504895974,0.9706654904677252
99039,0.0472506674236083,0.0314378577635905,0.0374018339519831,0.924807578088242,0.0034200593232742,0.364337212535832,0.0469322672939201,0.0118425206322894,2.8337353331816825e-06,0.717883259255338,0.0002878900281332,-0.0884299574850752,0.0070189867563535,0.7108642724989844,0.0076823040727248,0.0237555536908656,12.657202902756197,0.8933697203246513
99040,0.0504765100758532,0.3551128751122749,0.0668028636851097,0.9644557713090868,0.0031153953779141,0.2510757062910748,0.0501763805726153,0.3499647724787579,2.296470471287333e-06,0.5921497868650264,0.0002258224127078,0.2087148633048306,0.0370771798196603,0.555072607045366,0.0245554022521168,0.3305574728601581,15.017392973733836,0.6093428961968117
99041,0.034208212988703,0.1011911834886798,0.0362640544554232,0.7571161633337895,0.0052893670699037,0.5161506224228908,0.0336754477512056,0.0424947996388601,3.237043924578339e-06,0.8084109236186998,0.0006721240326863,-0.0666987417817853,-0.0255168504452215,0.8339277740639214,-0.0031716421674242,0.104362825656104,5.648829658836329,0.6559249798451097
99042,0.0404062042537409,0.1982892203498192,0.0302304403358478,0.980691823973698,0.0053893207933082,0.4056308782087035,0.0394845875846445,0.1531242865567352,6.7398359179249295e-06,0.8871902879617083,0.0008047190458773,0.0871873417571666,-0.017769242932554,0.9049595308942624,-0.0156294141133146,0.2139186344631338,6.374609884625775,0.7824026036238789
99043,0.0467761875340731,0.2649603750624185,0.057670807808106,0.9353951232042692,0.0068459089397834,0.2625199041715746,0.045731617512935,0.19684445451111,5.230563452952713e-06,0.769486567153692,0.0004415436965046,-0.1010508310545373,0.0187020171614881,0.7507845499922039,0.023699775271213,0.2412605997912055,6.275391387822748,0.6704347481418507
99044,0.0474695358921655,0.3558179675565861,0.0253333595681815,0.9123105309945468,0.0045391828325169,0.3521095142606703,0.0473159217874279,0.3045326565246615,9.341370497460937e-06,0.9401814937196548,0.0002501778704944,0.3858901825613707,0.0378114873105693,0.9023700064090854,0.0126645615160495,0.3431534060405365,9.879381554550204,0.5564925634379607
99045,0.0386831115375711,0.0978206016783291,0.033044111137717,0.9934615244034698,0.0038962496164916,0.4046156453032934,0.0379330786630009,0.0922514346829502,4.03694786586983e-06,0.9533754858047956,0.0004739635805096,-0.2328158298799154,0.0069911429584707,0.9463843428463248,-0.0133270007946577,0.1111476024729869,8.679914904156396,0.8956409227251406
99046,0.0374153774721922,0.310081614495913,0.033205738713263,0.969296844342823,0.0037454344032558,0.4600880730737187,0.036692508801431,0.2693263118960385,1.2944890984604563e-06,0.7339886660104374,0.000337323709183,0.0697216999491686,0.0166889353874219,0.7172997306230156,0.0311306028671379,0.278951011628775,8.987186551569398,0.6592152298469101
99047,0.0485588452945029,0.3983019846033451,0.0345547187612169,0.8512971738882112,0.0091556953135982,0.3702482938318392,0.0484530138348729,0.3851499899106411,2.5221078348521666e-06,0.9385275471722768,0.0004161711669083,0.319066941621795,0.0094601806514597,0.9290673665208168,-0.0017987636234429,0.400100748226788,5.062023580619725,0.4529951892848661
99048,0.0404941741825254,0.0402974711294503,0.0317233993128491,0.9916983450272474,0.0050768267758234,-0.019391997326066,0.0404553836063943,0.0006526671502341,2.178692015118236e-06,0.7534147373819154,0.0008154878144633,-0.1785426681643906,0.0415170502880307,0.7118976870938847,-0.011461337509562,0.0517588086390123,6.865788135799114,0.951400873897797
99049,0.0317204556562973,0.4324091922499108,0.0239975416782834,0.9560454990630975,0.002724700978122,0.8320601563085246,0.0315177514706538,0.4173826212535462,3.659691395259726e-06,0.9340354196587904,0.0001866440559284,0.1160627804821119,-0.0284569939926639,0.9624924136514544,-0.0109269241978418,0.4433361164477528,10.825838607934667,0.5236363068131868
99050,0.0347510990458167,0.0578781165829428,0.0137663345003407,0.9928246093941158,0.0033363971240436,0.5667293784305703,0.0344350282224316,0.0224426307093224,3.900595643570144e-06,0.87487826907043,0.000371195353341,-0.1382177195350462,-0.0212261718580028,0.8961044409284329,0.0017752318250927,0.05610288475785,9.287705817849924,0.9349464928111728
99051,0.0527615048838858,0.0873156682074879,0.0417265214438934,0.8385718294062801,0.0050726465251092,0.3614759915949041,0.0518379223056009,0.0649542288474623,8.888105099735677e-06,0.9517584411456737,0.000549501801428,0.0798117844308337,-0.0241488266542511,0.9759072677999248,-0.0290163565118465,0.1163320247193344,9.22030499638543,0.7512561611987921
99052,0.0531875928759553,0.1189349187278384,0.0529126841735508,0.8258974323926117,0.0055034306064541,0.0792813428334792,0.0523883739076924,0.1193956794928964,5.197342208668823e-06,0.9278792480976518,0.0007530269659169,-0.1601745157080797,-0.048332500044179,0.9762117481418308,-0.031003932785474,0.1499388515133124,8.37348824021981,0.7069625136647733
99053,0.0325549753604492,0.1654813923260896,0.0241968354093443,0.9597163183588986,0.004686152757698,0.3387613620317261,0.031462999974527,0.1226551484617585,4.983297016547305e-06,0.8520791276899142,0.0002331220750962,-0.1532944756418059,0.0190321683159984,0.8330469593739158,0.0010091634072033,0.1644722289188862,6.395861390945965,0.794234926032809
99054,0.0384180574809501,0.1407734038103246,0.0340296960956311,0.9787608228941362,0.0026326314244591,0.6290106950997407,0.0385837934287265,0.1191510562955626,2.0444347284627943e-06,0.7281138608305557,0.0002496132192099,0.0097686272353471,0.015794375504324,0.7123194853262317,-0.0058403698679497,0.1466137736782743,13.386717020522116,0.8379874190838116
99055,0.0387136012826647,0.0817525093710851,0.026774429011114,0.7945095066582375,0.0036967997746796,0.6626706122999863,0.0385974367008588,0.0198419198232887,2.387673915599093e-06,0.9941447782060894,0.0003831389809386,-0.050500873392633,-0.0471249473394359,1.0412697255455252,-0.0016915371141414,0.0834440464852266,9.460298061508505,0.7127569972871524
99056,0.0631460232086943,0.0021613075001947,0.0093029643887743,0.9345836369508864,0.0041417865108573,0.5072709550854622,0.0624524684038787,0.0027118635318397,4.127340638512956e-06,0.939601534666594,0.0004636155802771,-0.1679380027031445,0.0357142788621359,0.903887255804458,-0.0132491231608211,0.0154104306610158,13.560698320801844,0.9324223294506918
99057,0.0521495388378127,0.0453210393317144,0.0530755374991839,0.9439103132745548,0.0019655793736899,0.080529098318126,0.0522413957141337,0.0517017978102016,1.1593141149382773e-05,0.889695822300996,0.0002432639395589,0.0259247312213586,-0.0126572848195147,0.9023531071205108,-0.0203807041598328,0.0657017434915472,23.65101924648118,0.8985892739428403
99058,0.0420642167946073,0.1932300193083794,0.0166966037405395,0.9563411464470748,0.003544596359801,0.3807845427815338,0.0416115796385341,0.1312751952177102,1.26058577717146e-06,0.9921713831826672,0.0003893504997502,-0.1558510521070042,0.0019547398447058,0.9902166433379612,-0.0006340314735427,0.1938640507819222,10.57756526057134,0.7631111271386953
99059,0.0420426889163849,0.2398080133619559,0.0357476872268582,0.9628533898451236,0.0040603487974751,0.3348837291175288,0.0408327877532802,0.2171865658789853,1.2173225583111902e-06,0.8732523691111561,0.0005204956427835,0.0353495939308363,0.0121143690202599,0.8611380000908961,0.029294570156592,0.2105134432053639,8.913812351804104,0.7230453764831676
99060,0.0531404063557053,0.0815274749478829,0.0243440225678562,0.9565568340464096,0.0048894038298878,0.2413911302086493,0.0519939731133619,0.0378460937745627,2.3432772638588472e-06,0.922484398744252,0.0008005013711465,-0.1738031417054176,0.0320067614078056,0.8904776373364465,0.0037466819414084,0.0777807930064744,9.13793310719844,0.8750293590985266
99061,0.038087586725588,0.0811626245412576,0.006694020647458,0.852919891805294,0.0038538366670391,0.6058606444231784,0.0383317473894155,0.0535080526762831,7.606727898718625e-06,0.8195824275941856,0.0001890111617202,0.2908510841764144,0.0608149754291025,0.758767452165083,0.0030585159739901,0.0781041085672674,9.48137278794613,0.7717572672640364
99062,0.0373605027276187,0.1239783527156125,0.026272111984914,0.923108849731522,0.0029207063441875,0.1500165218447278,0.0372180419478377,0.1083987065682592,3.536542007401483e-06,0.7864030534549009,0.0003022839673306,-0.0743066676485739,-0.0017878273358538,0.7881908807907548,-0.0142292850970574,0.1382076378126699,11.547674162971363,0.7991304970159095
99063,0.0463683531106607,0.0137654635401147,0.030494467051017,0.754670617951791,0.0042856971041501,0.6002208318065712,0.0451404897037385,-0.0325222831211593,5.259155529418411e-06,0.8758772497749097,0.0002613156673973,0.1851845016692267,-0.0305556117445343,0.906432861519444,-0.0171350155273019,0.0309004790674166,9.927504489582915,0.7409051544116763
