seed,m_share_mean,x_share_mean,x_minus_m_share,m_ratio_mean,x_ratio_mean,m_residual_mean,x_residual_mean,phase_abs_m_ratio_diff,phase_abs_x_ratio_diff,pure_m_gain_ratio_v_over_q,pure_x_gain_ratio_v_over_q
170000,0.8134291140621205,0.891695401739823,0.0782662876777025,4.589963310503349,8.562365054262514,0.00011534993768674281,7.469021255161573e-05,0.0001666068580101765,0.0004534359126040499,4.589632044958881,8.562425673662162
170001,0.7854036997721338,0.8754758120962776,0.0900721123241438,4.323883925771275,9.635392576123754,0.00028449742545250004,0.00017506599016178334,0.0026794240008536363,0.001970242263690025,4.3278594889648385,9.641237330741458
170002,0.7939392907654721,0.7851789587495789,-0.008760332015893213,4.007255888197075,3.8153424521000137,0.000184685370484525,0.00016697970495060436,0.00015686054001040617,0.0003033496394810875,4.008293299887531,3.8164158193794435
170003,0.7770756576796357,0.8030504149332215,0.02597475725358578,3.811904590715198,5.1850479433424645,6.608342924262998e-05,6.16214502586673e-05,0.0002718414831273108,0.0009004702438470957,3.811981810857965,5.184833968635764
170004,0.8185922655350762,0.8830134937296937,0.06442122819461749,4.906216740053153,8.602274132160762,0.00021167744209637507,0.00014640384345189023,0.0020411653595751034,0.003772773902939619,4.906535691693673,8.602829543773597
170005,0.7822606495315241,0.8467041876773646,0.06444353814584047,3.717507618768955,5.8670948356717725,0.0002590158510495976,0.00015340770315304926,0.001249473572020765,0.001737961619321382,3.7181452678410594,5.868602522643904
170006,0.7615653062759771,0.8196877035736349,0.05812239729765778,3.3229501338395226,4.771839272711184,0.0020238707445781414,0.0014951935419604916,0.004764868105018305,0.001145853157718868,3.339291790441322,4.8016514359801805
170007,0.7680505336433496,0.8299414184799386,0.061890884836589,3.6254425660705283,5.307129566791439,0.0006490955024324835,0.0004451082305271772,0.005121201951784116,0.008116543170668677,3.613732557563526,5.293019205893178
170008,0.8158045428518994,0.9049796496189834,0.08917510676708396,4.727955376559966,10.100389829250565,0.00018254407849863292,9.573949063982881e-05,0.0005393218632807617,0.0037932034498950884,4.727120436637379,10.091970287997205
170009,0.8783440346947642,0.9159556363928346,0.03761160169807043,8.541969746769874,13.8165093607191,0.000466958204452625,0.0002822460273714834,0.007185145976183804,0.010269742845604668,8.509420119231313,13.755807218434477
170010,0.847764592514093,0.8983791261229919,0.05061453360889889,6.014383285799898,9.986867244188621,0.0002865963042619583,0.00021562934452335524,0.002137200263307548,0.005685501377076463,6.017281578596253,10.00056583886976
170011,0.7963400331881242,0.8576881275099283,0.0613480943218041,4.506633995804578,7.208328695576459,0.00014908108142620846,9.605569151193436e-05,0.0009429932871585223,0.001472139858204713,4.506783353492035,7.207285617539452
170012,0.7694320347627018,0.8395992129467951,0.07016717818409324,3.4519459453496517,5.4753713856351,0.000773239972763475,0.0004928160814462167,0.0012141010093977833,0.0014322667832482594,3.4480280840012427,5.467403288121548
170013,0.7757212944413522,0.851902819149442,0.07618152470808981,3.564745856750077,6.009478949282669,0.0006536598773344166,0.0005085547948701158,0.0015603172013367583,0.0010906092348932361,3.5635295811668612,6.004496152507012
170014,0.8365216346785691,0.9095669724966613,0.07304533781809219,5.832204140307909,11.78583554068239,0.0007265846099115417,0.00041247388762681667,0.012053989773059826,0.023372192097054878,5.829636579909457,11.777689432482857
170015,0.7817972650859072,0.8910686983602482,0.10927143327434097,3.73340556051661,8.474632057262005,6.637996122574895e-05,2.9975656969819244e-05,0.00010084826546608028,0.00033098344576565353,3.733333367885218,8.474574483433825
170016,0.766155659163276,0.8442784130104793,0.07812275384720335,3.4001732265390747,5.72415192895176,0.00018323203289765438,0.00010075381833114353,0.0009483343908178732,0.0008806611897274053,3.4013837110534433,5.72667224047667
170017,0.8740181047828712,0.8712506809146271,-0.0027674238682441343,7.602924262194073,7.542457786048723,0.0009975586774615666,0.0010031144744485332,0.008744815812500306,0.0007012679294824409,7.587193962801301,7.534550028046172
170018,0.7108487202470289,0.850489552682865,0.13964083243583603,2.645836019503146,6.247159696375331,0.00016896776640359067,7.77726056449974e-05,0.00024606478845390356,0.0012934582053398813,2.6458047438568646,6.247358563202879
170019,0.7562268817059662,0.8455124923150327,0.08928561060906648,3.1438070689367876,5.637902907517392,0.00021414613268073336,0.00011831710306583776,0.0004771455923200385,0.0010761541898025584,3.1435923273969615,5.6373901948336895
170020,0.8111088061642294,0.8565289050973474,0.045420098933117936,5.035679611411221,6.960241706357202,0.0007070199722507419,0.0005220471302076416,0.003138516052694662,0.003335391244760899,5.043346195728286,6.970160373340004
170021,0.8872259176697178,0.8612808399438029,-0.025945077725914922,8.41942715768393,7.151492108090303,0.0007727521285636418,0.0008021848957869252,0.015936914173208194,0.02038335361062593,8.436847699531533,7.147040305918314
170022,0.8124403793266647,0.8223186593932278,0.009878280066563105,4.7293492280077745,4.974124407694593,5.586148015259247e-05,4.9996634567654804e-05,0.0006920325488914969,0.0007611168889081199,4.729556260064162,4.974489877701408
170023,0.754644313909564,0.8799349982352335,0.12529068432566948,3.3928477943308537,8.194312860721103,0.0011045060411288834,0.0006164948762255749,0.007171215074186943,0.012471973893489974,3.3874981756799705,8.174369057214241
170024,0.8367116943374172,0.8511752132772904,0.014463518939873188,5.344111436354106,5.93308370900242,0.0007556164128809582,0.000637171484868375,0.016017836055650214,0.0172058931919592,5.34039579985571,5.9309476034750395
170025,0.7380131401803771,0.8459435407977871,0.10793040061741,3.0473517135670125,5.998402537353241,0.00023748313954242636,0.00014534804462974237,0.0027209792007347744,0.0055908063005079,3.0472355356475123,5.997576394106564
170026,0.8210476342349643,0.8783744866773421,0.057326852442377785,4.8823751266379105,7.539780800328702,0.0003901213349747584,0.0002698135762333667,0.0014679973736537733,0.0031182512377148086,4.877968258598748,7.532209823266736
170027,0.7872372913032463,0.8749789181005299,0.08774162679728359,3.8009915952641897,7.54895038531027,0.0002531524045544786,0.00013105781927850473,9.0323544913673e-05,9.840311673769975e-05,3.803010093549989,7.554888663202195
170028,0.806366042060615,0.8436460564792401,0.03728001441862505,4.205679199557397,5.624018047029677,4.653693773835088e-05,3.569751235221617e-05,0.00012201856707516612,0.000333346183808203,4.205639735300326,5.624295980422583
170029,0.8373043978000556,0.9074055607377008,0.07010116293764523,6.095348573519239,13.952809076517022,0.0003909319800999911,0.00018488905923835677,0.00436949150478938,0.002617882528079818,6.097740670519347,13.92074511784616
170030,0.7621331049720345,0.832976412106896,0.07084330713486153,4.651374491394465,6.84707817059487,0.0012441038011849,0.0008366973238497917,0.0023936687024370684,0.006962120359521151,4.651428147829282,6.852224563194774
170031,0.8696549471901579,0.9109137335436063,0.04125878635344837,7.619049493637256,10.701718831225186,0.00015786282996894764,0.00011087109111904626,0.0021427020283200093,0.006364274230650224,7.622309557372076,10.702780693821735
170032,0.7270022555113379,0.8468981981784589,0.119895942667121,2.826132393371872,5.932564628183563,0.00015175962459252745,7.647978562236527e-05,0.00025997338686911675,0.0006038551245408641,2.826721008900553,5.932893093183026
170033,0.8256114070234126,0.9030031197166205,0.07739171269320788,5.034495714180529,10.302965677156672,0.0007586209948678501,0.00034189321359875827,0.015259774943499949,0.035735071992453626,5.03140932299856,10.295955157420648
170034,0.7981607248591213,0.8938177484778373,0.09565702361871609,4.167588936525099,9.228465287667118,0.0004936101292985089,0.0002975426622172088,0.005124916037746452,0.010874647610380705,4.166947860347857,9.236690219725881
170035,0.8482835913609214,0.8786974191421254,0.03041382778120405,5.737661907214054,7.678841649262996,4.972089098220474e-05,5.545636724874022e-05,0.0003865994019047747,0.0005647206307148878,5.737552492185432,7.679357985863618
170036,0.7981236664573155,0.8781649250104482,0.08004125855313271,4.6927468936037195,9.172021131998992,0.0010375123917691666,0.0006106454526874334,0.001524556060262583,0.000560815315195029,4.699807520342582,9.186222929641849
170037,0.8793123869483582,0.9004808398780145,0.0211684529296563,7.602072625213914,9.70214223336099,0.00021246804957451672,0.000189130038285075,0.004987566639679919,0.003960644668254076,7.602465471313529,9.700597116220331
170038,0.8030736529347594,0.803729072100749,0.0006554191659895459,5.774215815946807,6.208391959645367,0.00023088603053592502,0.00022923379993530833,0.0002906206434367675,0.00022977645821065096,5.769899989833679,6.202057062004322
170039,0.7982448421835837,0.8992857350385495,0.10104089285496576,5.152565846919868,11.455642470540788,0.0003664764851029416,0.0001889194619977642,0.0009721230590304941,0.0063023765882253,5.155380565474114,11.468118594355373
170040,0.8773347139832536,0.9241108222322773,0.046776108249023673,7.34491895728636,13.06913938328235,0.0007860287520565667,0.000360557082853375,0.00982879683001947,0.0073555801619669126,7.32700638302737,13.041057581586243
170041,0.7569976224821379,0.8257644017902149,0.06876677930807706,3.2120635290625263,4.915802971147653,0.00023518520927101215,0.0001366242665752065,0.0016690314659499883,0.0022439436171648453,3.21041033000286,4.912643863707481
170042,0.81484363547227,0.8550270119213425,0.04018337644907244,4.775605386680889,6.348991109362487,0.001510838186092875,0.0011636733134683167,0.0028164433038293524,0.002149056529163751,4.7709579241737154,6.330372879762147
170043,0.8127337561156615,0.9177914377463802,0.10505768163071871,4.49088506569063,11.904148271622896,0.0004462074287110667,0.00023929701771859547,0.01231649204682661,0.04486137246814259,4.495346845718381,11.92217575707651
170044,0.8203566290076895,0.8861253801613215,0.06576875115363201,5.1169789630741445,8.734437574634798,0.00022323862877523138,0.00011433636874261676,0.004384456874372944,0.006598677445172285,5.112221159461655,8.728539060811372
170045,0.7964955329989035,0.8629226907132767,0.06642715771437313,4.588152715473504,8.06565825149702,0.00032803620249953805,0.00018497291375792736,0.0033415935055023382,0.004328654801931009,4.58749241379916,8.0629558627016
170046,0.8104261823531629,0.881013931784719,0.0705877494315561,4.843851006174104,8.616960082049774,0.00028631697179731965,0.0001984953513151526,0.00454948068189065,0.002389519847971755,4.8442303392577815,8.619850251701079
170047,0.7262344094066772,0.8697267840382731,0.14349237463159592,2.7796787772955436,6.971231685694312,0.00041348043413512507,0.00018395723212583854,0.002233167365425448,0.0045599455668074995,2.7796983845489915,6.9707832515692045
170048,0.7951503239733945,0.8657713777371429,0.07062105376374839,4.607948322338565,7.527150745699543,0.00045060867074839164,0.0002848032798879833,0.006848654524855391,0.012269046565591246,4.608993905044559,7.5285472344568705
170049,0.8824130600836204,0.9260300646613993,0.04361700457777884,8.67447573816424,15.44691226971955,0.0004882584048227333,0.00030233046648173335,0.002999140583822779,0.017467785053185025,8.672520469121622,15.425071254129037
170050,0.7689467065680099,0.8512052441109469,0.082258537542937,3.531059990761598,6.292334089750668,0.000378823662698025,0.0002198421067358075,0.0010384415387529877,0.0007557651523573128,3.5294766494410865,6.290635594216167
170051,0.8431459290154959,0.8517091102535033,0.008563181238007367,5.62424401300724,6.071148047476641,0.00038240978805885,0.0003755531077481833,0.0016499751210368174,0.002731495372320758,5.620379189123999,6.067766245378984
170052,0.8302687168769198,0.8571528471040363,0.026884130227116443,5.536174864424168,6.707308972240575,0.0002666923552225488,0.0002131625867580866,0.00025874448627227764,0.0004849410241414276,5.539271590697951,6.7131073274987125
170053,0.7748272200899912,0.8846335740128047,0.10980635392281357,3.6835600422223043,8.510079403206147,0.0007497331562427166,0.0005148835596268808,0.002035642846699659,0.0024744203591922087,3.685016020234156,8.519796218645121
170054,0.7991616024557988,0.8350315926514109,0.0358699901956121,4.012016233042886,5.114175608047897,0.00021462144369217213,0.00015784799002281752,0.0018908133547137496,0.002809438075504822,4.013718590920534,5.116319118738086
170055,0.8163071585869588,0.8523071079061855,0.035999949319226676,4.693572096489504,6.183828446895682,0.0006351804057485416,0.0004884360096509751,0.00430490118344018,0.0012727957844784754,4.694119832365818,6.178783158071859
170056,0.7859639720748645,0.8691478852983429,0.0831839132234784,4.040628739748618,7.271111273155337,0.00040633823960515013,0.00021387815702523862,0.0013523458224415918,0.004897260036100803,4.042160748789783,7.278970775113513
170057,0.8586749402564476,0.9174727324348843,0.058797792178436614,6.537925883228591,12.171265913030817,0.0010035647829033248,0.0007433665579966083,0.013728641569573874,0.015768559266945203,6.534051462375138,12.163996349457678
170058,0.8220185342174631,0.8372360248570181,0.01521749063955502,5.1718624500672155,6.123532963860469,0.0001523382374866014,0.0001464302244806431,0.0021697322603264624,0.004453426426189289,5.171137297126628,6.121660261041586
170059,0.7936136705418261,0.8304473797345692,0.03683370919274309,3.962113140686366,5.477778985965902,8.959357265247525e-05,7.351333461396249e-05,0.0008995788659373893,0.0022136866181829973,3.961706101226689,5.47671317594224
170060,0.8219822038067196,0.8612561096770303,0.039273905870310655,4.728779443489133,6.767719057144295,0.00011690157828904879,9.770541290858033e-05,0.0007858189447187414,0.0010033065548800124,4.729753658469103,6.769752404596637
170061,0.8165152370505875,0.8511005736221272,0.034585336571539727,4.585938108359515,6.206891226936283,9.613059507496016e-05,7.075855555260381e-05,0.00027986713155403464,0.000996607196168675,4.586486830954729,6.207754767654876
170062,0.8505922644080653,0.9151555684206287,0.06456330401256338,5.863480926608815,11.614492005536816,0.0004938423717197834,0.00031127575668244166,0.002600182490358982,0.0004809353104011649,5.864607017190065,11.638727703568156
170063,0.7348257385108875,0.8921349300783388,0.15730919156745127,2.892616722219564,8.84387405053649,0.0002609551384856,9.706033017350421e-05,1.6136408633737886e-05,0.0008695856615705821,2.8935323409496743,8.846126660904998
