seed,K_span_r2,K_wrong_span_r2,K_span_advantage,K_residual_fraction,K_similarity_slope,K_recency_coef,K_similarity_slope_AB,K_similarity_slope_BA,K_mean_abs_alpha,K_gain_vs_best_single,K_old_trace_fraction,K_span_r2_AB,K_span_r2_BA
103000,0.9984335349900766,0.3854596564642357,0.6129738785258408,0.0372536563139147,2.2612061158474002e-08,7.7131625903875e-07,2.0031670660438393e-08,2.519245165650953e-08,2.7917091707313718e-06,0.2799017722807997,0.4143285496101638,0.99828839413549,0.9985786758446632
103001,0.9993085385835624,0.5558993082226029,0.4434092303609594,0.0221424885595907,-6.385219024871337e-09,2.858806022491189e-06,-3.0992067844330405e-08,1.8221629794587096e-08,5.457164237240336e-06,0.1660465643824209,0.4198196505457375,0.999528346832324,0.9990887303348008
103002,0.989521960991106,0.89038011953896,0.0991418414521461,0.0923288062387913,-1.6491251620147972e-08,-2.430548631251479e-07,-2.3634281448135118e-08,-9.348221792160732e-09,7.577834624352551e-06,0.275468921434243,0.5116931473853144,0.9894029409465868,0.9896409810356256
103003,0.9812257073187692,0.5687462542825663,0.4124794530362028,0.103513859445721,5.4678281626895095e-08,-3.5688969800694168e-06,5.3082308378496624e-08,5.627425487529228e-08,3.648981347184729e-06,0.2016039862457416,0.6739340620760113,0.9750724984391784,0.98737891619836
103004,0.9812810409317124,0.4346979347068813,0.546583106224831,0.1094466787792076,-1.2191722218330053e-08,4.28591157627046e-06,-3.5470777593485598e-09,-2.0836366677311546e-08,4.819664131336994e-06,0.1416765875095195,0.2817940596635016,0.986955343677548,0.9756067381858766
103005,0.980056281345118,0.8730283850403212,0.1070278963047969,0.1100013156665328,-7.532991780992723e-08,3.2924699045334714e-06,-1.0343871893696667e-07,-4.722111668288653e-08,8.625320562402072e-06,0.2904864108253701,0.4101205606374786,0.9753790024202073,0.9847335602700292
103006,0.9889675617141072,0.3636108325227246,0.6253567291913826,0.0852091735163644,-1.3508595996196593e-07,-1.946323763937229e-06,-9.340038532093829e-08,-1.767715346029938e-07,6.670185300718036e-06,0.2554132175503285,0.5593235084934167,0.993277524072308,0.9846575993559064
103007,0.8312938003820085,0.3955743318770758,0.4357194685049328,0.3302273425504862,-1.0798544245264093e-07,1.3271668036382814e-07,-2.0951680541030526e-07,-6.454079494976628e-09,2.6911870718028093e-06,0.251170420946377,0.4871270223104507,0.92768910210664,0.7348984986573773
103008,0.9985516394939328,0.7058395318493957,0.2927121076445369,0.0341765074119562,-7.671080334175424e-09,-1.648173723734647e-07,-1.3514142843839473e-08,-1.828017824511483e-09,3.0028359095008506e-06,0.2855171165050486,0.5160747895248506,0.9980140854504532,0.999089193537412
103009,0.9968202349278626,0.4389392872589676,0.5578809476688951,0.0480432333673618,-1.7850410122512484e-09,5.383428978812527e-06,-8.702446308749224e-09,5.1323642842488445e-09,3.958628256300458e-06,0.151304022791349,0.2332371876224439,0.9964732202605182,0.9971672495952072
103010,0.9971506749584318,0.7426474205563416,0.2545032544020901,0.0500963352274521,-2.443879990762619e-07,7.797059278992803e-06,-2.0176464202098374e-07,-2.870113561315401e-07,4.870520106229529e-06,0.0127524459001945,0.1021798169937984,0.9972858022783326,0.9970155476385308
103011,0.9996517307993252,0.3783828797676611,0.621268851031664,0.0172869854708848,-6.4023096347996475e-09,3.5985984995228386e-06,-5.0311578052882e-09,-7.7734614643112e-09,3.2320467483117745e-06,0.0550372269023908,0.2209998537161512,0.9996660349477996,0.999637426650851
103012,0.824225098937666,0.5956348022991904,0.2285902966384755,0.3740598947076045,-3.9588073665898617e-07,4.100630161387311e-06,5.758235381768047e-07,-1.3675850114947767e-06,5.31179512346684e-06,0.1222998243543135,0.3137190925098192,0.8548917766719561,0.7935584212033758
103013,0.9965508188642124,0.6811468374847589,0.3154039813794534,0.0478190763339676,4.4078109190393245e-08,1.09231208384763e-06,4.22046698975556e-08,4.5951548483230994e-08,2.277995524886377e-06,0.1998688156370006,0.3825762352535843,0.9958981986227002,0.9972034391057244
103014,0.9975727941909088,0.515204443460969,0.4823683507299398,0.0335577998346455,-1.5749909555731017e-08,-1.334830351468434e-06,3.7190002309065896e-08,-6.868982142052888e-08,6.595014019128468e-06,0.1912221093790814,0.4963170392132173,0.9964385968160496,0.998706991565768
103015,0.9642929022885424,0.6852892578716774,0.279003644416865,0.1744598569510875,-1.117145606965078e-07,-4.444697611653477e-07,-1.0293469587067654e-07,-1.204944255223391e-07,3.7828002294805145e-06,0.160024187897854,0.5314199158745674,0.9644738743788585,0.9641119301982264
103016,0.9909820103257484,0.9171892046733384,0.0737928056524096,0.0836684269240044,2.314784112807545e-09,-1.4507646684040638e-06,4.341053036768033e-08,-3.8780962142065136e-08,4.163933845680608e-06,0.135164263493293,0.5681782802269719,0.991209449971669,0.9907545706798272
103017,0.9950714341198736,0.7385816327264654,0.2564898013934083,0.0588583065352213,-3.802300497229166e-08,6.865696081594756e-06,-1.7400537883657993e-08,-5.8645472060924914e-08,7.019949747225325e-06,0.0994985620367144,0.2561598225848077,0.994740170748274,0.9954026974914734
103018,0.977354349690127,0.5109402829687876,0.4664140667213394,0.1234245581073408,8.942820121875859e-08,-4.0777371850036894e-08,9.066794069442717e-08,8.818846174309e-08,3.6836953794667e-06,0.3861039692510646,0.5029710418786011,0.9751030734101748,0.9796056259700794
103019,0.960699888566201,0.3908382613674823,0.5698616271987188,0.1489911033341288,2.1704079286956818e-07,4.414930086715302e-06,2.2380142532781177e-07,2.1028016041132425e-07,6.291872805295329e-06,0.1735632890821201,0.3274701372890554,0.9556446764120604,0.9657551007203417
103020,0.9992918313207728,0.7059739978192136,0.2933178335015591,0.0231599263197817,5.587586362554471e-09,-9.344710311209172e-07,5.4462769523093255e-09,5.728895772799722e-09,2.364265492070919e-06,0.1896244579704473,0.5817703287234783,0.9991699112500794,0.999413751391466
103021,0.9897080823895624,0.3989977143683937,0.5907103680211687,0.0851238752436185,-3.214877004963117e-07,5.189582589921793e-07,-3.339307175122561e-07,-3.0904468348036775e-07,4.643091500486364e-06,0.2852119642779263,0.4745475604388396,0.9911872706694872,0.988228894109638
103022,0.9890596666587546,0.5020404308729065,0.487019235785848,0.0846543013888406,2.633834175255472e-07,-3.9676490933494905e-07,2.613422787314382e-07,2.65424556319656e-07,4.524833180928558e-06,0.3701950728032326,0.4959706998590215,0.9895831359693807,0.9885361973481284
103023,0.9257437694584164,0.393410205553069,0.5323335639053477,0.244334595771463,1.5214934477971074e-07,-8.925821164083087e-07,2.274524304803909e-07,7.684625907903066e-08,5.596663865895763e-06,0.291032888173824,0.5288773223581502,0.9584959465188602,0.892991592397973
103024,0.978735785419486,0.7428944567758339,0.2358413286436521,0.1171283845711124,2.481443311227465e-07,4.518613887327604e-06,3.266502397038867e-07,1.6963842254160758e-07,4.97604150496027e-06,0.0538476563503179,0.3918104207084973,0.987759436033672,0.9697121348052998
103025,0.9888747989934464,0.8116158316337114,0.1772589673597349,0.0700294401095713,7.188783771082975e-08,1.350988803477231e-06,9.835200715303138e-08,4.542366826862793e-08,3.1672200718611102e-06,0.2531161936084071,0.3872413254942576,0.987917983737816,0.9898316142490766
103026,0.9903229060557924,0.5506361995647298,0.4396867064910627,0.0866240570966027,1.6260593508075818e-07,2.202282589462457e-06,3.508843107130791e-07,-2.5672440551562657e-08,5.971218870918708e-06,0.2690409785977868,0.4092573503120833,0.9897730076178404,0.9908728044937446
103027,0.9805950202387116,0.2151785497077827,0.7654164705309291,0.1256882165556961,1.5554835850860447e-07,2.3433144192496333e-06,1.887077302078374e-07,1.223889868093713e-07,4.062025685419098e-06,0.2259290262965888,0.3536923610489347,0.9845477822677612,0.9766422582096626
103028,0.9960741073346632,0.920982312191028,0.0750917951436351,0.0509537933852411,3.1728153305088566e-08,3.996892374681304e-06,1.1870697030043994e-08,5.15856095801323e-08,3.029159823629308e-06,0.008542884367524,0.1698604787175569,0.9961639932992368,0.9959842213700896
103029,0.979185694948395,0.3131833196972683,0.6660023752511268,0.130365158414534,2.6045067994392577e-08,-1.4670419019126337e-06,-6.788570613267231e-09,5.8878706602052304e-08,4.424988778455269e-06,0.3336721213109325,0.5785039467167479,0.9766802320530652,0.9816911578437248
103030,0.9911289406981724,0.6077405918859723,0.3833883488121999,0.0711205092646216,-1.4857488254760414e-08,-1.65439511685855e-06,-1.403069509387418e-08,-1.5684281415646436e-08,2.4400674181813103e-06,0.1913396808434881,0.6615983436295567,0.9907939512943608,0.9914639301019836
103031,0.980024349624594,0.699032325117771,0.2809920245068229,0.1160179114579191,-4.8783106723926914e-08,-1.3180752628351834e-06,-1.2590774642756537e-08,-8.49754388050976e-08,2.204823733650788e-06,0.2363622581672216,0.6398986306891563,0.9823903009993484,0.9776583982498396
103032,0.960310086338448,0.3683152847625321,0.5919948015759159,0.1749126018281909,1.647111364305447e-07,4.830390319541173e-06,5.712272901296314e-07,-2.418050172685423e-07,5.605508948873118e-06,0.1293410221804565,0.285370552234176,0.9558455847346632,0.9647745879422328
103033,0.9823380954651556,0.3692702674078504,0.6130678280573052,0.0884401300187442,2.6055890635894613e-08,-3.124689582536401e-06,5.9665092127456485e-09,4.6145272059043684e-08,3.984370874667741e-06,0.1580630205876318,0.6952766571638667,0.9850959468390226,0.9795802440912884
103034,0.9828390045495152,0.7913091268886969,0.1915298776608183,0.0940872281298664,-7.495433328967677e-08,2.5628454880699947e-06,-7.552304971314757e-08,-7.438561686620576e-08,2.762591644514358e-06,0.1753839944539809,0.3248750678979962,0.9759989371590384,0.9896790719399922
103035,0.982593110606658,0.9179823715623218,0.0646107390443361,0.1100700328634217,-1.3901292280619648e-08,-2.503512887020364e-06,-8.831869270802902e-09,-1.8970715290436285e-08,2.5752289967934124e-06,0.1086597303487864,0.7418039461432973,0.9807263370860108,0.9844598841273052
103036,0.9967735187210772,0.3441302633333868,0.6526432553876904,0.0448785896009993,-1.2364653118981398e-08,1.9380011645864525e-06,-4.897239047236474e-10,-2.423958233323899e-08,2.4654760502328456e-06,0.1610115815337273,0.3046829081734742,0.9986068784162349,0.9949401590259198
103037,0.9938041185223432,0.4169586685421242,0.5768454499802189,0.0487699410688148,-7.359076567530048e-08,4.522909456512138e-06,-8.029775630097984e-08,-6.688377504962158e-08,4.647702930989682e-06,0.1479674559185728,0.246594329638739,0.9916995842245409,0.9959086528201456
103038,0.9847007512323348,0.7387733226281772,0.2459274286041576,0.1173931534994063,-9.263267040960654e-07,1.4743229049215708e-05,-9.783227147485995e-07,-8.743306934435298e-07,7.636340070162175e-06,0.0009757718964675,0.0369934733956404,0.985435114666503,0.9839663877981666
103039,0.9918641372960972,0.3406559576794922,0.6512081796166052,0.0799023428950008,2.2715155596892423e-08,1.154395811706057e-06,8.715280435854321e-09,3.6715030757930486e-08,2.037686949915901e-06,0.2357085454271362,0.3883348852056932,0.9899244898101022,0.9938037847820924
103040,0.9634237811831,0.6708051057032397,0.2926186754798603,0.1153334143565593,3.841453818323753e-07,4.106860457915519e-06,2.400479033951596e-07,5.28242860269591e-07,6.541117059266397e-06,0.2117541724027827,0.3426122238272158,0.9514064403887876,0.9754411219774124
103041,0.9649821415153542,0.5705731564483937,0.3944089850669605,0.1613331649997151,-2.835816316487505e-08,3.257348689473761e-06,-2.7479458458246917e-08,-2.9236867871502968e-08,3.7992033755530736e-06,0.183572334522517,0.3152262012757821,0.9642660286892392,0.9656982543414692
103042,0.984569550764426,0.1580036531993497,0.8265658975650761,0.0908555432741774,2.076788380071744e-08,-5.520518771014566e-07,-2.395770800647917e-10,4.1775344681499786e-08,2.293440918666571e-06,0.2262710777322062,0.5848671363440573,0.9792932759069588,0.9898458256218932
103043,0.9631866283360142,0.6597910478858429,0.3033955804501713,0.1657903698555073,-1.3703456486167554e-07,2.8125994339289825e-06,-1.3105230315244601e-07,-1.4301682657090489e-07,8.87620507560913e-06,0.2697249717980272,0.4364590869847761,0.9505489592682872,0.9758242974037412
103044,0.9992066103515652,0.7922661908188307,0.2069404195327346,0.022717759982815,-1.4253344688262622e-08,2.829991828719001e-06,-1.8101013181398305e-08,-1.0405676195126728e-08,3.0239473720858416e-06,0.1442011193379641,0.2730993405902491,0.9988256182610185,0.9995876024421124
103045,0.9838908040344588,0.2821604619741827,0.7017303420602763,0.1009969283948871,-4.947347066415284e-08,-1.8199236772037728e-06,-5.467445729422153e-08,-4.427248403408415e-08,2.782543543421223e-06,0.1957071685321343,0.6643589756514358,0.9871535218016962,0.9806280862672216
103046,0.9573137022675482,0.4918408901359419,0.4654728121316062,0.1383500170942159,-1.1095679319992142e-08,-1.2886162922982147e-06,6.1586282142137825e-09,-2.8349986854198063e-08,3.100632365762609e-06,0.1953105725932378,0.5837051973307691,0.9378676779747954,0.976759726560301
103047,0.9975576917905038,0.7348581387999681,0.2626995529905356,0.0457531902740978,-2.993506851606021e-07,7.827890537841686e-07,-3.236841642925911e-07,-2.750172060286133e-07,3.650454551527645e-06,0.0053558645352296,0.4853668851824968,0.9974698460487526,0.997645537532255
103048,0.978829236429428,0.6599366420798476,0.3188925943495806,0.1211572737737284,-3.6380696720545566e-10,2.2564703570586696e-06,2.634753106371828e-08,-2.7075144998129188e-08,3.7601438007038567e-06,0.1713329910942078,0.3488728644053142,0.9831430739777474,0.9745153988811088
103049,0.9980650666741436,0.7002063832770886,0.297858683397055,0.0354595096329467,1.1387278698625599e-09,3.954831474890212e-06,5.521345127280274e-09,-3.2438893875549422e-09,2.958425138346919e-06,0.0599681317899798,0.1814299822648953,0.9978065486321774,0.9983235847161098
103050,0.9878612555158762,0.7621863278056233,0.2256749277102528,0.1015336504680174,-7.375271169552535e-08,4.708924385585084e-06,-1.148175302552822e-07,-3.2687893135768526e-08,4.585137954624032e-06,0.0623833739320191,0.2470176178209487,0.9847396911863734,0.9909828198453792
103051,0.9304293774032132,0.6868653275382741,0.2435640498649392,0.2491922876294282,-1.232829566877137e-07,-3.837905025712413e-07,-1.0791331348376653e-07,-1.3865259989166064e-07,4.082028561040649e-06,0.2605460787789248,0.5306031261618234,0.9297508337394133,0.9311079210670136
103052,0.9665772341224856,0.6281948664269283,0.3383823676955572,0.1423496409104452,-7.843768185922699e-08,2.811357890549821e-06,-3.5334011831937135e-07,1.964647546009176e-07,6.031215725281024e-06,0.2793226386022725,0.3875239244590316,0.9659948042567156,0.9671596639882554
103053,0.9996067025722076,0.1379517725615872,0.8616549300106202,0.0184879828092425,4.693795168005877e-08,3.4296517395726573e-06,3.83772243870499e-08,5.5498678973067866e-08,3.0950359475358124e-06,0.1036005554346841,0.2292627030206473,0.9994892028711064,0.9997242022733086
103054,0.9979537290087864,0.8640918576025161,0.1338618714062701,0.0407864505440625,-3.6860080851506346e-08,5.104039793365796e-06,4.51151029445592e-10,-7.417131273245839e-08,4.721905000565918e-06,0.072841866371002,0.2278798187866319,0.9981289325547418,0.9977785254628307
103055,0.9897191469513026,0.5422776835743015,0.4474414633770011,0.0650801117478315,-1.97507218585872e-08,2.018773516659975e-06,-5.733926417559055e-08,1.7837820458415964e-08,4.1579126005148914e-06,0.273566968288814,0.3794214300474343,0.9930213661879588,0.9864169277146464
103056,0.9940653879636664,0.2859446347070029,0.7081207532566636,0.0546097572513077,1.9977449647711762e-07,4.417447902101119e-06,1.956720458291265e-07,2.038769471251095e-07,5.491264299908068e-06,0.1991162105687141,0.323198726010642,0.9935523153974104,0.9945784605299226
103057,0.9855913713236713,0.6132146820522166,0.3723766892714547,0.089043135813755,-3.906836247592308e-08,1.293326034465259e-06,-5.40683685771606e-08,-2.406835637468597e-08,3.561424662322881e-06,0.1523729609173511,0.4162518848668705,0.9855485685351242,0.9856341741122184
103058,0.9935582415680384,0.8937616612294934,0.0997965803385451,0.0512465405537126,-1.1795929616247724e-07,-6.059364899295996e-07,-8.424562823005718e-08,-1.516729640948972e-07,3.949578917884246e-06,0.1819873206776386,0.5544968750172723,0.9917839810447252,0.995332502091352
103059,0.9636066899810334,0.4238020515703101,0.5398046384107232,0.172842896754606,-7.841584832087213e-08,4.693882715538742e-07,-4.4556306681854955e-08,-1.1227538995988933e-07,6.001735992643657e-06,0.3351418082211456,0.4782149651504059,0.9708022448919628,0.956411135070104
103060,0.9936362870234456,0.4957388068996945,0.4978974801237511,0.0569591454600557,2.9734748114175763e-08,1.3428457195738657e-06,5.1071215501368873e-08,8.398280726982971e-09,3.1304150735222844e-06,0.2038202232054111,0.4079899193486059,0.9953015636692086,0.9919710103776824
103061,0.9755561230734628,0.8154164096886976,0.1601397133847652,0.1431133266086248,-1.8815582618052853e-09,-2.497841829756868e-06,1.5826457926344946e-08,-1.9589574449955623e-08,2.270507634635815e-06,0.0731119262345531,0.7726622312729104,0.9769619312673816,0.9741503148795438
103062,0.9468937887037512,0.5419739017395231,0.4049198869642282,0.2016557683632576,-2.226879827885916e-08,2.9112170006600487e-06,-8.843760967029808e-08,4.390001311257964e-08,4.860878378571903e-06,0.2076320667809411,0.3480914797571494,0.9527426767753264,0.941044900632176
103063,0.9916458680911876,0.4516230997639846,0.5400227683272028,0.0837487914632452,-8.014093705614125e-08,-2.5679306843292205e-06,-3.679287684165832e-08,-1.234889972706234e-07,5.129026413226031e-06,0.2479252130620798,0.6205762451381518,0.9919699342583244,0.9913218019240504
