condition,angle_deg,generation,mean_share,mean_norm_rel_initial,mean_generation_gain
FIXED_DYNAMIC,22.5,0,0.8535533905932492,0.9999999999999849,
FIXED_DYNAMIC,22.5,1,0.9936457877171865,0.933385540946885,0.9333855409468859
FIXED_DYNAMIC,22.5,2,0.9960357596906269,0.9532813842811309,1.0187425271681774
FIXED_DYNAMIC,22.5,3,0.9960245171137264,0.9706679492442022,1.0115870503013251
FIXED_DYNAMIC,22.5,4,0.9973432868486262,0.978388642903694,1.001286718544866
FIXED_DYNAMIC,45.0,0,0.49999999999998535,0.9999999999999852,
FIXED_DYNAMIC,45.0,1,0.9690910432250889,0.7239022855583738,0.7239022855583742
FIXED_DYNAMIC,45.0,2,0.9866369884710738,0.7333392966425737,1.010801345496315
FIXED_DYNAMIC,45.0,3,0.9907224475604636,0.7451188281908413,1.0096144252795631
FIXED_DYNAMIC,45.0,4,0.9938442783973634,0.7503422840371471,1.0005042648729068
FIXED_DYNAMIC,67.5,0,0.14644660940672186,0.9999999999999855,
FIXED_DYNAMIC,67.5,1,0.8641227185982313,0.41682890543302326,0.4168289054330234
FIXED_DYNAMIC,67.5,2,0.9444189044074657,0.40578144312554193,0.973772443959719
FIXED_DYNAMIC,67.5,3,0.9679327979974278,0.4072515234348592,0.9984776296735305
FIXED_DYNAMIC,67.5,4,0.9795669548261022,0.40779075149837524,0.9956826319602308
FIXED_DYNAMIC,90.0,0,1.6854688232926575e-31,0.9999999999999857,
FIXED_DYNAMIC,90.0,1,0.0015437210851210112,0.1657643915894479,0.16576439158944792
FIXED_DYNAMIC,90.0,2,0.015531391195569559,0.09331047147569428,0.5115383065351836
FIXED_DYNAMIC,90.0,3,0.06515840366910401,0.06308675913298002,0.5981305845376585
FIXED_DYNAMIC,90.0,4,0.14395760245799002,0.04641317383804797,0.6642926192942192
UNCORRECTED,22.5,0,0.8535533905932492,0.9999999999999849,
UNCORRECTED,22.5,1,0.10406679377801398,0.933385540946885,0.9333855409468859
UNCORRECTED,22.5,2,0.10851303553367965,0.3802197534772984,0.4058678993695815
UNCORRECTED,22.5,3,0.09906587346723504,0.15363339384438146,0.3792950638783366
UNCORRECTED,22.5,4,0.11896948777673459,0.06466701885776815,0.36467544374364363
UNCORRECTED,45.0,0,0.49999999999998535,0.9999999999999852,
UNCORRECTED,45.0,1,0.10447054602708707,0.7239022855583738,0.7239022855583742
UNCORRECTED,45.0,2,0.10774641208952439,0.29367762092581234,0.40421238515216
UNCORRECTED,45.0,3,0.09863053514674441,0.11862528176465852,0.3792133964923323
UNCORRECTED,45.0,4,0.11661819881944589,0.04970205430997232,0.36321430252965353
UNCORRECTED,67.5,0,0.14644660940672186,0.9999999999999855,
UNCORRECTED,67.5,1,0.10632926995497975,0.41682890543302326,0.4168289054330234
UNCORRECTED,67.5,2,0.10229179149607164,0.16816026296064512,0.4015749189930033
UNCORRECTED,67.5,3,0.10127833386343589,0.06669172568092692,0.37203056722293276
UNCORRECTED,67.5,4,0.11571804388940808,0.02822086995694437,0.3706706327871688
UNCORRECTED,90.0,0,1.6854688232926575e-31,0.9999999999999857,
UNCORRECTED,90.0,1,0.06967639346073193,0.1657643915894479,0.16576439158944792
UNCORRECTED,90.0,2,0.07801589152245857,0.055976439782492234,0.3297930533969137
UNCORRECTED,90.0,3,0.09010578349599764,0.020541182639720077,0.35140684091203617
UNCORRECTED,90.0,4,0.09546796579575699,0.008103393508246173,0.365792454427466
WRONG_SEED,22.5,0,0.8535533905932492,0.9999999999999849,
WRONG_SEED,22.5,1,0.03371888817559723,0.933385540946885,0.9333855409468859
WRONG_SEED,22.5,2,0.03719937765053991,0.22655891756540822,0.24268172214372272
WRONG_SEED,22.5,3,0.042267056003400284,0.062493586955588744,0.2546847819734393
WRONG_SEED,22.5,4,0.04174195709576955,0.018006662229894808,0.25466013514774805
WRONG_SEED,45.0,0,0.49999999999998535,0.9999999999999852,
WRONG_SEED,45.0,1,0.033981183474055356,0.7239022855583738,0.7239022855583742
WRONG_SEED,45.0,2,0.037456059636581274,0.17723350055612053,0.24478521897744573
WRONG_SEED,45.0,3,0.04173963651358545,0.04881361970332424,0.25481970101480883
WRONG_SEED,45.0,4,0.04073328845267229,0.014069858429724672,0.2531826392451633
WRONG_SEED,67.5,0,0.14644660940672186,0.9999999999999855,
WRONG_SEED,67.5,1,0.03290499432274603,0.41682890543302326,0.4168289054330234
WRONG_SEED,67.5,2,0.03722685438465272,0.10067761570262522,0.24096504115132075
WRONG_SEED,67.5,3,0.04176434473499113,0.02715192466796085,0.2535402833220201
WRONG_SEED,67.5,4,0.041740005983711505,0.007816019416684009,0.25164477791459167
WRONG_SEED,90.0,0,1.6854688232926575e-31,0.9999999999999857,
WRONG_SEED,90.0,1,0.02961637554891441,0.16576439158944792,0.16576439158944792
WRONG_SEED,90.0,2,0.02981685763360127,0.04037545709429525,0.23449640751004128
WRONG_SEED,90.0,3,0.03449431505869636,0.010228410097519866,0.235201308394865
WRONG_SEED,90.0,4,0.03641199532302789,0.0029045488317380706,0.25052030519003815
