seed,K_relres,scores_relres,centered_relres,b_relres,Jb_b_relres,z_relres,x_relres,a_relres,ADDB_b_relres,ADDB_Jb_b_relres,ADDB_z_relres,ADDB_x_relres,ADDB_a_relres,b_jump_from_centered,x_collapse_with_addb,a_collapse_with_addb,centered_minus_scores,b_minus_centered_abs,action_collapse_effect,x_collapse_effect
110000,1.080719138121768e-15,0.0288316144523373,0.0275031462441664,0.027503107409103,0.0259492821864603,0.0259492821864402,0.0259257981094734,0.022879456330447,1.2347987549757206e-14,3.0877643257184207e-12,4.033919536295741e-12,2.384908633410341e-07,2.826377628016824e-07,-3.883506343241305e-08,0.02592555961861,0.0228791736926842,-0.0013284682081709,3.883506340118803e-08,0.022879173692684197,0.025925559618610056
110001,1.329085670018591e-15,0.1235323668417031,0.2118423618869744,0.2118423743446388,0.2169745292519012,0.216974529251824,0.216472461002128,0.2388489901423323,0.0,5.391055960517475e-12,7.223597204208576e-12,1.4187924787454613e-07,1.4716641855996238e-07,1.2457664372300671e-08,0.2164723191228801,0.2388488429759138,0.08830999504527129,1.2457664400056245e-08,0.23884884297591374,0.21647231912288012
110002,1.1694204553780773e-15,0.1521533716223881,0.1315853149986152,0.1315850682123539,0.1372765057614229,0.1372765057614386,0.1370612151094501,0.2014584055060027,0.0,4.407391404884819e-12,7.412371316652552e-12,5.606765436147759e-07,7.248321114857145e-07,-2.467862612876015e-07,0.1370606544329065,0.2014576806738912,-0.020568056623772896,2.467862612876015e-07,0.2014576806738912,0.1370606544329065
110003,1.2713420795023172e-15,0.0294745411985262,0.0919518905805607,0.0919518870938826,0.0968072706330415,0.0968072706331844,0.0962756485460136,0.1177236691157028,0.0,6.076022229377624e-12,9.871061379376582e-12,9.568210358741817e-08,7.072340539031187e-08,-3.4866780712627943e-09,0.0962755528639101,0.1177235983922974,0.0624773493820345,3.48667809901837e-09,0.1177235983922974,0.09627555286391001
110004,5.254735950066476e-16,0.0742434184074634,0.0742434184074634,0.0742433885455605,0.0770618061671496,0.0770618061670076,0.0768289194379665,0.0810230199616753,0.0,1.816087499601273e-12,4.071147089172355e-12,4.091893884552171e-07,5.47436421452197e-07,-2.9861902908767675e-08,0.0768285102485781,0.0810224725252538,0.0,2.986190289488988e-08,0.08102247252525384,0.07682851024857805
110005,4.824454173274056e-16,0.111978229065182,0.1141678829462533,0.1141679114515775,0.1170829124927811,0.1170829124928013,0.1167136389940692,0.1606418785893274,0.0,9.421991415759354e-13,1.9343698739015464e-12,2.925015979198548e-07,3.5716997511857665e-07,2.850532417053575e-08,0.1167133464924712,0.1606415214193523,0.002189653881071299,2.8505324198291326e-08,0.16064152141935228,0.11671334649247128
110006,7.301700520768313e-16,0.036028101874709,0.0543080870853242,0.0543081130736705,0.0557305659659707,0.0557305659655074,0.0554892475782927,0.0559655951105264,2.8494915220189007e-14,3.586188222819714e-12,1.055002828583333e-11,3.740523930709181e-07,3.915290139039801e-07,2.5988346238903226e-08,0.0554888735258996,0.0559652035815125,0.018279985210615197,2.598834630135327e-08,0.055965203581512496,0.055488873525899624
110007,8.894613313964846e-16,0.1366946565711838,0.2147262244448079,0.2147263358856083,0.2193362775182366,0.2193362775181537,0.2196846940067333,0.2525481875521561,0.0,1.902324601119436e-12,3.347849339056876e-12,3.416312621795674e-07,5.528796679854283e-07,1.1144080042102544e-07,0.2196843523754711,0.2525476346724881,0.07803156787362411,1.1144080039326987e-07,0.2525476346724881,0.21968435237547113
110008,1.2052822864421814e-15,0.1827021913669679,0.2045778260774031,0.2045775641286478,0.1986771857544342,0.1986771857541695,0.1988500723763499,0.2216270127911976,0.0,3.2360242004001464e-12,6.77896139689836e-12,7.856605886020419e-07,7.12499082869045e-07,-2.619487552979472e-07,0.1988492867157613,0.2216263002921147,0.021875634710435216,2.6194875529794714e-07,0.22162630029211472,0.1988492867157613
110009,6.757804121280866e-16,0.0321356846932904,0.0412947201153068,0.0412948340691563,0.0391919580640858,0.0391919580640968,0.0391129848473884,0.0417573279012162,1.741177967839552e-14,1.30185951227041e-12,2.2231208019969327e-12,3.060315137800021e-07,3.054892030752044e-07,1.1395384946766285e-07,0.0391126788158746,0.0417570224120132,0.009159035422016397,1.1395384950235732e-07,0.04175702241201313,0.039112678815874616
110010,5.421433868192944e-16,0.0227792859761576,0.1239734162839034,0.123973513758274,0.1201935037834125,0.1201935037834494,0.1201760890713695,0.1668340513791238,0.0,1.2687673627684413e-12,1.6885894394347785e-12,1.6145475887864118e-07,1.811852589023923e-07,9.747437058893472e-08,0.1201759276166107,0.1668338701938649,0.10119413030774581,9.74743706028125e-08,0.1668338701938649,0.12017592761661061
110011,4.783082327411197e-16,0.0812020641089061,0.1472683888411411,0.1472684187708031,0.1492240287989055,0.149224028798852,0.1493257725176273,0.2161390012835446,4.5679720869728943e-14,1.7155273183958257e-12,5.087808150463546e-12,4.2095917526360973e-07,3.873106987504525e-07,2.9929661998773234e-08,0.149325351558452,0.2161386139728458,0.066066324732235,2.992966199877323e-08,0.21613861397284584,0.14932535155845203
110012,9.205911120424964e-16,0.0687316109857573,0.1481955313204196,0.1481955687519422,0.1638365760591299,0.1638365760588346,0.1637646924244868,0.2089899683124448,1.0474635367039447e-13,3.8075243820573095e-12,6.785074182837174e-12,2.128260014232925e-07,2.1076138635692466e-07,3.743152263147032e-08,0.1637644795984854,0.2089897575510584,0.0794639203346623,3.743152260371474e-08,0.20898975755105845,0.16376447959848536
110013,7.801200835540611e-16,0.0181528114050209,0.0198156128313611,0.0198156512652081,0.0201860941280099,0.0201860941281574,0.0202193159418066,0.0239840872865264,0.0,3.880024744557351e-12,6.639305933915367e-12,1.638923133145927e-07,2.020680062792002e-07,3.8433847014685e-08,0.0202191520494933,0.0239838852185202,0.0016628014263402012,3.843384699733776e-08,0.023983885218520122,0.020219152049493285
110014,5.565067809498026e-16,0.0270990085400993,0.0321946251973163,0.0321946561949847,0.0298967058772458,0.0298967058772521,0.0299230728816627,0.0245100892801624,2.1850914382492535e-14,1.0054803544922124e-12,1.4000499476655768e-12,1.4233707828291653e-07,1.1264462593108185e-07,3.0997668355736696e-08,0.0299229305445844,0.0245099766355365,0.005095616657217,3.099766839737006e-08,0.024509976635536466,0.029922930544584416
110015,8.713701334940004e-16,0.033578926522064,0.0291106647638372,0.0291107577395224,0.0299101898022132,0.0299101898023227,0.0298927788706876,0.0461598479068374,0.0,2.5901259544053774e-12,4.058993841118767e-12,2.710465386421114e-07,3.744194002808483e-07,9.297568518210064e-08,0.029892507824149,0.0461594734874371,-0.0044682617582267985,9.297568519944788e-08,0.04615947348743712,0.02989250782414896
110016,1.0743760373614646e-15,0.0302705047733342,0.0299042831549729,0.029904262480405,0.0310394051263738,0.0310394051264692,0.0310386852940278,0.0379775263218435,1.93117961820316e-14,4.792704267189847e-12,5.5303297045170166e-12,1.595861119254161e-07,1.4119602316276616e-07,-2.0674567870193616e-08,0.0310385257079159,0.0379773851258203,-0.00036622161836129957,2.0674567897949192e-08,0.037977385125820336,0.031038525707915873
110017,1.3341944504386389e-15,0.0081887513898032,0.0096221652381833,0.0096221506546291,0.0087443835626517,0.0087443835626388,0.0087411907275473,0.0108472684177564,0.0,1.2132157767070521e-12,1.8171263075066984e-12,1.136769423531085e-07,1.898293253004252e-07,-1.4583554107383543e-08,0.0087410770506049,0.0108470785884311,0.0014334138483801002,1.458355419932389e-08,0.0108470785884311,0.008741077050604947
110018,7.698914624020991e-16,0.0627245707020143,0.1044852372594578,0.1044853508450287,0.1133689674319669,0.1133689674319059,0.1134263841750065,0.1223206722466456,0.0,2.3364987710222477e-12,3.5344531090422266e-12,2.464660212649304e-07,2.197677335979505e-07,1.1358557086560417e-07,0.1134261377089853,0.122320452478912,0.041760666557443496,1.1358557090723753e-07,0.122320452478912,0.11342613770898524
110019,1.0282600200930888e-15,0.0374378641577441,0.3777591676345813,0.3777591546035576,0.325598077072938,0.3255980770728492,0.3253815023615044,0.344791653949991,4.793963423426988e-13,5.304410258815073e-12,7.591737877334104e-12,1.3569900166342072e-07,1.3539079013613572e-07,-1.3031023760046168e-08,0.3253813666625028,0.3447915185592009,0.3403213034768372,1.3031023704535016e-08,0.34479151855920087,0.3253813666625028
110020,5.7875554977812535e-16,0.1492230380481423,0.4824400346882541,0.4824400287584026,0.5026722114574036,0.5026722114582152,0.4998171862663998,0.5860032594537607,7.121953350476361e-14,1.595577751836319e-12,4.416975883240628e-12,7.130329600572647e-07,6.823223505060958e-07,-5.929851498720495e-09,0.4998164732334397,0.5860025771314102,0.3332169966401118,5.929851498720495e-09,0.5860025771314102,0.49981647323343975
110021,4.2542370302921295e-16,0.0307306880995507,0.0386840523705765,0.0386841061389061,0.0373174105643503,0.0373174105643509,0.0373263577738612,0.0435618669870846,0.0,1.7966480789167613e-12,3.62910279276184e-12,2.4040232152881946e-07,2.520907724188043e-07,5.376832957343369e-08,0.0373261173715396,0.0435616148963122,0.007953364271025797,5.376832960118927e-08,0.04356161489631218,0.03732611737153967
110022,1.0593160296021951e-15,0.0492415117255884,0.0502425538776009,0.0502425520865954,0.0525155607251268,0.0525155607250698,0.0524860470600477,0.0392697399410543,8.405905702928259e-14,3.187910056669868e-12,4.480632720533382e-12,4.428825437299704e-08,3.4456441152696376e-08,-1.7910054342373802e-09,0.0524860027717933,0.0392697054846131,0.0010010421520125004,1.7910054966874256e-09,0.03926970548461315,0.05248600277179332
110023,7.525680786200792e-16,0.0284926551625084,0.0709578179681519,0.0709578079461596,0.071488553744578,0.0714885537446976,0.0715581809632231,0.0599177795459417,9.612012909673425e-14,1.7007907679557145e-12,2.9109008521118124e-12,2.660527377324572e-07,2.728129820869703e-07,-1.0021992236097788e-08,0.0715579149104854,0.0599175067329596,0.0424651628056435,1.0021992291608939e-08,0.05991750673295961,0.07155791491048537
110024,1.6690071134660205e-15,0.076394430989367,0.1532089925192385,0.1532090882663179,0.1404021467616141,0.140402146761541,0.1403690005361442,0.2017955552343377,2.5552413260453144e-13,4.360020292877142e-12,7.1384690083285655e-12,7.490267506523776e-07,1.3906722591576508e-06,9.574707932058503e-08,0.1403682515093935,0.2017941645620785,0.0768145615298715,9.574707940385174e-08,0.20179416456207855,0.14036825150939355
110025,8.990588099542564e-16,0.0252224240555067,0.040667803554993,0.0406678086634325,0.0430551649959604,0.0430551649959127,0.0430752279152888,0.0411351059756163,8.991711836042345e-14,1.963183164714589e-12,2.8978038859261688e-12,1.1313864998362469e-07,1.3844959927236532e-07,5.108439428413991e-09,0.0430751147766388,0.041134967526017,0.015445379499486298,5.108439504741824e-09,0.04113496752601703,0.04307511477663881
110026,5.722186397622284e-16,0.1784715428120725,0.2258042731126014,0.225804271171844,0.2388381703144375,0.2388381703146922,0.23844956214419,0.1962553896678874,1.0171308631301324e-13,3.253655071461465e-12,4.628512903905464e-12,1.5623597625694968e-07,2.23027629035401e-07,-1.940757415885841e-09,0.2384494059082137,0.1962551666402584,0.0473327303005289,1.9407573881302653e-09,0.19625516664025836,0.23844940590821373
110027,5.572444442973076e-16,0.1392159685774011,0.153034879349195,0.1530350858148824,0.1576317489749994,0.157631748974827,0.1575777409036598,0.2094105236175645,4.5728912608673297e-14,1.6930280337249217e-12,3.644282833420672e-12,3.925728211104428e-07,5.61739183347786e-07,2.0646568743565297e-07,0.1575773483308387,0.2094099618783812,0.013818910771793896,2.064656874078974e-07,0.20940996187838115,0.1575773483308387
110028,5.947207764164964e-16,0.1807316508879291,0.197058157513342,0.1970580905650811,0.20315678855571,0.203156788555624,0.2039067705604763,0.228913396254391,0.0,1.71303877433664e-12,4.129885951602895e-12,5.029797123806184e-07,7.386902049162714e-07,-6.694826085174023e-08,0.2039062675807639,0.228912657564186,0.01632650662541288,6.694826087949579e-08,0.22891265756418608,0.2039062675807639
110029,9.380921903833669e-16,0.0187768913488462,0.0301339841868594,0.030134025328941,0.0301540281290528,0.0301540281289797,0.0301447962742401,0.0308856718043542,5.4840697222619385e-14,2.6935361256428805e-12,4.761045526754155e-12,7.746118356714123e-08,7.45749018049482e-08,4.1142081505518575e-08,0.0301447188130565,0.0308855972294524,0.0113570928380132,4.114208160266308e-08,0.030885597229452395,0.030144718813056533
110030,4.091629104966139e-15,0.0588427812495681,0.0843240480720528,0.0843240486967572,0.1019890930321155,0.101989093032941,0.1017747359486793,0.0735406059794435,6.242307712395491e-13,1.0437997743188695e-11,1.631918840060014e-11,1.53256258183783e-07,9.86919145632983e-08,6.247043854434864e-10,0.1017745826924211,0.0735405072875289,0.025481266822484708,6.247043993212742e-10,0.07354050728752894,0.10177458269242112
110031,5.3046699091104e-16,0.1086440684279877,0.1020387718129035,0.1020388217680361,0.0955208352587825,0.0955208352588281,0.0955725124371523,0.0992371111282489,6.550356955112261e-14,1.7302613740605098e-12,3.173801371513407e-12,1.0810562557360002e-07,1.8211424088709979e-07,4.995513258609918e-08,0.0955724043315267,0.099236929014008,-0.006605296615084202,4.995513259997697e-08,0.09923692901400802,0.09557240433152672
110032,9.87526312245092e-16,0.119104092618002,0.1820048455412663,0.1820048390328136,0.1642172419858509,0.1642172419859001,0.164245706495902,0.1840179823960351,1.3926763379364636e-13,2.6716940144883748e-12,6.085127449151009e-12,3.15645838446966e-07,2.793442591637872e-07,-6.508452637943307e-09,0.1642453908500635,0.1840177030517759,0.0629007529232643,6.508452721210034e-09,0.18401770305177592,0.16424539085006357
110033,6.759773956811509e-16,0.0489804754799528,0.0750306156703095,0.0750305942457337,0.0688247172220484,0.0688247172220151,0.068998208528952,0.1182954242298255,0.0,2.730204056574802e-12,5.0350859845401024e-12,4.286788921735341e-07,4.417011885759484e-07,-2.1424575724626752e-08,0.0689977798500598,0.1182949825286369,0.026050140190356695,2.1424575794015688e-08,0.11829498252863693,0.06899777985005982
110034,1.0053499819630988e-15,0.059904756418937,0.0719648591606346,0.0719648917574599,0.067979013528342,0.0679790135282588,0.0679510665277518,0.0784653616590143,3.4282853105216984e-14,3.5615621399789707e-12,4.988851487596296e-12,2.35469533706268e-07,2.0521873911873106e-07,3.259682530842856e-08,0.0679508310582181,0.0784651564402752,0.012060102741697595,3.2596825308428556e-08,0.07846515644027519,0.0679508310582181
110035,2.4266424963272946e-15,0.0976320538262158,0.0866695479102096,0.0866697508295951,0.0903237187315519,0.0903237187309934,0.0903684219732125,0.0650170376382619,0.0,8.272543027884643e-12,1.044175351616422e-11,2.655488597928584e-07,2.747105100835534e-07,2.029193854752309e-07,0.0903681564243527,0.0650167629277518,-0.010962505916006199,2.029193855029865e-07,0.06501676292775181,0.09036815642435271
110036,5.269791900633798e-16,0.0500338630497149,0.0485436005587788,0.0485436408777353,0.0463141250974427,0.0463141250974027,0.0463423533224991,0.0538697173912426,0.0,1.736179324670371e-12,2.60941475643164e-12,2.030096112027269e-07,3.168040088198109e-07,4.031895646516848e-08,0.0463421503128879,0.0538694005872338,-0.0014902624909360965,4.0318956499862946e-08,0.05386940058723378,0.046342150312887895
110037,8.12594546539396e-16,0.0259332357795986,0.0258412593329019,0.0258412865930207,0.0269057881542236,0.0269057881541804,0.0268748164618283,0.0339098146380267,0.0,2.5540252032895255e-12,5.903686378592523e-12,1.1577520113189457e-07,1.6061584370707457e-07,2.7260118763000607e-08,0.0268747006866271,0.033909654022183,-9.197644669670102e-05,2.7260118801164523e-08,0.03390965402218299,0.02687470068662717
110038,1.2763509987391215e-15,0.0149961321774424,0.0177350648949195,0.0177351249115855,0.0212751261568683,0.021275126157079,0.0212208533861713,0.0329885206870881,2.040304143992497e-13,4.008635570577082e-12,6.441115094915679e-12,1.3801779777755077e-07,1.581161399844585e-07,6.001666600155553e-08,0.0212207153683735,0.0329883625709481,0.0027389327174771015,6.001666599808608e-08,0.032988362570948115,0.021220715368373524
110039,4.617091415682949e-16,0.0176621570752323,0.0188998148242471,0.0188999393771378,0.018105641208806,0.0181056412087733,0.0180893765157128,0.0180930795610664,3.756622753314108e-14,1.445567280790238e-12,2.1994262085711517e-12,2.916056847586908e-07,1.8382117268388842e-07,1.2455289073037834e-07,0.0180890849100281,0.0180928957398937,0.0012376577490147977,1.2455289070262276e-07,0.018092895739893717,0.01808908491002804
110040,4.988796837311204e-16,0.0402742432339969,0.079840740861409,0.079840744521457,0.0786018455937199,0.0786018455935862,0.0785142411202758,0.0829184163429267,1.201732574826513e-13,1.6681164584234578e-12,2.6617886522445866e-12,1.3633136442190097e-07,9.727311879614681e-08,3.660047945275302e-09,0.0785141047889114,0.0829183190698079,0.039566497627412094,3.6600480007864533e-09,0.0829183190698079,0.07851410478891138
110041,1.3302553670733094e-15,0.0364619929447505,0.0403551547915193,0.0403551732929401,0.0397751239085735,0.0397751239086696,0.0397532272043204,0.0393364969898888,4.4803532283837844e-14,4.992327150010743e-12,1.0551951108138679e-11,1.467440739972211e-07,2.2663384627184825e-07,1.8501420784300396e-08,0.0397530804602465,0.0393362703560425,0.0038931618467688,1.850142079817818e-08,0.03933627035604253,0.03975308046024641
110042,3.832620220674619e-16,0.0464209680710135,0.1316743062155739,0.1316743175570069,0.1228598983181945,0.1228598983181739,0.1227792157137753,0.1622727761322056,9.262779164027373e-14,1.2361348028534605e-12,1.8594031245490877e-12,5.645603986590646e-07,6.304350235924493e-07,1.1341432987199696e-08,0.1227786511533766,0.1622721456971819,0.0852533381445604,1.1341432987199696e-08,0.16227214569718199,0.12277865115337665
110043,3.5959962087218023e-16,0.0571311200133499,0.0861558103281321,0.0861558908345056,0.0901268943670365,0.0901268943670541,0.0900187090362075,0.1217186060903583,2.35418030931908e-14,8.117753676223797e-13,1.0718251066650864e-12,3.719749878773296e-07,5.749694951834756e-07,8.050637348433477e-08,0.0900183370612196,0.1217180311208631,0.029024690314782206,8.050637349821255e-08,0.12171803112086312,0.09001833706121962
110044,5.35249113430057e-16,0.0113248366490585,0.0589133501404922,0.0589133518575687,0.05424525184866,0.0542452518486895,0.0540847864737282,0.0478293888499969,2.088333592283349e-14,9.208151247438954e-13,2.0449705628167866e-12,2.3749643434872295e-07,2.2731971249581046e-07,1.7170764463059207e-09,0.0540845489772938,0.0478291615302844,0.0475885134914337,1.717076501817072e-09,0.0478291615302844,0.054084548977293846
110045,7.230634359587819e-16,0.042691460659984,0.042691460659984,0.0426914570333572,0.0488665159082915,0.0488665159083131,0.0488380624719973,0.0456405763120465,0.0,1.6285990333762758e-12,2.863222326026344e-12,6.434217640447166e-08,6.217311873510224e-08,-3.6266268807483285e-09,0.0488379981298209,0.0456405141389277,0.0,3.6266267974816024e-09,0.045640514138927765,0.04883799812982089
110046,1.064976319789536e-15,0.0531729876004668,0.0924119437503181,0.0924119460869392,0.1000977702964392,0.1000977702963164,0.1000955706373121,0.1159399312052978,0.0,4.991309298663436e-12,8.787528005609436e-12,2.1132014614423e-07,1.9277844170121894e-07,2.336621104936931e-09,0.100095359317166,0.1159397384268561,0.039238956149851296,2.336621104936931e-09,0.1159397384268561,0.10009535931716596
110047,1.0867637306699325e-15,0.024336939034135,0.1472749217385483,0.147275138155614,0.116093921613549,0.1160939216135569,0.1163768769672938,0.0777804589125348,0.0,1.844733822749609e-12,2.786079102352673e-12,4.526683023447753e-07,4.804952708978869e-07,2.164170657126263e-07,0.1163764242989915,0.0777799784172639,0.1229379827044133,2.1641706568487074e-07,0.07777997841726389,0.11637642429899146
110048,1.006714670396814e-15,0.1004744537769995,0.1205085288388418,0.120508586389987,0.127799628693364,0.1277996286933218,0.1275008348578672,0.146644209705725,0.0,2.236199565575477e-12,3.6105173680860904e-12,7.281680293616604e-07,9.722594906311274e-07,5.7551145168921465e-08,0.1275001066898378,0.1466432374462343,0.020034075061842307,5.7551145196677034e-08,0.14664323744623436,0.12750010668983783
110049,1.073689155075754e-15,0.0102477522684725,0.03084067970333,0.0308406964398548,0.0273508498673205,0.0273508498673164,0.0273988907141479,0.0213194244033735,0.0,2.983089225559452e-12,4.826852132131749e-12,1.6341791502722417e-07,1.8001631714014097e-07,1.67365247737139e-08,0.0273987272962329,0.0213192443870564,0.0205929274348575,1.673652479800003e-08,0.02131924438705636,0.027398727296232873
110050,9.68033998435038e-16,0.0193867836231216,0.0450521554709495,0.0450521800143466,0.0414180696876358,0.0414180696876429,0.0413893358667197,0.0429690733201513,0.0,2.5351976530562213e-12,4.47125330686733e-12,1.1115019501977301e-07,9.569067080879465e-08,2.454339707164133e-08,0.0413892247165247,0.0429689776294805,0.025665371847827897,2.4543397099396902e-08,0.04296897762948049,0.04138922471652468
110051,3.9731839183131447e-16,0.0547711348850681,0.0813685832533774,0.081368617872614,0.0833589903143981,0.0833589903143831,0.0831003116618136,0.0686379513001331,4.015464701680343e-14,1.0628735063990045e-12,1.5299501690974628e-12,2.1265328412253614e-07,1.2396242297137326e-07,3.461923663017341e-08,0.0831000990085295,0.0686378273377101,0.026597448368309295,3.4619236602417836e-08,0.06863782733771014,0.08310009900852948
110052,1.2029561445963237e-15,0.0103447685509924,0.1015543227608493,0.1015543323128209,0.0980038803035831,0.0980038803029971,0.0999436776674508,0.1340815190647676,0.0,3.0195034309874537e-12,5.627990365269887e-12,6.423407761217872e-07,7.286498605059297e-07,9.551971685839432e-09,0.0999430353266747,0.1340807904149071,0.09120955420985691,9.551971602572706e-09,0.1340807904149071,0.09994303532667467
110053,8.557817777070201e-16,0.0427858828697223,0.0803170005086879,0.0803169705528,0.0743903146954508,0.0743903146954337,0.0743321051914542,0.0999207358368096,0.0,2.7768206640387105e-12,4.331820696283015e-12,1.6699606181778453e-07,1.8956613755345716e-07,-2.99558878258388e-08,0.0743319381953924,0.0999205462706721,0.0375311176389656,2.995588789522774e-08,0.09992054627067205,0.07433193819539238
110054,8.494177387762483e-16,0.0242303678694232,0.0277009857323994,0.0277013506551798,0.0289282447687874,0.0289282447683808,0.0288714312883023,0.0304790251047841,0.0,3.649557442388241e-12,7.601778746426086e-12,4.907864277292512e-07,6.32602626235979e-07,3.649227803548261e-07,0.0288709405018746,0.0304783925021579,0.0034706178629761997,3.6492278039992887e-07,0.030478392502157864,0.02887094050187457
110055,5.699073114693979e-16,0.1484251342370318,0.1446970033677541,0.1446969887550218,0.1575005234662422,0.1575005234663082,0.1574120469867716,0.2440721943846729,0.0,2.9785903105951362e-12,3.801641854267581e-12,6.857759730791293e-08,6.983107287082194e-08,-1.4612732385232974e-08,0.1574119784091743,0.2440721245536,-0.0037281308692777015,1.4612732301966247e-08,0.24407212455360003,0.1574119784091743
110056,8.273411666539436e-16,0.1129472451592596,0.1291393306063251,0.129139255280497,0.1343936453727996,0.1343936453727598,0.1342982315334318,0.1746657687734417,0.0,3.052631084612684e-12,4.425811160385764e-12,1.2294414093105398e-07,1.6065152796322539e-07,-7.532582801950127e-08,0.1342981085892909,0.1746656081219137,0.016192085447065505,7.5325828102768e-08,0.17466560812191373,0.13429810858929087
110057,1.5527451227882298e-15,0.0454536233655226,0.037140552024543,0.0371407329998958,0.0367793719682457,0.0367793719682216,0.0367883394183926,0.0411907625214806,0.0,2.4640748457934744e-12,3.4849442541746965e-12,1.0566277235542793e-07,2.1010895697404905e-07,1.809753528633773e-07,0.0367882337556203,0.0411905524125236,-0.008313071340979597,1.8097535280092725e-07,0.041190552412523625,0.036788233755620244
110058,8.169857902207699e-16,0.1988386592677533,0.1905179084934289,0.1905178319483765,0.1991346672144976,0.199134667214737,0.1990271288560994,0.1307293088530794,0.0,8.02386989369391e-12,1.4552034164613038e-11,7.137102663131499e-08,1.1074658665045936e-07,-7.654505240761722e-08,0.1990270574850728,0.1307291981064928,-0.008320750774324398,7.654505240761722e-08,0.13072919810649275,0.19902705748507277
110059,5.549166993504169e-16,0.0201736616944921,0.0201736616944921,0.0201737158292572,0.0217363145121184,0.0217363145121688,0.0217286879122847,0.0230451030935115,0.0,1.3610678212793258e-12,2.416570126757071e-12,1.874224016289944e-07,1.5499431466023782e-07,5.4134765180985374e-08,0.0217285004898831,0.0230449480991969,0.0,5.413476509771864e-08,0.02304494809919684,0.02172850048988307
110060,7.142392567124435e-16,0.0822711861893291,0.2362598270603875,0.2362601812824593,0.2196297998490136,0.219629799849004,0.2191504665441536,0.235891712630509,5.948864070489965e-14,1.6255798183563789e-12,2.345364530804296e-12,5.966599040584105e-07,6.720101885515478e-07,3.542220717855926e-07,0.2191498698842496,0.2358910406203205,0.1539886408710584,3.542220717855926e-07,0.23589104062032046,0.21914986988424953
110061,8.358639243307439e-16,0.1856933469517314,0.1832958932352181,0.183295786532009,0.1774921090875827,0.177492109087531,0.1775266335469683,0.1810649571120109,0.0,3.304599411922801e-12,5.734832078253271e-12,5.816766736311127e-07,1.0453683662420113e-06,-1.067032091295328e-07,0.1775260518702947,0.1810639117436446,-0.002397453716513287,1.0670320910177722e-07,0.18106391174364467,0.17752605187029466
110062,7.97931919273404e-16,0.0156504341431148,0.074504896217665,0.0745048990239149,0.0940108208270487,0.0940108208269264,0.09375972295133,0.1152147408038682,3.5215590527618925e-14,3.039767277639552e-12,4.816979333094726e-12,1.642891605516784e-07,1.9166365706531367e-07,2.806249885245471e-09,0.0937595586621695,0.1152145491402112,0.058854462074550196,2.8062498991232587e-09,0.11521454914021113,0.09375955866216945
110063,1.6674210443660944e-15,0.0171716506344868,0.0670034262971312,0.0670035584213746,0.0693883804045068,0.0693883804043203,0.0693612082877393,0.0674040160192305,0.0,3.716570829400077e-12,5.392317325645577e-12,1.3304834790898322e-07,1.628241663970221e-07,1.3212424336550568e-07,0.0693610752393914,0.0674038531950641,0.0498317756626444,1.3212424340713902e-07,0.0674038531950641,0.06936107523939139
