seed,norm_corr,shuffled_norm_corr,norm_corr_advantage,vector_cos,shuffled_vector_cos,vector_cos_advantage,mean_relative_norm_error
168000,0.9999998820162997,0.16445677615228374,0.835543105864016,0.9999998754191622,-0.0016535891528411395,1.0016534645720034,0.00028177911000338163
168001,0.99999950938218,-0.2519730801313038,1.2519725895134837,0.9999998248322877,0.11842508084597511,0.8815747439863125,0.00018705527861209308
168002,0.9999854130949979,0.31606429662674146,0.6839211164682564,0.9999850379384961,0.17034384669608899,0.8296411912424071,0.005153700281597057
168003,0.9999999916311212,-0.12485571545638058,1.1248557070875018,0.9999999890288616,0.10275199957502457,0.897247989453837,7.726300039385918e-05
168004,0.9999999447434684,-0.19732145812887242,1.197321402872341,0.9999999704010344,0.12017789834532974,0.8798220720557046,0.00022936267418026613
168005,0.9999995883898117,0.12354824326133464,0.8764513451284771,0.9999995088099933,-0.09994908685332796,1.0999485956633213,0.0010216950582414047
168006,0.999999818369626,0.191108658778272,0.808891159591354,0.9999995116971288,0.21398819665403956,0.7860113150430892,0.0003569342189944932
168007,0.9999999889758557,0.16680814011070336,0.8331918488651524,0.9999999829472314,-0.14759913171544686,1.1475991146626783,7.27853517321315e-05
168008,0.9999999215052126,-0.12595522757800381,1.1259551490832163,0.9999997686071553,0.1401578654267813,0.859841903180374,0.00020953594700639464
168009,0.9999996631529102,0.12591321566052607,0.8740864474923842,0.9999996867647264,0.0911193483566031,0.9088803384081233,0.0006038688079763038
168010,0.9999999965098186,-0.5554645868739768,1.5554645833837955,0.9999999652861387,-0.005704533550802783,1.0057044988369415,7.678717765963705e-05
168011,0.9999955091741268,-0.19936233384579272,1.1993578430199197,0.9999932146783781,0.04866505055360359,0.9513281641247745,0.002587147742826768
168012,0.9999999298590121,0.03717149934037598,0.9628284305186361,0.9999999023523246,0.03289460322860492,0.9671052991237197,0.0003037114220958856
168013,0.9999999050105781,-0.12820679519645986,1.128206700207038,0.9999998963797493,0.10960637499816894,0.8903935213815803,0.0001442281430087423
168014,0.9999996792207009,0.08869069370984126,0.9113089855108596,0.9999997467098035,0.12062992239690448,0.879369824312899,0.000579851499516677
168015,0.9999997922689735,0.3388929597095623,0.6611068325594112,0.9999994403964365,0.24093109272191143,0.759068347674525,0.0005523975336551813
168016,0.99999806463445,0.13899389984732155,0.8610041647871284,0.9999982683225918,-0.023992348552928817,1.0239906168755206,0.0024781597041302166
168017,0.9999905599498424,0.31804820251485927,0.6819423574349832,0.9999905808338504,0.09168668697868235,0.9083038938551681,0.006354762171659101
168018,0.9999993193885138,-0.2872322314277512,1.287231550816265,0.9999995926819546,0.18061293226720215,0.8193866604147524,0.000574460464843768
168019,0.9999997914463005,0.10506192081279637,0.894937870633504,0.9999998294367923,0.017340342910286237,0.9826594865265061,0.0005225809891395192
168020,0.9999997736624012,0.2835469110504334,0.7164528626119678,0.9999996846680395,-0.03328497954109664,1.033284664209136,0.00021165987888578942
168021,0.9999999685084788,0.2511638670681455,0.7488361014403333,0.9999999634040542,0.17980073575569566,0.8201992276483585,0.0003683463197790717
168022,0.9999987675150601,0.27262530022295,0.7273734672921102,0.9999980455777481,0.09042169301265192,0.9095763525650962,0.001943453560171806
168023,0.9999999352920861,0.22685369876640707,0.773146236525679,0.9999999651902003,-0.03530833596140609,1.0353083011516064,0.00020392289547495384
168024,0.9999676199182891,0.5143791398310151,0.48558848008727395,0.9999875229638653,-0.028827693282222316,1.0288152162460875,0.003587962378061047
168025,0.9999934480347824,0.27878124989811565,0.7212121981366668,0.9999714692784425,0.012276753487621542,0.9876947157908209,0.005943368668074269
168026,0.9999945114562444,-0.006372060314333292,1.0063665717705776,0.9999885934898083,-0.0932878272847861,1.0932764207745944,0.0021196311971335984
168027,0.9999999061943093,0.2855368543908606,0.7144630518034487,0.9999999376666182,0.11237385922807416,0.887626078438544,0.00016352251642904434
168028,0.9999994215100528,0.10145824870710438,0.8985411728029484,0.9999990565373793,0.028623347262304207,0.9713757092750751,0.0006191595958128565
168029,0.9999998787680477,-0.010641963745327892,1.0106418425133756,0.9999998351513991,-0.017055119302029187,1.0170549544534282,0.0003361124460865848
168030,0.9999998627043624,-0.02109491097440633,1.0210947736787688,0.9999999283191275,0.06733822633212307,0.9326617019870045,0.00011309937306337222
168031,0.9999999846031697,-0.01804878486519116,1.0180487694683609,0.9999999591332493,0.12565639027037817,0.8743435688628711,5.2363296706383766e-05
168032,0.9999986723856656,-0.08969891297583611,1.0896975853615019,0.9999994027632809,0.07519364888316074,0.9248057538801202,0.0015436470492426967
168033,0.9999999947200788,0.25942630477778034,0.7405736899422986,0.9999999874292411,0.19003168374059923,0.8099683036886419,3.368052792738046e-05
168034,0.9999880020561346,-0.3185293234536159,1.3185173255097504,0.9999977283916988,0.06127915231159681,0.938718576080102,0.0019550536676821062
168035,0.9999999605120681,0.11510934571683075,0.8848906147952373,0.9999999404528206,0.1457786911659567,0.8542212492868639,0.00015614296683161855
168036,0.9999995149001998,0.033169158685963256,0.9668303562142365,0.9999997040319679,0.1492455209063341,0.8507541831256338,0.0006346852503246297
168037,0.9999996839931465,0.07873766691612805,0.9212620170770185,0.9999996383416789,-0.03610815348943688,1.036107791831116,0.0009735424984317363
168038,0.9999990008449028,-0.15841988711733748,1.1584188879622404,0.9999998218303391,0.04149373727205606,0.958506084558283,0.0007829964908918173
168039,0.9999955484031204,0.1724085042315908,0.8275870441715296,0.9999967565767858,0.06987566285694635,0.9301210937198394,0.001924922065005811
168040,0.9999998637162167,-0.1536039988104477,1.1536038625266645,0.9999998326015092,0.09910172503680095,0.9008981075647082,0.0002971191642478605
168041,0.999999880184544,-0.2918171793378843,1.2918170595224283,0.999999252297352,0.2395171353793984,0.7604821169179536,0.00033523196686416367
168042,0.9999992774372304,-0.2716874173046124,1.2716866947418428,0.9999990212578277,-0.02979715433699475,1.0297961755948224,0.0009341597380748111
168043,0.9999999407525363,0.1285302311841438,0.8714697095683925,0.9999999881790778,0.01918810905502639,0.9808118791240513,6.603928297944383e-05
168044,0.9999993029022722,-0.05236142696090609,1.0523607298631783,0.9999994412331876,-0.16546841508540086,1.1654678563185885,0.0007760764425635086
168045,0.999997186796101,-0.31505660471902847,1.3150537915151295,0.9999996894336878,-0.0326237802712678,1.0326234697049557,0.0004194620120435897
168046,0.9999999493896501,-0.18313745723711658,1.1831374066267666,0.9999999784094854,-0.18592505506863283,1.1859250334781182,0.000222733643864829
168047,0.9999996156140456,-0.015552113296386672,1.0155517289104323,0.999999111923005,-0.020420561565007163,1.0204196734880122,0.000495268775732987
168048,0.9999999179618764,0.10896259381905316,0.8910373241428232,0.9999998006964059,-0.006545352753520176,1.0065451534499261,0.00021532232166804815
168049,0.9999988148086386,0.08312136503324427,0.9168774497753943,0.9999988487576081,0.18273632231325843,0.8172625264443497,0.0015487007083934906
168050,0.9999505411586674,0.26423898075877017,0.7357115603998973,0.9999819060187937,0.16985425932602355,0.8301276466927701,0.006593687618564934
168051,0.999999524858889,-0.35235954453168483,1.3523590693905738,0.9999998452361554,0.0026460749829141372,0.9973537702532412,0.00027642807619308543
168052,0.9999999938026923,-0.2753310075728411,1.2753310013755335,0.9999999707937208,-0.1021437392675177,1.1021437100612386,4.707426133126252e-05
168053,0.999982850958544,-0.4991754797202054,1.4991583306787493,0.9999744657633247,0.07279963361254274,0.927174832150782,0.0022012844391467194
168054,0.9999999830498695,-0.009728137460456593,1.0097281205103261,0.9999999803186432,0.36760155720706955,0.6323984231115737,0.0001238429698959729
168055,0.9999999689118131,-0.08969229979302759,1.0896922687048407,0.9999999712071919,0.09233796233254082,0.907662008874651,0.00014249919312460407
168056,0.9999998325007592,-0.3328604176771112,1.3328602501778704,0.9999998984665256,0.06552507691677514,0.9344748215497505,0.00046012838018276534
168057,0.9999997046783261,0.17907676919572652,0.8209229354825995,0.9999998898327714,-0.06465991301940761,1.064659802852179,0.00048233228071894123
168058,0.9999999570343797,-0.27515524273967285,1.2751551997740527,0.9999999106768852,-0.026163380464036483,1.0261632911409218,0.0002987324954493207
168059,0.9999978405419806,0.1321301788828421,0.8678676616591385,0.9999985895526977,0.05195068201007599,0.9480479075426217,0.001464519492569499
168060,0.9999999536900488,0.14272125970786292,0.8572786939821859,0.9999999670294484,-0.15008717481231643,1.1500871418417649,0.00016586101515578944
168061,0.99999991359044,-0.23240215102481196,1.232402064615252,0.9999999145060159,-0.05141286910289572,1.0514127836089115,0.0004018648507515861
168062,0.9999974037621895,0.2099312866393965,0.790066117122793,0.9999980480785375,0.05091396196160612,0.9490840861169314,0.001868629074603888
168063,0.9999994587007204,0.2516380148501939,0.7483614438505265,0.9999995180599711,-0.0013533463633340847,1.0013528644233052,0.0004962253690061235
