seed,b_ratio,a_ratio,b_removed,a_removed,b_native,a_native,b_addb,a_addb,criterion_flip_fraction
113000,0.4447678461297633,0.4468055059954767,1.0,0.9999990419241304,1.5376351889057064e-05,9.058951806551695e-09,0.0,6.670637107148954e-15,0.03125
113001,0.2571251168337571,0.2204812306026302,1.0,0.9999948654438184,2.1171679649671077e-05,1.3347624434283036e-08,0.0,5.685369738194164e-14,0.0
113002,0.5073154804600416,0.4727246823802504,1.0,0.9999990349937472,1.4163900319088148e-05,1.2780521653203685e-08,0.0,5.788909894854732e-15,0.03125
113003,0.3530453848402015,0.3669154155884069,0.9999999999999264,0.9999923588855756,3.0245229337712337e-05,1.7799068763457392e-08,2.312964634635743e-18,1.0055550742525203e-13,0.0
113004,0.4724150126693099,0.7045316663396294,1.0,0.9999993298908546,3.752541535270534e-05,4.4768660129417006e-08,0.0,2.842492730001637e-14,0.0
113005,0.0684225105742053,0.0645887482721668,1.0,0.9999767645142,1.0929767562950084e-05,9.928628398626638e-09,0.0,1.5152224672153846e-13,0.0
113006,0.0861011999300143,0.0880418097254552,0.9999999999956842,0.9999974728159065,6.121406496876329e-06,4.594212454740024e-09,2.312964634635743e-17,1.0884712950201138e-14,0.09375
113007,0.2116559893278173,0.1580517825011348,1.0,0.9999915019899565,3.867527852492483e-05,1.6952476989425745e-08,0.0,6.106584460381202e-14,0.0
113008,0.1786159406856463,0.0928051515407197,1.0,0.9999878193821836,1.8336861407147905e-05,1.0950645517993949e-08,0.0,8.417400559476616e-14,0.0
113009,0.1718529040203532,0.1468594872763552,0.999999999999935,0.9999932072967472,2.5945999528440836e-05,1.9876605910617275e-08,2.312964634635743e-18,1.2699117826788946e-13,0.0520833333333333
113010,0.1623146978124305,0.1226517998590063,0.9999999999984492,0.9999945718132328,2.49307831449814e-05,2.131720683416396e-08,2.775557561562892e-17,8.523482238747595e-14,0.1458333333333333
113011,0.1170556261837467,0.1612862023487911,0.9999999999997398,0.9999914866229562,1.0369132393488064e-05,6.969987320468058e-09,2.312964634635743e-18,5.0018592015642934e-14,0.0104166666666666
113012,0.5581252170073436,0.4410014668288236,1.0,0.9999969398884548,2.2115098626230112e-05,2.1372847813047543e-08,0.0,4.614425748342187e-14,0.0104166666666666
113013,0.1751390553986585,0.1300723315398888,1.0,0.9999897481364324,1.53332772648729e-05,1.1972372789572425e-08,0.0,3.1891796743836065e-14,0.0
113014,0.1324683750295716,0.1570278023125215,1.0,0.9999788626969072,2.2559746439458016e-05,1.805793615534588e-08,0.0,4.6913751303638405e-14,0.0
113015,0.1610636992780314,0.1283519502426255,1.0,0.9999695149773998,3.548417212885786e-05,2.2176172284039136e-08,0.0,2.0930779295432395e-13,0.0
113016,0.1709895673979178,0.1314872611369671,1.0,0.9999876766613992,2.699148779196448e-05,1.2908512007604093e-08,0.0,1.1110161482445229e-13,0.0
113017,0.1246043615913945,0.0784899205467754,1.0,0.999989485668667,4.380709914253865e-06,2.25168802440647e-09,0.0,1.8008665436882874e-14,0.0
113018,0.0608847022887674,0.1437425687168947,0.9999999999998336,0.9999915792627562,1.0697847400131373e-05,1.2555309921699424e-08,4.625929269271485e-18,3.1100528489360403e-14,0.0208333333333333
113019,0.2169877750973038,0.2448112838146551,0.9999999999982568,0.9999858896418896,2.1177890949230276e-05,1.7068034364519195e-08,1.61907524424502e-17,9.763520650529943e-14,0.0416666666666666
113020,0.1920361785448837,0.49222697535705,1.0,0.9999988863349404,8.532863294496686e-06,1.2486362685854545e-08,0.0,1.114331494128211e-14,0.0
113021,0.0834436255081932,0.0629151569953958,1.0,0.999975443691608,9.516929662329102e-06,6.8879377119769245e-09,0.0,1.1089153542569717e-13,0.0
113022,0.2592179360427887,0.2175190765039538,1.0,0.9999948753153092,1.948039973451179e-05,1.1236588263532634e-08,0.0,3.4835912542006553e-14,0.0
113023,0.3380993649407735,0.2989997117352631,1.0,0.9999983855231568,3.399966447845426e-05,2.885018506844601e-08,0.0,2.729678818604837e-14,0.0
113024,0.1226188330631281,0.0951249548898822,1.0,0.9999897501007796,7.823503444428816e-06,6.547800107862079e-09,0.0,3.8854514142930433e-14,0.0
113025,0.3266489555269163,0.2048732397575395,1.0,0.999996654415344,1.4933629340938811e-05,1.064069504697954e-08,0.0,2.844365058685939e-14,0.0
113026,0.1753506206622194,0.2120405495964944,1.0,0.9998974279745334,1.7455642857456285e-05,9.277110837553e-09,0.0,4.8386204024988556e-14,0.0
113027,0.1720142850134118,0.1928843539478177,0.9999999999984768,0.9999806128083324,1.7298548922427487e-05,1.3666227963883309e-08,1.1564823173178714e-17,6.723271349616018e-14,0.03125
113028,0.3109778166110057,0.3751817870403576,0.9999999999991044,0.9999967281061682,4.411493665837071e-05,5.775723554750703e-08,9.251858538542969e-18,5.098670297097112e-14,0.0416666666666666
113029,0.1858067081394817,0.2422009833056172,1.0,0.99999128864315,2.922356506540229e-05,2.5938055983830427e-08,0.0,7.056809360010545e-14,0.0
113030,0.3470848129701426,0.3637227044048541,1.0,0.9999973413291868,4.317356076617064e-05,2.1398712450951222e-08,0.0,2.9685386683989694e-14,0.0
113031,0.1450828865552851,0.1545196110767843,0.9999999999922022,0.9999775310402202,4.208223646236945e-06,2.3649114491984007e-09,9.251858538542969e-18,1.83795509313352e-14,0.0
113032,0.5266493917934468,0.5940772674820693,0.9999999999999336,0.9999967767579035,2.117011121693159e-05,2.091604563430669e-08,2.312964634635743e-18,4.0278686891766646e-14,0.0
113033,0.1088197998387264,0.0886217463713568,1.0,0.9999681795069932,2.3131523887711396e-05,1.5227141121579605e-08,0.0,2.115934017252571e-13,0.0
113034,0.224563748662792,0.5023241295120654,1.0,0.9999949343782784,2.1955835116387697e-05,2.6748954304321457e-08,0.0,5.5038642416173576e-14,0.0
113035,0.2071035644439303,0.1854781630381534,1.0,0.9999936325414353,2.2295266063457652e-05,1.6250810644986823e-08,0.0,8.546330048217138e-14,0.0
113036,0.1379430738143131,0.1372188343819789,0.9999999999987738,0.9999893461459656,2.230736367844477e-05,2.4223194306393863e-08,1.8503717077085938e-17,1.2263124143458138e-13,0.1875
113037,0.1370842147707239,0.1079896825866388,0.9999999999966206,0.9999905169925652,1.6770616366955014e-05,1.7037974824145976e-08,2.544261098099317e-17,9.827110493182653e-14,0.0208333333333333
113038,0.3473109235810019,0.3248034469363399,0.9999999999983316,0.9999928759791056,4.175121711549548e-05,2.3463756388922863e-08,3.8526714803357956e-17,1.0065900324396425e-13,0.1770833333333333
113039,0.3047352707960847,0.3109811276366248,0.9999999999998238,0.99999484191823,6.720058949832008e-05,4.7626980123025256e-08,1.3877787807814457e-17,1.3541245435483499e-13,0.1145833333333333
113040,0.1220874715116758,0.2096937454568993,0.9999999999982168,0.999977725488859,2.39715923150754e-05,2.5704220959411773e-08,2.0816681711721685e-17,2.6504253155160664e-13,0.1041666666666666
113041,0.2430958772627372,0.1946845988353511,1.0,0.9999949196216066,1.3447118652757956e-05,1.0072231569092749e-08,0.0,3.111204018734191e-14,0.0
113042,0.1081969703992236,0.1289161323671659,0.999999999999904,0.9999654876426148,2.39873340943872e-05,1.8964108592102296e-08,4.625929269271485e-18,3.166981426281568e-13,0.0104166666666666
113043,0.1446277353757771,0.1325423469621666,0.9999999999975812,0.999998537418404,4.380963280075942e-06,4.114526241980777e-09,6.938893903907228e-18,3.939817504030799e-15,0.0104166666666666
113044,0.054857204676947,0.0383164954390439,0.9999999999981548,0.9999833535720638,7.747760949327154e-06,3.571709614818778e-09,1.1564823173178714e-17,4.5864660304800575e-14,0.0625
113045,0.1561905520702622,0.1275626711285192,0.999999999999054,0.9999873532626982,2.177058513509972e-05,1.2268494236406214e-08,2.312964634635743e-17,1.4709605629916653e-13,0.0416666666666666
113046,0.1823915607612934,0.153380917398932,1.0,0.999997127543794,1.030581091478024e-05,1.1576794731079411e-08,0.0,3.292307209146645e-14,0.0
113047,0.0650612097427048,0.0910096560322235,1.0,0.999994515907459,6.007535218939669e-06,5.866099895901523e-09,0.0,1.8233993508181e-14,0.0
113048,0.2255677225247477,0.1619726902886924,1.0,0.9999940754996594,8.523048979148417e-06,4.1075253987346035e-09,0.0,2.296391491208436e-14,0.0
113049,0.0287654564406297,0.0290222805597465,1.0,0.999955367829564,1.5620171919268006e-06,6.768956441068378e-10,0.0,2.934709379439501e-14,0.0
113050,0.1271612531323684,0.0721384648263797,1.0,0.99998183767989,2.094324294552118e-05,1.2207442947372629e-08,0.0,1.8408983910710279e-13,0.0
113051,0.0549322332352105,0.0438126101824407,1.0,0.9999663080799212,4.384454587512574e-06,2.1349457429708915e-09,0.0,6.937995480929976e-14,0.0
113052,0.2986577627250766,0.1843566104913915,1.0,0.9999844585191132,7.594487240590963e-05,5.8498692980956586e-08,0.0,3.785058530166576e-13,0.0
113053,0.1144379606083707,0.1203745498311432,0.9999999999963848,0.999990598785426,6.889032474773546e-06,5.678428538253684e-09,1.8503717077085938e-17,2.8086849911934474e-14,0.1041666666666666
113054,0.0489024094027285,0.066682265792525,1.0,0.9999844383387928,3.803476209400613e-06,3.898203550869312e-09,0.0,4.064338174139825e-14,0.0
113055,0.0551353622116883,0.0712046117509818,0.9999999999975784,0.999986979674504,2.929057716592148e-06,3.1302522970598795e-09,2.312964634635743e-18,2.3318545096679724e-14,0.0104166666666666
113056,0.1322027235558782,0.1368747337292421,1.0,0.9999956825082168,2.138268188043843e-05,1.0364004622136049e-08,0.0,3.724275949437947e-14,0.0
113057,0.1784038993672127,0.1821272477756772,1.0,0.9999908745505656,1.5042298944189242e-05,1.5019596490716288e-08,0.0,7.587913952952751e-14,0.0
113058,0.1050661862318143,0.193182314293887,0.9999999999985104,0.9999864961258068,8.813674382354964e-06,8.66811353932972e-09,9.251858538542969e-18,4.3517568391249566e-14,0.0208333333333333
113059,0.0692815501275219,0.0844213119185694,0.999999999994721,0.9999250296870515,9.306059694761484e-06,9.401575440015564e-09,1.1564823173178714e-17,1.797135026457929e-13,0.0729166666666666
113060,0.3919617870480398,0.412322212502951,1.0,0.9999958081695092,4.33053268185757e-05,3.799339935034287e-08,0.0,9.213248887517525e-14,0.0
113061,0.2736772554960713,0.4744031781540598,1.0,0.9999807223071812,3.2880787229979985e-05,3.2701219469715685e-08,0.0,5.4820861010974125e-14,0.0
113062,0.0240498608493865,0.0332897106517051,1.0,0.9999762174389728,4.69475688276501e-06,3.5572613926725622e-09,0.0,5.52035818468101e-14,0.0
113063,0.0957708666204603,0.1056554645184657,0.9999999999987748,0.9999935024593656,1.157248120295395e-05,1.2430049733360476e-08,6.938893903907228e-18,3.908232578021024e-14,0.0208333333333333
