seed,true_error_deg,true_ev2,true_rsa,label_shuffle_error_deg,label_shuffle_rsa,component_scramble_error_deg,component_scramble_rsa,label_error_advantage,component_error_advantage,rsa_over_label_shuffle,rsa_over_component_scramble,mean_response_norm,mean_rollout_viability
73000,90.0717097077521,0.9402495120335164,0.1118829658643753,86.81007899658925,-0.0097086065511429,85.19333579516059,0.0030030155792599,-3.2616307111628515,-4.878373912591513,0.1215915724155183,0.1088799502851154,0.1331890107245476,0.9041477499811708
73001,83.42652961780512,0.9654810301541076,0.0861101750028995,86.75476190219003,0.0001337786612418,84.11097748425476,0.002728854729604,3.32823228438491,0.684447866449645,0.0859763963416576,0.0833813202732955,0.1291832063976347,0.8760082835731078
73002,58.99476102077105,0.9648789122759932,0.1430970622808004,98.84083116049844,0.0060493127620537,88.43535415754133,-0.0039978679686186,39.84607013972739,29.440593136770275,0.1370477495187466,0.147094930249419,0.1357479638927466,0.944555951278743
73003,84.64068544596577,0.8834773199859803,0.0996921890737329,93.8876631778931,-0.0031985196963298,94.02303489921096,-0.0084995624614493,9.24697773192733,9.382349453245183,0.1028907087700628,0.1081917515351823,0.0913810916175481,0.9740740821228924
73004,90.13817058372368,0.9625954572555928,0.1056231917208005,87.53137237984231,0.0026115057236741,88.35048630187225,-0.0070365521040836,-2.606798203881368,-1.7876842818514262,0.1030116859971263,0.1126597438248841,0.0960774699151835,0.9398022937664058
73005,79.71379494109878,0.9862174191197705,0.1776250267773231,91.39963012155022,0.0063480182303437,90.64711111254834,-0.0011137462555972,11.685835180451434,10.933316171449562,0.1712770085469794,0.1787387730329204,0.1456409373218302,0.984847908297752
73006,78.2697386556457,0.9768905018265404,0.1028200407289508,87.42836601471956,0.0037287596538046,94.81930003192778,-0.0170710313675904,9.15862735907386,16.549561376282085,0.0990912810751462,0.1198910720965413,0.169688852884274,0.9373398344005492
73007,85.78210221590993,0.99421389450161,0.1168466986610703,89.51656723156236,0.0001890681898364,99.0124495701915,-0.0037738522094806,3.734465015652432,13.230347354281577,0.1166576304712338,0.1206205508705509,0.1554231862951619,0.9383334158226156
73008,81.31475657872305,0.9472435205555204,0.1185783752848523,93.44013015509752,0.001355956343191,91.27918768879252,0.0010964233946641,12.125373576374486,9.964431110069484,0.1172224189416612,0.1174819518901881,0.0994889704244991,0.9925249456742772
73009,87.95660010449183,0.9807903783454464,0.0934131434505652,90.4403529307544,-0.0064548212951527,85.3526939630405,-0.0041002982388797,2.483752826262588,-2.6039061414513327,0.099867964745718,0.097513441689445,0.1619635828691389,0.87332267277591
73010,90.05276795333745,0.9281769919602064,0.1165883061770239,90.64496832850884,0.0007384036517727,89.84295237896254,0.0069772714548948,0.5922003751714016,-0.2098155743749146,0.1158499025252511,0.109611034722129,0.092776125329653,0.9639985906554304
73011,77.58511983734749,0.9656276063162558,0.1693072819727641,90.30132553631384,-0.011861582238297,90.80416344062589,-0.0041084543328995,12.716205698966348,13.219043603278394,0.1811688642110612,0.1734157363056636,0.115576739022661,0.9290611505094778
73012,60.60153690156783,0.969801206772698,0.1252493595490777,91.6525521218478,0.0001275689043918,94.09912457528424,-0.0140973809238877,31.05101522027998,33.49758767371641,0.1251217906446858,0.1393467404729654,0.1425949771946923,0.911545635670216
73013,69.34175005337556,0.97446350546298,0.1822804265147833,91.44384272399763,0.0107781618241213,91.8358781440778,0.0009345310316514,22.102092670622085,22.494128090702247,0.171502264690662,0.1813458954831319,0.1717095092105238,0.8046631350102627
73014,85.31244431579037,0.9663693056902756,0.1161666306404079,84.41988618755789,0.0058293703511406,93.7852248302557,-0.0022742961584748,-0.8925581282324799,8.472780514465327,0.1103372602892673,0.1184409267988828,0.1465029372549904,0.9192741088154024
73015,88.47818862424683,0.9930802983496112,0.0875717657162389,83.71127665208166,0.0013015045408451,95.01894423617972,0.0001049897171174,-4.766911972165161,6.540755611932895,0.0862702611753938,0.0874667759991214,0.1698979944600815,0.9549677437591502
73016,83.81568337103732,0.9801817984104432,0.123197396000812,87.74466287237416,0.0012549843311026,93.13067078890374,-0.0050772641116331,3.928979501336841,9.31498741786642,0.1219424116697093,0.1282746601124452,0.1135257327855834,0.9386668298394708
73017,84.77077210114166,0.961369754945476,0.1096298257716119,88.07223821186655,-0.007176773235438,90.46662073567438,0.0051954542983574,3.3014661107248884,5.695848634532723,0.11680659900705,0.1044343714732545,0.1298065124743075,0.942123085469776
73018,90.34066843347615,0.9313281686903478,0.0847372429902008,88.91309580475821,0.0005056637799202,90.5409752212246,0.0044775013251635,-1.4275726287179538,0.2003067877484454,0.0842315792102805,0.0802597416650373,0.1090588291277103,0.966107604505914
73019,82.07155074329786,0.9735223375903536,0.1470712117674733,83.87091278878212,0.0076924157029882,89.56351689459882,-0.0001093926453927,1.7993620454842585,7.491966151300957,0.139378796064485,0.147180604412866,0.1468570540373945,0.9095002694895872
73020,85.33587535883504,0.903221730602485,0.1062549645201363,90.30666038398634,-0.0045495514480988,91.38907675973164,-0.0025532615515145,4.970785025151301,6.053201400896597,0.1108045159682351,0.1088082260716508,0.0902357734751154,0.9624708528321072
73021,80.65289629136313,0.9922537292453596,0.1353719377367779,89.59420300545145,0.002506576078481,92.1276129275697,0.0001052179284901,8.941306714088313,11.474716636206566,0.1328653616582968,0.1352667198082877,0.1315806977995665,0.9670966869199252
73022,85.11481816948418,0.9300004088076684,0.1282602138682346,92.6981385365749,0.0027623049261535,93.37512111715932,-0.0004595366854321,7.583320367090721,8.260302947675129,0.125497908942081,0.1287197505536668,0.0984751576470973,0.7996663257383326
73023,75.96524989767818,0.9588161693626912,0.1186143034284936,91.10214408703354,-9.65103243480256e-05,88.54266608721674,-0.0041031343152708,15.13689418935536,12.577416189538567,0.1187108137528417,0.1227174377437645,0.139605577487832,0.9032340559241888
73024,91.62314501292482,0.971180924487566,0.0565081496460939,92.58153793298364,0.0005613280089949,92.01531664643966,-0.000308265327072,0.958392920058813,0.3921716335148346,0.055946821637099,0.0568164149731659,0.1473824538193577,0.8490099523826138
73025,64.56603948441548,0.9849884686679796,0.1367134082516789,89.60454157620799,-0.0019315500115317,93.14662222292418,-0.005664425417023,25.03850209179251,28.580582738508696,0.1386449582632107,0.142377833668702,0.1729391048004625,0.9834297886429506
73026,90.19508883170867,0.9889764705390988,0.07365539616864,94.47248738401969,-0.0060058476780997,89.91187526849254,-0.0013001208229335,4.277398552310999,-0.2832135632161368,0.0796612438467398,0.0749555169915735,0.1268335188677927,0.9640544585819112
73027,82.9383525171625,0.9645823433240556,0.141930406717737,92.05711187051337,-0.0087368338428828,94.36938410570792,-0.00597042317454,9.118759353350852,11.431031588545425,0.1506672405606199,0.1479008298922771,0.1137050243520859,0.9513050857767577
73028,73.90947190848357,0.9837756090162992,0.1654311338226244,94.68910183622668,-0.0023165779066583,90.50146364910084,0.007331149983974,20.779629927743105,16.591991740617274,0.1677477117292828,0.1580999838386504,0.1247355449082372,0.9540220614505284
73029,91.18040963863989,0.980003903118317,0.0861983775564706,92.045992097048,0.0006635362101619,89.65300874082993,0.0026045392029245,0.8655824584081415,-1.5274008978099405,0.0855348413463087,0.0835938383535461,0.1545448507376307,0.9249425860480164
73030,44.63102989726044,0.9681200195029804,0.1937777897173248,96.67477464371288,-0.0058342606884886,96.61050283991848,-0.0017221902205323,52.04374474645244,51.97947294265803,0.1996120504058135,0.1954999799378572,0.1311016077595923,0.9759420798490246
73031,85.45598342536007,0.9827422417056808,0.0696317057847001,91.93357908373696,0.0028036079550559,90.16706959584651,-0.0060903052136945,6.477595658376885,4.711086170486439,0.0668280978296441,0.0757220109983947,0.1083968012418313,0.9239296054216984
73032,85.78958874088045,0.977483568635889,0.0985280766046141,92.87075587640314,-0.0027614571990728,83.19555749087581,0.0027950013514299,7.081167135522691,-2.594031250004633,0.1012895338036869,0.0957330752531841,0.1343752675481127,0.9729969635487976
73033,87.94947185608177,0.9651986784464124,0.1244612141593336,87.40064433312668,0.0045733452826421,91.58739708068924,-0.0032329380401701,-0.5488275229550936,3.637925224607472,0.1198878688766914,0.1276941521995037,0.0959410168221608,0.9738414052402968
73034,90.59276784612948,0.9517091269062624,0.0904917351560201,85.26586160849904,-4.16239462347793e-05,92.89971130543265,-0.0052425532561855,-5.326906237630439,2.30694345930317,0.0905333591022548,0.0957342884122056,0.1077963718774249,0.9413457092011294
73035,91.28674386114474,0.9826841987371732,0.1048699682370083,95.23083556723952,0.0043486623623427,96.34658643358904,-0.0021779393037719,3.944091706094781,5.059842572444296,0.1005213058746655,0.1070479075407802,0.1417535397411929,0.8644024094398189
73036,87.73635100051258,0.9671241151196354,0.1095603194926952,88.43419324033464,0.0014199363681397,89.60123572133524,-0.0025306109251557,0.6978422398220516,1.8648847208226584,0.1081403831245555,0.112090930417851,0.1387415513891528,0.8981579502389194
73037,66.45831851206935,0.906318916300292,0.2359912690205557,89.72935180155531,0.005381690611444,87.38800688567149,0.0023848373796942,23.27103328948596,20.929688373602133,0.2306095784091117,0.2336064316408615,0.0892021765364452,0.946342596448942
73038,81.88710600431327,0.9658235496816592,0.1145576872174242,87.48681771666185,-9.78395545608475e-05,89.1160882115361,0.0013373174933111,5.599711712348579,7.228982207222828,0.114655526771985,0.1132203697241131,0.1068879205567081,0.9326133271281772
73039,79.63742906444435,0.9820031973179328,0.1476651299666471,91.89455213473651,0.0066793340707567,85.29331235869357,0.0080187254041635,12.25712307029218,5.655883294249222,0.1409857958958904,0.1396464045624836,0.1309052264650253,0.9252077504658046
73040,93.4428411461583,0.9592221086312976,0.137289952124928,93.9201586575853,-0.0068727697619048,92.1253814495842,-0.0076129008871084,0.4773175114270032,-1.3174596965741046,0.1441627218868328,0.1449028530120364,0.109982534685383,0.8877479767901414
73041,96.61931885621772,0.9580873487605508,0.1543729067409043,87.1099025452493,0.008881829436021,92.96175565515529,0.0001939014832391,-9.509416310968431,-3.6575632010624446,0.1454910773048833,0.1541790052576651,0.1415916339747395,0.9476952291612036
73042,85.44650210727627,0.9852086927372418,0.114848022111156,86.7286296135066,0.0013295142446447,85.85024911736262,0.0070027397262424,1.2821275062303243,0.4037470100863487,0.1135185078665112,0.1078452823849136,0.1344407418743961,0.9615271422190218
73043,86.67051287798988,0.9810433300213476,0.1012708983730483,91.67791668374218,-0.0033794163093789,83.68268366733616,-0.0004114395401581,5.007403805752304,-2.9878292106537145,0.1046503146824273,0.1016823379132065,0.1535817103236937,0.882375215637826
73044,84.03402058835161,0.9704312862085656,0.0904211593866186,89.19299784311045,0.0086237819804924,94.4049133090709,-0.0106596229434914,5.158977254758838,10.370892720719295,0.0817973774061262,0.1010807823301101,0.1253097991953391,0.9646142226666072
73045,85.79049682383638,0.9635273000755123,0.0671404270197554,92.43862319450736,-0.0018365920663658,91.47991713522808,0.0004849380576382,6.64812637067098,5.6894203113917,0.0689770190861212,0.0666554889621171,0.1231946487774368,0.9171487667881876
73046,84.30901420038103,0.9762084430430736,0.1273877079354134,94.77592376799292,-0.0001314425667443,81.99586932839244,0.0011867721572306,10.46690956761188,-2.313144871988584,0.1275191505021578,0.1262009357781828,0.1163799442756119,0.9716660524927432
73047,89.91495921836572,0.9888216618763884,0.0726624941550471,84.56186842586315,0.0013892871487972,91.13045539649391,-0.005471248595114,-5.35309079250257,1.2154961781282054,0.0712732070062499,0.0781337427501611,0.1312080589868723,0.9127689146382528
73048,90.0121011959304,0.9904416338126676,0.0894218040533867,88.66444266501539,0.0031740089498687,94.81367867157864,-0.0053260020551468,-1.3476585309150124,4.801577475648244,0.086247795103518,0.0947478061085336,0.1286088676067507,0.926761716851081
73049,78.78006840109242,0.9631770370678576,0.1023292716847363,93.31170839043656,0.0010535297726511,89.87007686815276,-0.005938633854575,14.531639989344145,11.090008467060343,0.1012757419120851,0.1082679055393113,0.1204472027142309,0.9526393206412762
73050,93.3240009763673,0.9647348581522508,0.1225692573642497,89.82858194341415,-0.0080533063812149,88.86379279231417,-0.0012848199951816,-3.495419032953152,-4.46020818405313,0.1306225637454647,0.1238540773594313,0.0831289096718122,0.8933624510756797
73051,90.99719544630015,0.9888190480791909,0.0817896328827521,87.67303161287091,-0.0015777952321098,86.41821111034875,0.0029888345409028,-3.324163833429253,-4.578984335951418,0.0833674281148619,0.0788007983418492,0.1428474083778462,0.9742120080514102
73052,93.03950359149022,0.9813786592225148,0.1319652130989213,92.8187249807484,8.57395497090175e-05,89.55202921820803,-0.0169260478520731,-0.2207786107418172,-3.4874743732821827,0.1318794735492123,0.1488912609509944,0.1110729008213199,0.9479839483405912
73053,83.64688908529428,0.9210544988711972,0.0939271650446546,91.49255130578952,-0.0043305157744805,94.27417824992824,0.0003906344367724,7.845662220495257,10.62728916463395,0.0982576808191351,0.0935365306078822,0.1490865871252525,0.9455979855386152
73054,74.34013659107322,0.98565346090393,0.145894873767446,91.69241577969676,0.0020918066636557,90.22907400087212,0.005351378585915,17.352279188623555,15.888937409798912,0.1438030671037903,0.1405434951815309,0.1533921308769995,0.9171019559520158
73055,83.50183611997862,0.980766513588654,0.1587025112153379,92.07702271141795,-0.0051297466029399,83.80372406346305,0.0075129871021469,8.575186591439333,0.3018879434844308,0.1638322578182779,0.1511895241131909,0.1277164934285841,0.9713419970088938
73056,88.41679825462523,0.9700022112619918,0.0823567103992572,97.13229907604364,-0.0035609738362005,90.9545249094736,-0.0013674949980129,8.715500821418402,2.5377266548483703,0.0859176842354577,0.0837242053972702,0.1606193603346782,0.920379181759515
73057,83.52246386611895,0.966584752815544,0.1449493339047301,96.37485672723642,-0.0067350870026724,86.47725218676499,-0.0063698207508498,12.852392861117464,2.9547883206460317,0.1516844209074025,0.15131915465558,0.1474361713985541,0.7625881876395506
73058,83.4381818126411,0.9885766547869782,0.1108599275314692,95.2847287914816,0.0004856147364711,89.40635119139233,0.0018247780539177,11.846546978840491,5.968169378751227,0.1103743127949981,0.1090351494775515,0.1731540800766287,0.9158042930470266
73059,92.72393831150228,0.9536450838248496,0.1088163389217996,90.9471693199758,-0.0015671493108125,91.53423289456958,-0.0018007618071327,-1.776768991526481,-1.1897054169326822,0.1103834882326122,0.1106171007289324,0.1561465268797003,0.879518294353633
73060,90.82080128922512,0.9650869091053076,0.104850900190036,88.07765766293028,-0.000342374070241,88.58264701980427,-0.0135082777032636,-2.7431436262948523,-2.2381542694208605,0.1051932742602771,0.1183591778932997,0.1426562013997208,0.9450735184603678
73061,43.766393274771374,0.9717653321041244,0.1946921399192526,88.24577262438571,0.0084692058367367,91.7627894253872,0.0018633345170874,44.479379349614334,47.99639615061582,0.1862229340825158,0.1928288054021651,0.1243064752790721,0.8934225809561656
73062,83.69057078925279,0.98782328554829,0.1198898232180615,92.41428151534411,0.0030309287656638,82.86860044711118,-0.001570776804441,8.72371072609134,-0.8219703421416114,0.1168588944523976,0.1214606000225026,0.123029098114615,0.875499994278046
73063,91.64759494777942,0.981825459983052,0.0919170945403552,90.99259005818782,-0.0008111816483447,87.04968779599122,-0.0002361435655447,-0.6550048895916092,-4.597907151788206,0.0927282761887,0.0921532381059,0.1013681765571581,0.9495156929462382
