seed,native_minus_no_m,aligned_minus_native,aligned_minus_orth
166100,-0.006103620416329891,-0.0038959824467616477,-0.00698503138756662
166101,0.0012785462485655208,0.002422482533204734,0.004699197040043401
166102,-0.004327401088230265,-0.008751812121950975,-0.01321208110149208
166103,0.004733338156462541,0.041240102094110775,0.06284797970421407
166104,-0.013719378613689423,0.0022477825048218963,-0.0004807616797683073
166105,-0.010071575549131406,-0.02153417562030535,-0.032988715507373645
166106,-0.014005263415684754,-0.011380174989202962,-0.017150451821049018
166107,-0.013606496817411218,0.0006775023237690636,0.000213033159435827
166108,0.025701823405988172,0.02088536644361985,0.04133936377485556
166109,0.0114115008789471,0.006174463559470822,0.016199269085518497
166110,0.013506248262033616,0.0091945980683108,0.021268981744717252
166111,-0.004599474758745281,-0.013168453290280935,-0.01943610686286329
166112,0.005487778095314644,0.016376962880017,0.026086897158030475
166113,0.006531188153873324,0.001430764651624561,0.0052445231129694125
166114,0.012452805874909156,-0.0013308512142794493,0.003763471914978722
166115,0.012620669632702808,0.01505354278019233,0.026443149878257077
