seed,FULL_interaction_fraction,FULL_relative_rsa,FULL_shuffle_rsa_mean,FULL_rsa_over_shuffle,FULL_norm_congruence_beta,FULL_interaction_norm,R_interaction_fraction,R_relative_rsa,R_shuffle_rsa_mean,R_rsa_over_shuffle,R_norm_congruence_beta,R_interaction_norm,K_interaction_fraction,K_relative_rsa,K_shuffle_rsa_mean,K_rsa_over_shuffle,K_norm_congruence_beta,K_interaction_norm,M_interaction_fraction,M_relative_rsa,M_shuffle_rsa_mean,M_rsa_over_shuffle,M_norm_congruence_beta,M_interaction_norm,GH_interaction_fraction,GH_relative_rsa,GH_shuffle_rsa_mean,GH_rsa_over_shuffle,GH_norm_congruence_beta,GH_interaction_norm,R_amp_ratio_interaction
101000,0.7513210506763962,-0.0172801884994186,-7.749604723544942e-05,-0.0172026924521832,-7.35652513530191e-05,0.0249491826812703,0.7538608046893714,-0.0174644014035636,-0.0004951254306514,-0.0169692759729122,4.552942805461068e-06,0.024948349006534,0.3383968706191842,0.3307119172705041,0.0062735828415874,0.3244383344289167,-3.0431501432845027e-08,8.957054124570596e-07,0.0163867130946387,0.3189423357951333,0.000777965195493,0.3181643705996402,6.381459004743053e-07,2.955299223521944e-05,0.0171484585083341,-0.0004918674676242,0.0004306756525048,-0.0009225431201291,-9.189764553654237e-08,2.684367143867139e-06,752.9743826218107
101001,0.597123566830606,0.0361126091226604,0.0003120406171438,0.0358005685055165,0.000431358398084,0.0246314231151593,0.59871546887777,0.0365186608863607,0.0008531771545471,0.0356654837318135,0.0008428595431745,0.0246327550201737,0.1847710804076485,0.3906341087563556,-0.0027098974942882,0.3933440062506438,-3.165817258149461e-08,3.268978101439689e-07,0.0143426389498329,0.1843040589724508,0.0004219640288213,0.1838820949436294,8.975409611443362e-06,4.689324350453828e-05,0.0149124963963436,0.0991941819620802,-0.0016937803746809,0.1008879623367611,5.117448529751238e-07,2.4209136681114285e-06,496.2173956257689
101002,0.5333041106297739,-0.0086402458846718,-0.0009403753565299,-0.0076998705281419,0.002334812256726,0.0279080350538851,0.5338256675738919,-0.0088267143280225,0.0010266249043667,-0.0098533392323892,0.0019059272065004,0.0279174015868017,0.471505873466045,0.2272476060171199,0.0004254847065644,0.2268221213105555,5.254013359150244e-08,2.2788251110862286e-06,0.0247100993083041,0.2121893830523641,-0.002000001758871,0.2141893848112352,-9.2728554794752e-07,8.931662776681849e-05,0.026972712865916,-0.0115337622505797,-0.003125898688972,-0.0084078635616076,-1.7322977826189949e-06,1.261270058936654e-05,267.9003576750051
101003,0.6098421693274595,-0.0066815439862739,0.0003213516539244,-0.0070028956401984,-0.0003047309512729,0.0293990715035502,0.6123975672054737,-0.0074158197080375,-0.0007062839647169,-0.0067095357433206,-0.000429933816212,0.0294086529382225,0.4568400468006531,0.3211236901401615,0.0018320014829994,0.3192916886571621,-1.173651426982056e-08,9.474050141729672e-07,0.0250941817093765,0.2342448440921181,-0.0003892139220138,0.234634058014132,-3.026772897937303e-06,9.871843365246296e-05,0.0335224848833927,-0.0138256724491942,-0.0005348458633266,-0.0132908265858676,7.25327737841359e-07,1.1010213970951712e-05,265.7183034369357
101004,0.6652190736101341,0.026983917855312,0.0039091306102654,0.0230747872450465,0.0008753656884935,0.0227567959915047,0.6666964054031385,0.0269603738326405,-0.0012305352119884,0.028190909044629,0.0008330564173554,0.0227564842796597,0.2309524721729037,0.331214584363637,0.0004951342982543,0.3307194500653826,1.8589157522088784e-08,1.61656496503472e-06,0.0133249064444394,0.2556447130753295,-0.0012392770851861,0.2568839901605156,-1.7084347197169313e-06,3.7320068675132274e-05,0.0159266236392654,0.035483551227154,0.001493722545765,0.0339898286813889,5.886920500872732e-08,1.8766050219880172e-06,557.5760470144601
101005,0.587786709608404,0.0295457833135155,0.001615908903598,0.0279298744099175,-0.0019207493588907,0.022920028983359,0.588970855362405,0.0292779542845707,-0.00303059119386,0.0323085454784307,-0.0018479121206542,0.0229203298268803,0.3903080153028114,0.1957402263584428,0.0003090698689936,0.1954311564894491,-5.872474601832066e-09,2.916980002568162e-06,0.0159487273356598,0.2896179763082929,0.0003671104708449,0.2892508658374479,3.997642136800296e-07,2.7970337054946817e-05,0.0168369729351413,0.0019029947027188,0.002500586325557,-0.0005975916228382,-3.61738567206482e-08,4.264822040104183e-06,652.0322920484987
101006,0.6296485613246819,0.0044266048169633,0.0009512766697009,0.0034753281472623,-0.000879662087985,0.0248060845722112,0.631471166655673,0.0040555625325228,-0.0027914222837742,0.006846984816297,-0.0005749975224064,0.0248046187715296,0.3391933075366841,0.1632117726322495,-0.0029940731220609,0.1662058457543105,-5.503766501196804e-08,1.3682803233471465e-06,0.0144396899283346,0.2462258451693391,0.0017215238873198,0.2445043212820192,-2.975470813213779e-06,4.561174385282151e-05,0.0188932396366048,0.1313208650896507,-0.0014764905286994,0.1327973556183502,6.808467980971162e-07,4.637886664579768e-06,480.54286519995486
101007,0.6709962959599398,0.0089829523040399,-0.0037854897636598,0.0127684420676997,0.0005187029719427,0.0287430373015029,0.6778527576675412,0.0089718827963147,0.00295289220482,0.0060189905914947,0.0001908978078198,0.0287497550930783,0.4838488169029604,0.2833452644818128,0.0013901004564802,0.2819551640253325,-1.231840217848596e-07,2.868747377850665e-06,0.0168899030193153,0.1358546263225422,0.0032663252870111,0.1325883010355311,1.3048454901444291e-06,9.83382259556491e-05,0.0156589440375421,0.0196333259647469,-0.0012735197246433,0.0209068456893903,-7.114743571214931e-08,4.459860420390151e-06,272.0792709637508
101008,0.5338946631698953,0.0925830813151532,-0.0034011231429661,0.0959842044581193,0.0029680792945539,0.0278771908547772,0.5402484129473495,0.0919795056311815,-0.0041038572032317,0.0960833628344132,0.0026548749645948,0.0278857919452864,0.5940393293990353,0.2304455673806761,-0.000884205617358,0.2313297729980341,-1.442197780823059e-08,1.0233228405675784e-06,0.0133939942011109,0.1834819124042363,-0.0015535016795974,0.1850354140838338,-4.996019155040073e-06,6.833119450152652e-05,0.0161097558977341,0.059232647999036,0.0015788037188394,0.0576538442801966,2.4919972497200455e-07,4.47171160357854e-06,377.7220148333639
101009,0.6798460534728475,-0.0353461048659802,-0.0015551184384618,-0.0337909864275183,0.0003333095682918,0.0269258423673766,0.6843572131967172,-0.0354584484596413,0.0011824005014774,-0.0366408489611188,9.47921702708835e-05,0.0269306205906423,0.6691779157829787,0.1798349939012005,0.000108243731245,0.1797267501699554,-1.7215072028600122e-08,5.512580752106226e-07,0.0214066057002112,0.0546588343321466,0.0001355611821085,0.0545232731500381,-4.403049122292158e-06,8.105743189325569e-05,0.021229607950516,-0.0221023990289951,0.0019782168254676,-0.0240806158544628,-8.81626425715049e-08,5.678842583850367e-06,308.52768777938167
101010,0.597079214443592,-0.0242368105614287,-0.0007030666472296,-0.0235337439141991,-0.000209401793103,0.0283591188009889,0.5976869348435526,-0.0245830283023126,-0.0006556780547154,-0.0239273502475971,-4.426719120826948e-05,0.0283686835799322,0.3398005419024937,0.1136745477556825,-0.0002119951998346,0.1138865429555171,3.1483782347026754e-08,4.000284673373387e-07,0.0245984613236741,0.2087948306249889,5.306405615110896e-05,0.2087417665688378,5.462072062614929e-06,4.20237057692642e-05,0.0187930796927147,0.1445891240830347,0.0003699900877254,0.1442191339953092,2.6796509616159857e-07,2.2292818691051017e-06,635.3139396483317
101011,0.562568532013658,0.0090005250189892,0.0033129944197293,0.0056875305992599,-0.0003120590032289,0.0241385268024586,0.5645735894593361,0.0087064495155947,-0.0018538278056317,0.0105602773212265,4.424683302234794e-05,0.0241402531701936,0.4424845412257847,0.1928440552447536,-0.0029573299591159,0.1958013852038695,1.3640352945162536e-08,3.329432134665628e-06,0.0179988223894854,0.3322546902654291,0.00052337380807,0.3317313164573591,2.036354099644288e-06,4.592619188293967e-05,0.0155298499107175,0.0218181992334334,0.0016932174392263,0.020124981794207,-3.361820675921235e-07,5.751591264981174e-06,438.8561217967486
101012,0.6014452038809218,0.0118808268176724,-0.0002918753604357,0.0121727021781081,-0.0017139644986839,0.0269404186085669,0.6012323001199028,0.0114010035412961,-0.0025407071745601,0.0139417107158563,-0.001664008894513,0.0269371940223097,0.3390525690907629,0.2344945811140346,0.0015100221963567,0.2329845589176779,5.967053236998206e-08,2.369673791983738e-06,0.0206621721289732,0.2548489154743562,0.0005992998434203,0.2542496156309358,5.017125503266911e-06,7.547891460025442e-05,0.0180533792150094,0.0133209290302521,-0.00097586317611,0.0142967922063621,-7.523844121101065e-08,6.8605054778691575e-06,317.9964841000085
101013,0.8399327747340803,0.0555845344834964,0.0006914788201143,0.054893055663382,0.0004924303934727,0.0270816221715354,0.8421147632897713,0.0553089956338615,-0.001315882252491,0.0566248778863526,0.0005027872698038,0.027083054149575,0.0748948548357575,0.2018978834343662,-0.0009805573073721,0.2028784407417384,-2.4327053071817485e-08,5.552361996841671e-07,0.0176732201575887,0.1038570913476104,-0.0011579039292197,0.1050149952768302,-2.298384369936552e-07,2.33420159581076e-05,0.0274409247744128,-0.0011061419148452,0.0022610168190927,-0.003367158733938,5.893931805771098e-09,3.4660580633805352e-06,989.7579616529652
101014,0.6574825894557753,0.081495033406463,-0.0036550413451239,0.085150074751587,-0.0010457180357828,0.0223847481786582,0.659818503622667,0.0815183426131529,0.0028558609642688,0.078662481648884,-0.0011322289219594,0.0223891086594752,0.4315209465824322,0.251566341308747,-0.0003079047763776,0.2518742460851246,-8.811247265966196e-09,1.0862757130541836e-06,0.0158052280108147,0.1752246975423967,0.001768657446584,0.1734560400958127,-5.0460102461127305e-06,4.9649236872508816e-05,0.0142692054429436,0.0920364524407717,-0.0038519341099662,0.0958883865507379,7.594750669438593e-08,1.9807221739174957e-06,424.7099353965911
101015,0.6363577606146518,0.0092105615918984,0.0010413488206688,0.0081692127712296,-4.373152065434218e-05,0.0284596801821011,0.6378254816409136,0.0089644684582243,0.0030333559845801,0.0059311124736441,-9.895236852192229e-05,0.0284590187451146,0.3721406944489448,0.2572829284236915,0.0002825243375917,0.2570004040860997,-4.1852856568507826e-08,3.9447395620118846e-06,0.0175644072931235,0.0794923222713224,-0.0030968550103523,0.0825891772816747,9.013679019808832e-07,5.734632196322871e-05,0.0233994480777863,0.0064966064401733,-0.0005840234836333,0.0070806299238067,1.8141009660750454e-07,3.5395278221820164e-06,438.97516637039536
101016,0.4944602138485059,-0.0127115439176294,-0.0031218049154046,-0.0095897390022247,-0.0006760742806556,0.0215911922102853,0.4955829553829429,-0.0120880764585724,-0.0016348459866184,-0.010453230471954,-0.0005197667449905,0.0215935335251353,0.4899957411976201,0.2334083724481663,0.0015742484108282,0.2318341240373381,2.369628669612466e-09,2.056937257871948e-06,0.0144729757660798,0.1224513168162201,0.0019873343836159,0.1204639824326041,-2.1454635184440787e-06,2.943480980781475e-05,0.0182583166677132,-0.0051818232119934,0.000513608424691,-0.0056954316366845,4.6025309796829764e-07,5.186568141860063e-06,588.7275193082911
101017,0.5894645495769398,0.0399659676349164,-0.002193733542986,0.0421597011779025,0.0003294317532584,0.02366976542399,0.5926224968490192,0.0396291368453917,0.0028018330164304,0.0368273038289613,0.0002435867657889,0.0237020006693232,0.1909560300893011,0.2932839368521261,-0.0022636566296867,0.295547593481813,-4.6238671404757856e-08,1.8139715261189208e-06,0.0352521739310509,0.2168480282490417,-0.0006105911787716,0.2174586194278133,-1.4145620451463737e-06,0.0001613849977627,0.0380743527479222,0.1060833689344124,0.0003444859815073,0.105738882952905,-1.311140494630086e-07,6.1340541124200375e-06,139.9727010898561
101018,0.6702928615965728,-0.0045554726026297,-0.0027121688717351,-0.0018433037308945,-0.0005824745231456,0.0218979584052335,0.6760209158021564,-0.004497662457894,0.0032095081346106,-0.0077071705925046,-0.0005049483961605,0.0218964662717741,0.3361168488243675,0.3052478636797359,-0.0036687665447308,0.3089166302244667,-1.6889429384581894e-07,1.4115174005618613e-06,0.0207185748820384,0.3910043246293566,0.0008385020091334,0.3901658226202231,8.699882135974675e-06,6.644050681056733e-05,0.0235144763452851,-0.0150577709498566,0.0007452650753596,-0.0158030360252162,2.827800972055592e-07,7.362857573404415e-06,291.118801917542
101019,0.6421590507318545,0.0326516624861801,-0.0015496322388248,0.034201294725005,0.0018415186439877,0.0225326092687291,0.6625989283153407,0.0323503163874768,-0.0031754154842135,0.0355257318716904,0.0018593080356703,0.0225558908029108,0.5652780536536124,0.3086288080486333,0.0054431285408638,0.3031856795077695,8.160279988606922e-08,7.68590407918609e-07,0.028921814325562,0.0726601084794441,-0.0008341045804568,0.073494213059901,-1.1811907418240795e-05,0.0002193434386434,0.0245171686973691,0.0252076570408899,0.0033595395521638,0.021848117488726,6.416704977732524e-07,1.358573670761631e-05,96.51735749190367
101020,0.7080013412400187,0.0048080879933622,-0.0013192755143718,0.0061273635077341,0.0010741042307387,0.028286083049637,0.7165254895938774,0.00534933026251,-0.0010454367897197,0.0063947670522298,0.0008808072726562,0.0283000478730366,0.4613558750845383,0.168632619942108,-7.967666267623733e-05,0.1687122966047843,-1.8690017476792413e-07,2.754584628240201e-06,0.021448794112536,0.2420184231030107,-0.000967029994676,0.2429854530976868,4.839321788689411e-06,0.0001318932926768,0.0237906779792164,0.1850842923390921,0.0044441708649266,0.1806401214741655,-1.6580633798280145e-07,2.761762709163985e-06,205.95387536060232
101021,0.6798464442093451,0.0883810097546686,0.0010817564162359,0.0872992533384326,-0.0035194735783827,0.0234360969155885,0.6811939549084572,0.0887420985419695,0.0016967022837172,0.0870453962582522,-0.0036052703174681,0.0234334816234989,0.1275402379554747,0.2534006233830476,-0.0024912603977762,0.2558918837808238,-1.7653432747556496e-08,4.1480260389382045e-07,0.0188593906004523,0.226526023037842,-0.0039030054928842,0.2304290285307263,4.916297490173548e-07,6.571367346720281e-05,0.0202957550950266,0.006052043670813,0.000386434085791,0.0056656095850219,-3.937898730922291e-07,5.45719828289448e-06,327.3487584581938
101022,0.7315709710751781,0.0366988843806037,0.0023498670027911,0.0343490173778126,0.0024311056380204,0.0239877022592485,0.7358502266951312,0.0364412138001456,0.0039012346535812,0.0325399791465643,0.0022557501767233,0.0239889734842334,0.4325154811007506,0.2325570528235918,-0.0025253702669289,0.2350824230905208,1.955466509085406e-07,1.6695572777161884e-06,0.0168069532136972,0.1887037168509439,-0.0014981686608333,0.1902018855117772,-4.599475957861725e-06,5.4900574168407365e-05,0.0181275775255434,-0.007577987171237,-0.0021069142230633,-0.0054710729481737,-1.9377424843144425e-07,3.7184107578804376e-06,397.90269604897327
101023,0.6895831454988428,0.0420812574341121,-0.0008752323315133,0.0429564897656255,0.0004323790496317,0.0220454941778061,0.6940879622736764,0.0425429183740635,0.0015906832465768,0.0409522351274867,0.0006294218692729,0.0220460992263987,0.4471671872211359,0.4058086352455425,-0.0021074433331456,0.4079160785786881,6.541777612426948e-08,1.2695574682695877e-06,0.0166304741078852,0.0644587042399289,0.0005438814001592,0.0639148228397697,4.425577428465269e-07,7.939023514757078e-05,0.0156826599370677,-0.0256169414786257,0.0007562836310592,-0.0263732251096849,1.440993904895133e-07,5.122003976124383e-06,257.0020692269667
101024,0.6737192838233851,-0.0177741161146958,0.0016777057374724,-0.0194518218521682,-0.0007814842822896,0.0260901137177319,0.6748404012182933,-0.0178152736572968,-0.0004644041756661,-0.0173508694816307,-0.0008124177454257,0.0260954671878512,0.4825711692031857,0.2442154676829592,-0.0042822420375689,0.2484977097205281,-3.631344066252464e-07,4.0340038812400735e-06,0.0150380389926357,0.0592709555083106,0.0011938957000329,0.0580770598082776,-1.0814818654296286e-06,3.612554933265751e-05,0.0120820363479823,-0.0579151916021568,-0.0023746059295086,-0.0555405856726482,-9.373423444509834e-09,4.218664871365024e-06,588.0242225392353
101025,0.7459213638604163,0.0357366610393133,0.0007050273932912,0.035031633646022,0.0001603402420342,0.0247701405372543,0.7530221793049868,0.0345911948321008,-0.0008794184005913,0.0354706132326921,0.0003132123859682,0.0247741965933603,0.2079407072390797,0.1233195190578278,-0.0026178876568034,0.1259374067146313,-2.68757891875829e-08,5.402910645373634e-07,0.0133116390403973,0.2723916924619022,0.0036477166184381,0.268743975843464,2.755020170589043e-06,6.083446022472121e-05,0.0171050185121451,0.1395636559324808,-0.0007202120389761,0.140283867971457,1.7998400622544086e-07,4.9253107883712645e-06,373.6677737040256
101026,0.8414082299226326,-0.0293850845583532,-0.0001947191055816,-0.0291903654527716,0.0003130149126782,0.0269288967022327,0.8452332367543947,-0.0298864582352252,0.0011214269151676,-0.0310078851503928,0.0002454748684282,0.026923902871352,0.5883594138994735,0.1548940915171408,0.001259373757134,0.1536347177600067,8.473457075254703e-08,1.936847421952767e-06,0.0242715256771978,0.3859466560866024,0.0003618742646904,0.385584781821912,1.0176601385421344e-05,9.82299812901026e-05,0.0310142102498348,0.0902110492416338,0.0017479024212729,0.0884631468203608,3.719509613588541e-07,5.029035099579268e-06,255.9406985744841
101027,0.73701619047275,0.0021769837700708,-4.896332034231914e-05,0.0022259470904131,0.0005386107716563,0.0261232913897248,0.7387979295494043,0.0018053834574019,6.544462021107456e-05,0.0017399388371908,0.0003093155428928,0.026125085443547,0.5294441053398113,0.2062161911179579,-0.001594516679054,0.2078107077970119,5.897150137686223e-10,1.6725899756813311e-06,0.0267492986328347,0.2479770508174766,0.0019287592185576,0.2460482915989189,-1.290551575594607e-06,7.645500316385684e-05,0.0266859122707888,-0.0379181775875262,-0.0006994984577219,-0.0372186791298043,-4.1267137618903617e-07,9.247137837219989e-06,299.0004678835271
101028,0.7148294665426669,0.1786238038069066,0.0007967022360093,0.1778271015708973,-0.0001316810402433,0.0293628114549191,0.7181780466212266,0.1788597824332804,-0.0005221140180949,0.1793818964513754,-7.262495162057519e-05,0.0293600974751319,0.51796774446063,0.2867654791573467,3.570094737202919e-05,0.2867297782099747,7.82678545981713e-08,3.5990030080467423e-06,0.016531936625626,0.2730087706339595,-0.0015813810204701,0.2745901516544296,3.12781286258928e-06,6.555291062694936e-05,0.0173045021233324,0.0810275466162318,0.0004564417395325,0.0805711048766992,-2.491132629935542e-07,3.3032307481959968e-06,405.2175690859232
101029,0.818023692193576,0.1297645732725744,-0.001944647354786,0.1317092206273604,9.76455316061194e-05,0.0220823236609849,0.8218025478444112,0.1296353953212461,-0.0003701207848341,0.1300055161060802,-2.9217904701956703e-05,0.0220846890986436,0.3387347469664417,0.178450572028191,0.0005012415367342,0.1779493304914568,1.0936249157591605e-07,1.0474585860538392e-06,0.0210486327095023,0.0184676517034004,0.0029191084496176,0.0155485432537827,5.456927614945351e-06,6.232992702849029e-05,0.0201506979589355,0.1288827273664228,-0.0004001177579644,0.1292828451243872,6.09488416000336e-08,4.541995823936859e-06,325.16033907526065
101030,0.6449226783277651,-0.0242805135673334,0.0014902808931837,-0.0257707944605172,-0.0008662985079238,0.0277542853675921,0.6447543509548619,-0.0244397859706575,0.0002441674576872,-0.0246839534283447,-0.0006165354734635,0.0277543479577799,0.3791738684326017,0.3101622719379462,-0.0002934513407146,0.3104557232786608,2.0184336438156887e-08,6.275138365410638e-07,0.0149375220074457,0.1838234418277485,-0.0014899423325547,0.1853133841603032,-2.5136397837181213e-06,4.011487604863103e-05,0.0172821211056449,0.0187842203880671,0.0018098077220309,0.0169744126660362,-1.1425529540057252e-08,3.189760446301295e-06,631.7548252871355
101031,0.6166973523486269,0.0360542663712122,0.0037125918819914,0.0323416744892207,0.0008349831017079,0.030263575253047,0.6252135190982872,0.0324990107036084,0.0023471657778635,0.0301518449257448,0.0011438202030875,0.0302413474720444,0.74608458107956,0.3106751326683958,-0.0041753975905,0.314850530258896,-5.20442665417363e-07,6.659185831019767e-06,0.0282531973676279,0.1631564982976485,-0.0027482206706146,0.1659047189682631,-8.066731637167162e-06,0.0001898636325568,0.0316211003783212,0.0177165997245479,-0.0006211684858583,0.0183377682104063,1.033534385914661e-06,9.362236150437502e-06,146.88461743724147
101032,0.723929631249381,0.0433076195682141,-0.0014432077507327,0.0447508273189468,-0.0002977590785663,0.0249740161958223,0.7316098676941156,0.0434104124044412,-2.145686225611221e-05,0.0434318692666973,-0.0007853704740277,0.0249704783845898,0.0633652237533298,0.3860417361377364,-0.0012440050406909,0.3872857411784274,-1.915228798956454e-09,9.120002555047997e-08,0.0306840595305736,0.3089384476749676,5.285177973729342e-06,0.3089331624969939,-4.939639801021425e-07,0.0001926560728405,0.0328160560850209,0.1137355738793149,-0.0009937127165073,0.1147292865958223,-2.3096123638241652e-08,7.768237932992225e-06,124.53140550054886
101033,0.7271435154477908,0.0290139687629262,5.101027247207495e-05,0.0289629584904541,0.0007201679250823,0.0256248552480863,0.7268678553987192,0.0301554239871606,0.001264797115271,0.0288906268718896,0.0009563922744665,0.0256219284168587,0.3641775921913768,0.2061648103152164,0.0023149991248227,0.2038498111903937,-1.1789362101726946e-07,2.413355320885733e-06,0.021276172194135,0.1935129294146856,-0.002282836094209,0.1957957655088946,-5.492351804578982e-06,8.868192527780488e-05,0.0237517920908731,0.0988131204641319,0.0009227249360508,0.0978903955280811,-9.325198697439069e-08,4.115244081111519e-06,269.1081527253153
101034,0.5725768767543737,-0.0223591211312438,-0.0003529024157453,-0.0220062187154985,0.001078749080754,0.0236023331642954,0.5732193424686259,-0.0226338968360377,0.000621107562771,-0.0232550043988088,0.0009844211226877,0.0235938671273397,0.4319770923899522,0.3512910086275204,0.0030787307860762,0.3482122778414442,-9.523654622466955e-08,2.585112096675898e-06,0.0288884054358495,0.1950931148400217,0.0010409724315873,0.1940521424084344,-1.3806252066096948e-05,7.252143944020033e-05,0.0366961703166621,-0.0107337886383042,-0.001134503973894,-0.0095992846644102,-1.0313812264522358e-06,1.3725488728444838e-05,265.6008694228411
101035,0.5909316787948589,-0.0247129602771771,0.0008352683299511,-0.0255482286071283,-0.0002998678536367,0.0287432912298423,0.5912660740668298,-0.0247440895948528,0.0026689335662671,-0.02741302316112,0.0002010342774588,0.0287334860681632,0.4956070420385829,0.3064092918483195,0.0005989501446256,0.3058103417036939,6.433604269025462e-08,8.434074140716688e-07,0.0209593634764859,0.0396842432508065,-0.0009569706232839,0.0406412138740904,6.795637633227199e-06,0.0001356576637137,0.0185205145851781,0.0178751699925851,0.0034713933936284,0.0144037765989567,-2.0753742251854522e-07,7.195246810721861e-06,199.9597935436457
101036,0.5845471625568227,-0.0014247100380661,0.0007177371553799,-0.0021424471934461,0.0003433022497518,0.0247626733295663,0.5880123328643966,-0.0031159347391769,-0.0031275814952899,1.164675611297402e-05,0.0004759581393139,0.0247642014454434,0.3878652781565666,0.2719443003508019,-0.0014711557164283,0.2734154560672303,-2.257344709720152e-09,1.31316293668694e-06,0.0135631611177095,0.2541525151923708,0.0022863146779369,0.2518662005144338,-3.1169996546910554e-06,6.346158501238586e-05,0.011194317529916,0.1279762408584479,2.041668777311395e-05,0.1279558241706748,2.4943916863595624e-07,3.272503547552425e-06,363.92654957280155
101037,0.7036255118239395,0.04614102118625,0.0012134013688399,0.04492761981741,0.0005456574392959,0.02748732087418,0.7082263475980598,0.0462413953111558,0.0022315471874187,0.0440098481237371,0.0004718606578324,0.0274817808881392,0.2329953320726125,0.2591395209475201,0.0014667152308772,0.2576728057166428,3.4639070856003925e-08,1.4677527331580556e-06,0.022209509733983,0.1530675059671522,0.0002609618466641,0.1528065441204881,-7.032226562436756e-06,8.841163688135284e-05,0.0214612298481562,0.0541169013543072,6.112870487216186e-05,0.054055772649435,7.346481701979901e-07,5.592541676956406e-06,287.85194261915495
101038,0.7103326798204423,0.054653749696645,-0.0008168833218002,0.0554706330184452,0.000916503544006,0.0269065173302999,0.7118677249929198,0.0548445528191581,-0.0011606404576159,0.056005193276774,0.0008943445596285,0.026906301019349,0.326147031888872,0.418534799182291,-0.0021402619553693,0.4206750611376604,-2.770181521985791e-07,2.256550764686956e-06,0.0241167600695395,0.3065279040367237,-0.0005301157431094,0.3070580197798331,1.5763078509140052e-06,7.486292378318222e-05,0.034239887021294,0.1030062699581157,0.000399253212349,0.1026070167457666,-2.606793959299603e-06,9.333175588821728e-06,311.2258672984117
101039,0.6298307496351943,-0.0113152001431716,0.0004508198853398,-0.0117660200285115,0.0019853977122598,0.0267579086744448,0.6354994544271405,-0.012373296562257,-0.0036417846012216,-0.0087315119610353,0.0015201148594439,0.0267620163597442,0.1406249136364543,0.2850076051043718,0.0033813910534736,0.2816262140508981,3.8475025287204636e-08,1.279347771165273e-06,0.0241973994391921,0.3057069188550918,0.0001443177336999,0.3055626011213919,-1.658164964964142e-05,0.0001318922062884,0.0267826897757331,-0.0078900353431848,0.0028770957390084,-0.0107671310821933,-1.0419085470765755e-06,9.190040526982688e-06,187.9862081994761
101040,0.7692655573508717,-0.0055700550830621,-0.001049894466017,-0.004520160617045,-2.4907825424856663e-05,0.0251178077795376,0.7837911743653091,-0.0061122423655273,0.0030012888020189,-0.0091135311675463,-0.000422068692883,0.0251305342746122,0.2522757876979967,0.1673196203227932,0.0008683974370377,0.1664512228857554,8.727346026790511e-09,6.232767603725643e-07,0.0169092452970865,0.0839050212122493,-0.0010175151017929,0.0849225363140423,-1.4839902529496032e-05,8.008042922965958e-05,0.0170847619446763,0.0023899545339921,-0.0008154892727019,0.003205443806694,-3.894121334487298e-07,5.191648190394465e-06,292.57151931095063
101041,0.6426934799351699,0.0106931699055719,-0.0008512765482231,0.0115444464537951,0.0005473098866797,0.022769328535868,0.6612216175399951,0.0091932241865605,0.0007498885285555,0.008443335658005,0.0004641094870094,0.0227763916538729,0.393925362606325,0.1696365308988829,-0.0015790932982387,0.1712156241971216,6.908580706513162e-09,5.264072076368187e-07,0.0246608392202109,0.2960526438121715,0.0006260502130022,0.2954265935991693,9.759315206420677e-06,0.0001975449494235,0.0162194130609395,0.130836405294597,-0.0007073521507802,0.1315437574453773,7.74740038221437e-08,6.984279114643354e-06,111.07420467096595
101042,0.5902199155951828,-0.0118088398472361,0.0004463640402982,-0.0122552038875344,-0.0005188337720554,0.023794851780009,0.5911242232179753,-0.012174822828664,0.0041589924717861,-0.0163338153004502,-0.0005574651675335,0.023793701233693,0.3976933586288081,0.3695372694245581,-0.0001506793304503,0.3696879487550085,1.5749003740217597e-07,2.8318529091517825e-06,0.0150744145561599,0.1792356372741496,-0.0006501546711782,0.1798857919453279,-2.04216277657752e-06,3.166582613475801e-05,0.0134741527817955,-0.0155005045268917,-0.0021803844685715,-0.0133201200583202,2.1785472518061293e-08,2.670295220658202e-06,640.1667484938835
101043,0.5682105773851236,0.0262895748745353,0.0008637263828436,0.0254258484916917,-0.0010857159736109,0.0261929287528781,0.5713135650723712,0.0268452542312638,-0.0023154499354973,0.0291607041667611,-0.0017029370247639,0.0262012203976913,0.4167159431710184,0.238555511096201,-0.0028766658572131,0.2414321769534142,-1.9319708629679746e-07,2.767087411486224e-06,0.0186309527763246,0.2252805097631387,-0.0007407932237643,0.2260213029869031,-2.1952118161194363e-05,9.411220362881757e-05,0.0291916872782763,0.1238058553478269,0.0011487257269775,0.1226571296208493,-4.189460782618493e-06,1.1126732476562926e-05,242.59036250285624
101044,0.5693158234129936,0.0439772122935638,-0.0010448302936329,0.0450220425871967,0.000289606534085,0.0224233172579294,0.5717624270258239,0.0436839234992541,-0.0013247442519223,0.0450086677511765,2.102785100882099e-05,0.0224305649809953,0.3938577050836171,0.3236358900111686,0.0005362953670339,0.3230995946441347,1.7628702342911776e-09,3.07301999788962e-07,0.0261363427925263,0.2278502001922159,-0.0021962580882157,0.2300464582804316,1.1225677297263354e-05,8.945735644350032e-05,0.021795413440322,0.1748073162526799,0.002764161661755,0.1720431545909248,-1.8545418012043065e-07,3.6089411343712615e-06,240.22384359402528
101045,0.6565311027316646,0.0760417958929639,-0.0002786718521141,0.0763204677450781,0.0020993368522175,0.0233650558500579,0.6587606640659196,0.0773571606254421,-0.0007953009858512,0.0781524616112933,0.0019912782560696,0.0233686715819414,0.3731924194118027,0.2522404340698426,-0.0034258822945643,0.2556663163644069,2.267148430729709e-07,2.6420193733915936e-06,0.0248578026744523,0.2620940688332441,0.0005792480829435,0.2615148207503006,1.4261533452728482e-06,6.895948335360565e-05,0.0263313561628591,0.1238522875421189,-0.0016407238726995,0.1254930114148185,3.152056136020754e-08,9.70064400845093e-06,287.42994521035325
101046,0.5385699242285741,0.2002027205629519,-0.0020867559077982,0.2022894764707501,-0.001706890207806,0.0228282447132026,0.5405117780091354,0.2005542222665731,-0.0024654132821664,0.2030196355487395,-0.0016284661879089,0.0228296118372334,0.592116749339146,0.2011917440887803,0.000570312170154,0.2006214319186263,2.2931116321593894e-07,4.658716754697966e-06,0.0159499699363018,0.3415042902288397,-0.0019999355139416,0.3435042257427814,1.704972904358411e-06,5.287978243532009e-05,0.0222228704082294,0.2104106352399962,-0.0002565051479178,0.210667140387914,-3.4360616553141894e-07,3.873809192434301e-06,371.7432618667836
101047,0.732053852328078,0.0705106512626721,-0.0044091764500205,0.0749198277126926,0.001153563188811,0.0233804676495388,0.738769549718371,0.0704291622141269,-0.0011659263804864,0.0715950885946133,0.0009486829701537,0.0233902749812526,0.3326696491108979,0.4047599851068245,0.0001018340231677,0.4046581510836567,-2.3423659102932912e-08,1.961240473159565e-06,0.0350058077201304,0.1973898382380122,0.003301781801793,0.1940880564362192,-3.1715804112917063e-06,0.0001401180513631,0.0513135847508917,0.0625309065718141,0.0025740530194032,0.0599568535524108,1.3791017753869118e-06,1.4497291648210675e-05,149.38552407118488
101048,0.576284274084163,0.0288982431800824,-0.0009456491997639,0.0298438923798463,0.001198555439987,0.0230182339227821,0.5852556388272828,0.0285169015023792,0.0030010279763469,0.0255158735260323,0.0013197060457145,0.0230355684755542,0.1892064377451142,0.3764048297621679,0.0005620868332399,0.3758427429289279,2.5525526042913946e-08,9.696463138330143e-07,0.0216943715077551,0.1794746236155707,0.0016131538356448,0.1778614697799258,2.0721533160803782e-05,0.0001514263302547,0.0202527843179536,0.0301987936124858,-0.002783744934205,0.0329825385466908,2.2951398981052658e-07,7.739224289457312e-06,143.8507483175954
101049,0.6254141049088077,-0.0101383724124571,-0.0006433247381514,-0.0094950476743056,-0.0007958632078866,0.0231812358720562,0.6258334603549734,-0.0113893742305974,-0.0039620703835199,-0.0074273038470774,-0.0007281278335513,0.0231799309726143,0.4313544262349761,0.1885040299858006,-0.0021715536841157,0.1906755836699164,-9.41245281359247e-08,1.7110480748106996e-06,0.011692462548935,0.2587519526764555,0.0002865542177585,0.258465398458697,2.343156819174843e-06,2.172101746508513e-05,0.0145863312479542,-0.0083992575639456,0.0002413593931165,-0.0086406169570621,1.3719947608233784e-07,2.0568396982212583e-06,909.4125759877958
101050,0.779317863270418,0.0834973087321532,-0.0013410747981205,0.0848383835302737,-0.0006580760203247,0.0246412687952792,0.7825099859464271,0.0836484436337631,-0.000608606406045,0.0842570500398081,-0.0006723183713745,0.0246438026540926,0.7798709863426776,0.2489440666279652,-0.0001380230028988,0.249082089630864,3.428382361585028e-07,4.12381645146006e-06,0.0179451695828509,0.2686181228648871,0.0011268912851933,0.2674912315796937,-5.5473099385541444e-08,4.605895531612822e-05,0.018836007633679,0.214117784943127,0.0007954150641134,0.2133223698790135,-1.1419423229294063e-07,2.1117658106114702e-06,471.2500348008569
101051,0.6006487748742056,-0.0081612528965017,-0.0037905005256008,-0.0043707523709009,0.0012198092975969,0.0247042525583994,0.6073363354385362,-0.0080233949670221,0.0019478834493665,-0.0099712784163886,0.0012369343288809,0.0247081985182854,0.3265915156005027,0.3124653754509878,0.004602146803023,0.3078632286479647,-7.434044305411305e-08,1.4389220573573875e-06,0.0157101555800516,0.0354923836628176,0.000666704909954,0.0348256787528636,4.72393036831788e-06,6.982883421276375e-05,0.0145710217946374,-0.0237992383503062,-0.0010859867160486,-0.0227132516342575,-9.256942937559156e-09,1.904866993234073e-06,337.6699838820946
101052,0.5833956636448506,-0.0074879805211092,0.002951811242653,-0.0104397917637622,0.0001875789306971,0.0235758197319942,0.5866486357504122,-0.0061715103261958,0.001699423584672,-0.0078709339108679,7.521690691561072e-05,0.0235892772289805,0.4807823132285224,0.151712513560772,-0.0027819429771105,0.1544944565378826,6.659692628614588e-08,1.2851069585181678e-06,0.0210096110730443,0.2526288522101702,0.0017685889811538,0.2508602632290164,2.888268376490153e-06,6.479352897721013e-05,0.0222907386252779,-0.0206970959146071,-0.0012091266651224,-0.0194879692494846,-1.93651759835032e-07,7.973833844551642e-06,318.54814969241903
101053,0.7830425730766459,0.0310155724364475,0.0032915720622807,0.0277240003741668,0.0010917555976661,0.0232800578829074,0.788719976092054,0.0306278256910717,-0.0003721499925933,0.0309999756836651,0.0011733799416078,0.0232895237123048,0.223048703608741,0.2304201393802886,-0.0012630928353179,0.2316832322156066,-5.870666524172796e-09,2.784631190092371e-07,0.0213502506080262,0.1765891979088889,0.000882220745526,0.1757069771633629,-7.478737606991889e-07,5.497629425310158e-05,0.0264628349399213,0.1261802512548909,-6.788291648918208e-05,0.1262481341713801,3.3882918592515065e-07,5.460590030919907e-06,383.58544763524935
101054,0.6709269660101875,0.0224338359371387,0.0003472173213321,0.0220866186158066,-0.0004257579097531,0.0242305164691602,0.6705816865345399,0.0221716981483799,0.0011701599135351,0.0210015382348448,-0.0004067452533988,0.0242275846454425,0.862156269173442,0.2064312201560448,-0.001856137143029,0.2082873572990738,2.4655389240076745e-08,1.5043155310701227e-06,0.0241747273548001,0.1289459787413302,0.0035835042844578,0.1253624744568724,-2.7252872861449843e-06,4.983847493017321e-05,0.0234087082516244,-0.022130714820004,0.0004289788776992,-0.0225596936977033,3.84721175505625e-07,6.995459650493822e-06,415.2950182534327
101055,0.6136193398413274,0.0249635600289155,0.0018429193951876,0.0231206406337278,-0.001521386078648,0.0237554761255671,0.6179794357717533,0.0237209288347668,0.0006223818775859,0.0230985469571809,-0.0018091682023461,0.0237475092972683,0.4313526074250793,0.2537439962781437,-0.0037294328341555,0.2574734291122993,-3.2686722472577605e-08,1.753434331520531e-06,0.0253880378828324,0.4340593236933961,0.0002335086568493,0.4338258150365467,3.5352718527605266e-06,0.0001026971258626,0.0281179899103703,0.1737035554273691,0.0018376128224333,0.1718659426049357,4.730158280879648e-07,7.691655718477073e-06,211.76244025323237
101056,0.7854073912562423,-0.0242520633676544,-0.0035510829027793,-0.020700980464875,-3.437540227983201e-05,0.0333188865154224,0.7931085760610093,-0.0247329012936475,0.0006858633029799,-0.0254187645966274,-0.0002915965075042,0.0333114099975083,0.4793245849913251,0.416479281026648,0.0011757149391679,0.4153035660874801,-4.3325780516013374e-08,3.859887939986322e-06,0.0217890896366477,0.1620077734922796,-0.0002366431604037,0.1622444166526833,4.232750461251035e-06,0.0001142186245061,0.025314207922845,0.027955880840649,-5.778253659009743e-05,0.0280136633772391,5.909877122993601e-07,1.084207459484467e-05,258.38704866177716
101057,0.5892710900855032,0.0203982947727088,-0.0022847540690905,0.0226830488417994,0.0001942357961159,0.025409092047958,0.5922859561623592,0.0209819271993626,-0.0007567276191382,0.0217386548185009,0.0004118961141234,0.0254150519354067,0.6431869592787429,0.1959012030520761,-0.0012758141091253,0.1971770171612015,-1.32279014385711e-07,1.4108475728279797e-06,0.0174306407505195,0.3356745466115057,0.0009193172184095,0.3347552293930961,7.049590864005143e-06,9.928474401893794e-05,0.0201964914921998,0.1347674040158504,0.0009835804170005,0.1337838235988498,4.9365159918125687e-08,4.8975503644348975e-06,240.68847147012607
101058,0.6218306173889283,0.1734638306745722,0.0004035663310175,0.1730602643435547,-0.0007010123491671,0.02490915554543,0.623350550998637,0.171862178351464,-0.0030252148843406,0.1748873932358047,-0.0009821744683485,0.0249086565795557,0.4255178335063867,0.1784135878967339,0.0020674864605948,0.176346101436139,4.2168410752077095e-08,2.021105471152532e-06,0.0149164594548415,0.3698705852489014,-0.0018542174266512,0.3717248026755526,-3.681022992995831e-06,5.143256099260741e-05,0.0184227799634623,0.1538300743420383,0.0013430212150696,0.1524870531269687,3.248570926176625e-07,5.140069487418639e-06,425.10784087713677
101059,0.7188851991156837,0.0095214298299986,-0.0018314691522552,0.0113528989822538,0.0007993345573356,0.0267192169006602,0.7189717440752814,0.0096864670679756,-0.0016210154235418,0.0113074824915174,0.0006872655603062,0.0267137910251582,0.38931897252752,0.2586599826692146,0.0027016478175773,0.2559583348516372,1.2159710556098374e-07,1.4171513513519811e-06,0.0233233106501733,0.3743876076810707,-0.0012080137139552,0.3755956213950259,-6.6052271401231015e-06,7.14203868332157e-05,0.0380894770456223,-0.0106190350535129,-0.0020268050239847,-0.0085922300295281,-2.4474021000612524e-07,1.0889291467620618e-05,319.05891021804547
101060,0.7242734010927366,0.0799720335436666,-0.0036469372142412,0.0836189707579078,0.0018250152056546,0.0245883723325629,0.7279629247249735,0.08006468392032,0.0041243882962938,0.0759402956240261,0.001755807174082,0.0245928774406578,0.2038153097637545,0.3039755968748781,0.0015315564989595,0.3024440403759186,-1.1973961128446636e-08,7.455239878398877e-07,0.0238713847182399,0.1947085305509252,-0.001417570000899,0.1961261005518243,1.0966842060929935e-06,7.997703881711936e-05,0.0331669584946174,0.1599742880666347,0.0018010204622929,0.1581732676043417,-8.037143457045351e-07,1.0146303446488373e-05,270.6414028797831
101061,0.7229468242499039,0.0071401082036757,-5.316191385300068e-05,0.0071932701175287,0.0007744163884737,0.0248811968154173,0.7245049410959797,0.007847954777443,-0.000699470395719,0.008547425173162,0.0007379173010615,0.0248816997815342,0.5385531739782974,0.182524235185375,-0.0011217212141928,0.1836459563995678,3.5795038825232175e-08,2.037045348768773e-06,0.0183180583954378,0.4228353033575487,0.0040431880896396,0.418792115267909,6.285471075440826e-07,3.740974432070774e-05,0.0250048310315254,0.0969816742834917,0.0009101424500638,0.0960715318334278,6.021810297414692e-07,5.33613458679177e-06,555.6068567249914
101062,0.5864823254302258,-0.0268889748924937,-0.0039741502925607,-0.0229148245999329,-3.297420253251882e-06,0.0222811447744717,0.586661891594502,-0.0266430702785438,-0.0022690305571078,-0.0243740397214359,7.657358337096535e-05,0.0222784381215369,0.4121788419267889,0.2764716253101065,-0.0034255028441735,0.2798971281542801,1.5888301767515218e-08,1.5355858582686512e-06,0.0143363477347325,0.12637362009384,-0.0006608872901161,0.1270345073839562,-3.433553375971671e-08,2.6173685862250184e-05,0.013226131835094,0.0460872595265737,-0.0012193068892149,0.0473065664157886,1.4465883415371608e-08,9.984377823505536e-07,776.0437355175998
101063,0.69796375833081,0.100928916346767,0.0048728559402812,0.0960560604064857,0.0020279733177744,0.021122833245082,0.7136739030208163,0.0994961835441544,0.0009367206912569,0.0985594628528974,0.001785279258679,0.0211516746332422,0.5255040778778546,0.3491137818407732,0.0032049049385759,0.3459088769021972,2.7593722100009663e-08,7.334248751299754e-07,0.0375495993044451,0.2355073059633705,-0.001055823981901,0.2365631299452716,-2.8684758871057545e-05,0.0001507717390775,0.0340847296628967,0.0701150426877356,-0.0030981402217238,0.0732131829094595,2.381208324714175e-07,8.437114929156186e-06,132.24567500843995
