seed,sigma_mean_rel_dev_g2_g4,sigma_max_rel_dev_g2_g4,g1_alignment,g2_alignment,mean_reoriented_gain_g2_g4,mean_inherited_gain_g2_g4,mean_gain_rescue_g2_g4,g4_reoriented_norm,g4_inherited_norm,g4_reoriented_gt_inherited
157000,0.009567732604475632,0.014689690658915677,0.9999472285669484,0.0020796297156676,0.9472837131577737,0.2540984010646198,0.6931853120931538,0.797384712151987,0.0122117032682845,True
157001,0.0015492025276739874,0.0025759794393793722,0.9997913755771892,0.5441645486921858,1.000133031260348,0.538201209212267,0.46193182204808086,0.992637620655551,0.154547573873381,True
157002,0.020546876398129466,0.02977269116489001,0.9999383456420782,0.5627778651545834,0.9155492587249249,0.5331162766986937,0.3824329820262311,0.7165183306665205,0.1412914037679201,True
157003,0.04433671819148436,0.06794244298095498,0.9998457476396444,0.3280997731336171,1.013655142997144,0.5506414876331144,0.46301365536402966,1.0433734866714195,0.1659675233748075,True
157004,0.11662268358791224,0.1228097481151631,0.999794242297088,0.5785899226836082,0.9383226494674606,0.478582603604097,0.45974004586336353,0.6954771751925405,0.1195269950699688,True
157005,0.0045778762449285955,0.009200998892388679,0.9998423154136952,0.3558139734166195,0.97181906072888,0.2931250048279544,0.6786940559009255,0.9345386228161496,0.0228304032223239,True
157006,0.023783827261570578,0.06289492761154591,0.999935741031715,0.1722093211820932,0.9896332214193655,0.2564677192449604,0.7331655021744051,0.965164474704373,0.0149963881269443,True
157007,0.01005317449382929,0.013989217673331944,0.9997101613210616,0.2938234667138601,0.9872149288108062,0.3306738493560489,0.6565410794547573,0.9567777894368796,0.0292046217879948,True
157008,0.011214387685310837,0.022724902589665308,0.9999960455393534,0.4580305365389865,0.9368993831057487,0.5001007430126515,0.4367986400930972,0.7485497391090036,0.1119579519901489,True
157009,0.0046488514996967005,0.007376196945650726,0.999849549147795,0.2485492213999158,0.9752450889357572,0.37465886800027426,0.6005862209354829,0.8954484998557011,0.0492526901359614,True
157010,0.006713481231993779,0.012690053753231179,0.9999891289181424,0.4188955420166819,1.0207445891204852,0.4455099847255746,0.5752346043949105,1.0788072979422731,0.0883424213469145,True
157011,0.0033457776730349367,0.004548674018157506,0.9999865794133904,0.0646792005891954,0.9654462114546584,0.38759984674931774,0.5778463647053407,0.8607386013551728,0.0530369343350253,True
157012,0.00956339382251222,0.021908673102947418,0.999965735609993,0.1405153154400213,0.9512799291613744,0.30711047067561176,0.6441694584857627,0.8246617163277733,0.026551796164112,True
157013,0.007791008284856201,0.015629329154403626,0.9998791558736632,0.1716873261097093,0.9789425267749933,0.29689533355967107,0.6820471932153224,0.928530305871254,0.0222208142677968,True
157014,0.0062759359899354035,0.009192626756082678,0.9998864323422118,0.5974570031067852,0.9227129198533301,0.5675686598052406,0.3551442600480894,0.7373053647711248,0.1713200808896039,True
157015,0.017520183257426474,0.03867352144276981,0.9981823554418212,0.186456503389517,0.9017182929799491,0.23066867981985414,0.671049613160095,0.6626503492346731,0.0110828570059509,True
157016,0.01298588862866342,0.02029630259066928,0.9921732188075284,0.2861205913413089,0.9636016226505757,0.28561099176911214,0.6779906308814635,0.8364747664871687,0.021295899166818,True
157017,0.004924149717062935,0.008928055749005015,0.9996473929398793,0.12133342922787,0.9906203034328834,0.35899700344757807,0.6316232999853053,0.9552962493636608,0.0419131442380469,True
157018,0.004727495315273944,0.00659124952553114,0.998983888485639,0.2043518932946709,0.949740642886173,0.25717912460978515,0.6925615182763879,0.7604676056063627,0.0134846606747202,True
157019,0.010007005618746604,0.014898504785819666,0.9999963251062706,0.1223897092023649,0.9849431244585801,0.20538418097995656,0.7795589434786235,0.9469493893109534,0.0079293556677646,True
157020,0.017826412352681193,0.02558812600320115,0.9995762387496108,0.3171035775860889,0.9482546455068744,0.3043001568265576,0.643954488680317,0.8035008021689718,0.0238607694960354,True
157021,0.06707337202896331,0.0989094970815737,0.9990841852877284,0.705976374027175,0.9119560016432376,0.5447625675570634,0.36719343408617416,0.5503612842677148,0.1169154206108725,True
157022,0.07346888513999295,0.09621192260286349,0.9992218976514442,0.5994864107936319,1.4347396485774437,0.7429123446461485,0.6918273039312952,3.8246157786875568,0.5319345179868158,True
157023,0.0015680382542047437,0.0025465306166411183,0.9999871946342128,0.1257532733360491,0.9683075034508484,0.3539766775223165,0.6143308259285319,0.8717486885686477,0.0383613194658556,True
157024,0.002724986382743544,0.004451619213671876,0.9999712346431656,0.2908655857455036,0.9790548823040313,0.28631500631072154,0.6927398759933098,0.919568051209226,0.0222240380668292,True
157025,0.37631808152374707,0.6003775270698011,0.9840974828573904,0.032361201615982,1.0276293894301567,0.23147812568556322,0.7961512637445934,0.8582526303735771,0.0076784246496372,True
157026,0.05498234491633595,0.10516244561909738,0.9993216169339532,0.1358144821312502,1.1105980823820545,0.2271681488540013,0.8834299335280531,1.5204311279028244,0.0123867030791901,True
157027,0.009799350322372521,0.025651263293828164,0.9999845747621338,0.1844253500004787,0.9304168213293055,0.1698168185307686,0.760600002798537,0.7473872827214992,0.0041577156263373,True
157028,0.00327669196879532,0.008775632229059416,0.9999841821530896,0.1584256286718442,0.964760695814555,0.25623810941287034,0.7085225864016845,0.8735772285434656,0.0136781517113425,True
157029,0.05568995433606375,0.07132004651225543,0.999477570722166,0.3923243132822734,0.9845007369963416,0.4038189806278221,0.5806817563685193,0.936663409606558,0.0644492574303492,True
157030,0.0034068531025119864,0.006690348656745448,0.9999988776038982,0.3902337805936975,0.9832778095080359,0.36678471081668557,0.6164930986913503,0.9177900516576664,0.0474139427203651,True
157031,0.003879279765085064,0.006497302592129772,0.9999537314876844,0.349205826774829,0.9910051712575814,0.4082626222669903,0.5827425489905911,0.965099482302474,0.0673823640837892,True
157032,0.015135166944458933,0.021768505332565136,0.997748329657732,0.0391319083705664,0.9585030406388899,0.3942414576324835,0.5642615830064065,0.8651618272772715,0.0582474250186604,True
157033,0.05831129815723716,0.09511975916501003,0.9999153965872496,0.3246531120638708,0.8855860161637227,0.2662329033258048,0.6193531128379179,0.5804559255925408,0.0154603501502485,True
157034,0.06159573379323483,0.10718789439504084,0.9995952214297132,0.5785677099224642,1.2778772110636003,0.6717801494096977,0.6060970616539025,2.583493619234856,0.3730593382083723,True
157035,0.03333365439183078,0.07260736653497113,0.9998512181243177,0.4067033660352313,1.0096237264871954,0.49261746300048187,0.5170062634867137,1.0431766087730117,0.1202710926620347,True
157036,0.011851101664219469,0.01858938234198937,0.9998814281245564,0.2208796104374575,1.0005980461190962,0.2520824886099739,0.7485155575091226,0.9667377665448368,0.0148672007407741,True
157037,0.009155086093849074,0.01391860446335591,0.999990076089411,0.3802850810131829,0.9274111719932839,0.45257679940495055,0.47483437258833333,0.7349285498374458,0.08543431747354,True
157038,0.032015412033345014,0.03885630720791522,0.999974897837168,0.5510852306252483,0.9358650847347892,0.5416284707285725,0.3942366140062168,0.7177095689345088,0.139902125773518,True
157039,0.17411407978901747,0.25817371973017667,0.9995093851569896,0.1624417868997128,0.7341627651307348,0.38504856244869784,0.34911420268203686,0.252610939998865,0.0335100301128174,True
157040,0.10030654593181294,0.16868633610694328,0.9991089949447128,0.3288164873922488,0.98301350720434,0.4334139903257657,0.5495995168785742,0.9521939983966604,0.0818243984126209,True
157041,0.0047128581001133485,0.007266428814524772,0.9999983706135456,0.279666229818255,0.9868822785228087,0.26970547205592116,0.7171768064668876,0.9352239193914764,0.0179685132909674,True
157042,0.006752872773980696,0.009670128594496008,0.999996712234644,0.3063130092401481,0.9536410435115904,0.28011101599359883,0.6735300275179913,0.8141171806752605,0.0180084773738061,True
157043,0.015264495186184076,0.01979774687067304,0.9998878860802743,0.1102294539093853,0.9551643366210509,0.3242739654027136,0.6308903712183375,0.8564478308443556,0.033162965056228,True
157044,0.009482874033895139,0.01505496468415668,0.9993463006029794,0.4109268238106851,0.9798618850196302,0.4935351464524435,0.4863267385671866,0.9353088641485652,0.1194453925189047,True
157045,0.004726178885638828,0.008983732678660039,0.999921948907294,0.0730065840485511,0.9027438561053939,0.1859099808800091,0.7168338752253849,0.69147922287814,0.005497155084307,True
157046,0.04264489218230838,0.056613920468204126,0.9999732146512658,0.7457470715706443,1.1631513216851908,0.8335699965712612,0.3295813251139293,1.7469674341420367,0.6428504271234473,True
157047,0.02506064810202076,0.054294509972534266,0.9997923528632636,0.4785595348018305,1.0170886029615132,0.5047296416050584,0.5123589613564546,1.0725728095057052,0.1308845290352179,True
157048,0.0804381982510809,0.09428734431676444,0.997443488965203,0.1944074451348261,0.9246918821492716,0.35579886129356014,0.5688930208557114,0.7395428504984599,0.0409077389095766,True
157049,0.011038798139502296,0.016495165259061917,0.9999391628534074,0.1943236697238125,0.9569832821906927,0.3076622392394092,0.6493210429512836,0.812786277666513,0.0263075011055143,True
157050,0.03388534286553294,0.039539993154910746,0.9983823003852604,0.4180964301975581,1.042687132750101,0.49441884190900715,0.5482682908410937,1.1140500472555417,0.1187469208479287,True
157051,0.005549831498059247,0.009598997882967586,0.9999218029275134,0.2941041443807041,0.9956586152271093,0.3640179289771988,0.6316406862499105,0.9779293207451656,0.0449866427184339,True
157052,0.14465351356783698,0.16299722512880965,0.9970611771154976,0.2160456201402568,1.0309631092698706,0.3961682523953958,0.6347948568744747,1.0818237146330794,0.0614990241861197,True
157053,0.010143523931846551,0.020786218276305446,0.9995805910371384,0.0896627187250986,0.9841859646953437,0.26875412383747904,0.7154318408578647,0.9314478074780432,0.0182256235364447,True
157054,0.011844490583241071,0.01945152400113981,0.9991310941004994,0.0799946917336319,0.9695706868582534,0.44956658009081396,0.5200041067674395,0.8668552437323923,0.0831942439718247,True
157055,0.0029285104594608904,0.007299900431174011,0.9999524773178828,0.0430985046375162,0.9665916995042382,0.3893621022021973,0.577229597302041,0.8346994143445465,0.0488578150409603,True
157056,0.017497397899324585,0.03388815014307345,0.9999191558528362,0.640427082893758,1.0075914990904138,0.6469458944550249,0.3606456046353889,1.0386940815513157,0.2749488148744525,True
157057,0.01866283801686656,0.03151626067661606,0.999995165176375,0.1625718735845888,0.9362614014040314,0.2880039786714849,0.6482574227325464,0.7830135494458815,0.0178046717369074,True
157058,0.004798950534184998,0.009052829013141528,0.9999610559036438,0.3773698831531831,0.9528811397944977,0.41689462130134886,0.5359865184931486,0.8145447267825447,0.0677156295187504,True
157059,0.0057999826467630316,0.011450469099685723,0.9998955994288574,0.2645537701356469,0.9756960480693397,0.2398184756705465,0.7358775723987933,0.9030144198676014,0.0130795668548426,True
157060,0.11457214020203373,0.13393906571745862,0.9994040331410066,0.2136770370617941,0.9277081389515903,0.3501813646111139,0.5775267743404764,0.6361916772120447,0.0346531990816453,True
157061,0.005221915515095432,0.0076484824350323555,0.9999941057286592,0.1108881743075355,0.963639518625226,0.33627579037707606,0.62736372824815,0.8660603266541812,0.0351208517155393,True
157062,0.043917812293992574,0.06614770590291363,0.9998580012099718,0.4192183215623537,0.9367274904279155,0.457782387681861,0.47894510274605445,0.8084313798545542,0.0947387303135611,True
157063,0.020582217283037663,0.03908022772902098,0.9998482821471556,0.2356718070961054,0.9189366102406544,0.2700387918701222,0.6488978183705322,0.7168646284141738,0.0179618167378535,True
