,mean,std,median,min,max
CYCLE_resp_mean_pair_dist,0.04432431763339162,0.007338737507702335,0.04437209909339995,0.0280963399789737,0.0651220476105693
FLAT_resp_mean_pair_dist,0.02047029363342249,0.007794671929523602,0.01986883123139855,0.0086582297650894,0.0404880277480657
CYCLE_minus_FLAT_resp_mean_pair_dist,0.023854023999969075,0.008576245459413769,0.02472584891427005,0.0017849255409556,0.0409794759380234
CYCLE_r_mean_pair_dist,0.01621047995103232,0.0009612583458917986,0.0161849226045567,0.0128056182893729,0.0186761110273795
FLAT_r_mean_pair_dist,0.0005592946330123031,8.878186678501519e-05,0.00053973462892085,0.0004127450920215,0.0008970407675418
CYCLE_minus_FLAT_r_mean_pair_dist,0.01565118531801997,0.000993527997101636,0.01561191386143105,0.012251869585063,0.0181307790757127
CYCLE_m_mean_pair_dist,0.13332519859499656,0.031386025057514956,0.1293972412873997,0.0731394997311592,0.2447457387515386
FLAT_m_mean_pair_dist,0.049380179554994574,0.0237141552939256,0.045649080557482194,0.0133854583786428,0.1349133128566166
CYCLE_minus_FLAT_m_mean_pair_dist,0.08394501904000193,0.026796183550169883,0.0833848632203925,0.0280213972310116,0.1408610434257147
CYCLE_K_mean_pair_dist,0.000590588068230325,0.00014959653821603096,0.0005721782191808,0.0003079266174172,0.0009935783973274
FLAT_K_mean_pair_dist,0.00042253945482055935,0.00011669611867282791,0.00039887877204270003,0.0002485754305732,0.0007889270281047
CYCLE_minus_FLAT_K_mean_pair_dist,0.00016804861340973418,0.0001041543808782042,0.00015491552680955,2.081556065508037e-05,0.0006408442993646
CYCLE_resp_return_mismatch,0.061661514511172154,0.00916818349074398,0.0627010501087622,0.043893902419685,0.0890410653739821
FLAT_resp_return_mismatch,0.027202186882458925,0.010742490657679807,0.02606078005077755,0.0103991010468328,0.0557857144940361
CYCLE_minus_FLAT_resp_return_mismatch,0.03445932762871318,0.01082465824901942,0.03558845676796145,0.0103838584936003,0.0566565320751655
