seed,state_error,response_match_error,actual_nonadditivity,synthetic_nonadditivity,synthetic_minus_state_error,actual_synthetic_nonadditivity_absdiff
107000,0.0847030101424435,0.1800533289327265,0.1275905662965745,0.0311592621789472,-0.0535437479634962,0.0964313041176272
107001,0.0290622366696255,0.0400831645309246,0.1906224142428814,0.1859423871179942,0.1568801504483687,0.0099189910750076
107002,0.0219106659456055,0.0320646122032876,0.1234208665080539,0.1189404898015422,0.0970298238559366,0.008642687492776
107003,0.0065044528260285,0.009081476594474,0.1125027549758936,0.1115388099702388,0.1050343571442103,0.002765183995558
107004,0.0252918666547085,0.0311930114446194,0.1470316832280384,0.1444865128217107,0.1191946461670021,0.0050701202242573
107005,0.0241359957754288,0.0309553217359433,0.1414243699892652,0.1349850003114302,0.1108490045360014,0.0103904647436649
107006,0.0229422038717783,0.0254765041337633,0.0438635811006187,0.0371558878139547,0.0142136839421763,0.0097889118766571
107007,0.0155350871694633,0.016353414435972,0.0366067530644831,0.0329263019742068,0.0173912148047435,0.0054423928263973
107008,0.0112824734376587,0.0131983994435192,0.1886851596623756,0.1873797829930298,0.176097309555371,0.0023901998230306
107009,0.009887916098379,0.0120077728152473,0.2526592345321266,0.2528501470538457,0.2429622309554667,0.002093128235091
107010,0.0123295761058998,0.0134710099741157,0.0753359134357987,0.074752502860037,0.0624229267541371,0.0035742961143265
107011,0.0306967100767792,0.0227093584164186,0.0998054080160614,0.0971557092863487,0.0664589992095695,0.0074439259619078
107012,0.0171193070168671,0.017420414397287,0.0303507683038045,0.0279521263406217,0.0108328193237546,0.0039199781763491
107013,0.0113208985780771,0.0150343707978502,0.162436390256922,0.1627577172080023,0.1514368186299251,0.0030716051885815
107014,0.014650665629498,0.0138761769231743,0.0437019592143853,0.0428102755002974,0.0281596098707993,0.004090674252855
107015,0.0188527788096521,0.0259876362959228,0.0507445476820602,0.0395590132988931,0.0207062344892409,0.0123494560089893
107016,0.0102845567437055,0.0106529316765476,0.0526699407305563,0.0522587724164789,0.0419742156727733,0.0028613696964988
107017,0.0275783421413354,0.0345455679873872,0.0710971568601726,0.0628292451887219,0.0352509030473864,0.0112997857642991
107018,0.0201615064811845,0.0171834171999088,0.0697131959619288,0.0693018330269576,0.0491403265457731,0.0040283167042731
107019,0.0102987425103702,0.008740728589823,0.1560782652984769,0.1554593628130401,0.1451606203026698,0.002166742891926
107020,0.0045235283945215,0.0063892960600239,0.2042743127516531,0.2043457687303811,0.1998222403358596,0.0013625970013083
107021,0.0053095602655416,0.0052786137957117,0.3034665934864621,0.3035242074337879,0.2982146471682463,0.0010639189209391
107022,0.0067864621851245,0.0074921428666726,0.1193716572799882,0.1183437490498648,0.1115572868647402,0.0021768515270924
107023,0.0072499272871158,0.0188742720047454,0.1347442214128396,0.1309839785579194,0.1237340512708035,0.0055829052516388
107024,0.0174156500080533,0.0399445610088933,0.0863279251978615,0.0830286063164821,0.0656129563084287,0.0076108141577542
107025,0.0068383109293657,0.0087057497853468,0.0617443988676668,0.0607798473831675,0.0539415364538018,0.0024696950929971
107026,0.0131136569792945,0.0127612542506174,0.0302331666879175,0.0266909802847904,0.0135773233054958,0.0045204626900346
107027,0.023323065002691,0.0433947258412309,0.0410790750639087,0.0164499676658058,-0.0068730973368851,0.0246291073981029
107028,0.032236797152518,0.0773838077559629,0.2041279713934505,0.1964342511332309,0.1641974539807129,0.0196450042479952
107029,0.0061614188132948,0.0088508024145581,0.1744583273025682,0.1738256132139155,0.1676641944006206,0.002427733253244
107030,0.0124646840505312,0.0100158589484961,0.1339787283538055,0.1339401851823412,0.12147550113181,0.0022138301080783
107031,0.0256920776608375,0.0327358743887987,0.1420701418071141,0.1400839670185844,0.1143918893577468,0.0066343434877626
107032,0.0110217886105458,0.006957363838322,0.119119449496942,0.1186432723394299,0.107621483728884,0.002032335846745
107033,0.0144309182428358,0.0180354196997456,0.0573062033993127,0.0541878261469302,0.0397569079040943,0.0051040506681467
107034,0.0094801918219109,0.0126774494361596,0.2695147083951887,0.268139298664902,0.2586591068429911,0.0028807588323183
107035,0.012107324927373,0.0141649814117628,0.0380397107861852,0.0363630938117588,0.0242557688843858,0.003995538737015
107036,0.0071117493014946,0.0063752562362234,0.0811176449503795,0.0808579015980929,0.0737461522965982,0.001784517300294
107037,0.0145292830217039,0.0089635846234313,0.0771033921277782,0.0769175509086695,0.0623882678869656,0.0032271399143764
107038,0.0071377856254986,0.0086258274391086,0.085760971244874,0.0853417525423207,0.0782039669168221,0.0020859386576903
107039,0.0203217329555671,0.0178109215885293,0.2384338283551924,0.2394480885523268,0.2191263555967596,0.0041692191631837
107040,0.0197181472072113,0.0149475786740264,0.1411561940099272,0.1405521220565489,0.1208339748493375,0.0029220853381293
107041,0.0094791014736385,0.0093603032723397,0.1303106705935771,0.1292441830406761,0.1197650815670376,0.0028098181174887
107042,0.0084939770760472,0.0090399109140072,0.139176826390082,0.1389442848357477,0.1304503077597004,0.0016189173621069
107043,0.0174729184716504,0.0128430451739901,0.0821398912763314,0.0805082842070926,0.0630353657354422,0.0030262648292015
107044,0.0166642331589177,0.0243074560650214,0.0486240768478865,0.0405582433810924,0.0238940102221747,0.0100193991374136
107045,0.0052670102284479,0.0052826772138343,0.214546381562568,0.2142061561282005,0.2089391458997526,0.0014729053764471
107046,0.0110336583860203,0.0196607970403901,0.0787031206984803,0.0769694419225915,0.0659357835365711,0.0087364625169268
107047,0.0125656952206996,0.0176439517308939,0.1694958471160976,0.1676139841455703,0.1550482889248707,0.004659807481703
107048,0.0141594069127908,0.0133493106052461,0.0182801919117356,0.0159983231677156,0.0018389162549247,0.0033747912465579
107049,0.0081874582790421,0.011053713999541,0.1136235359685512,0.1131816962418797,0.1049942379628375,0.002370709070358
107050,0.0080915396077962,0.0179317164843855,0.1764922610337385,0.1769146796622416,0.1688231400544453,0.0035548882631845
107051,0.0089503668559663,0.0066796826192591,0.0603714211843065,0.0599380742837124,0.0509877074277461,0.0016646650801116
107052,0.0139188522816103,0.015956798322908,0.0816961836444504,0.0812755444484422,0.0673566921668319,0.0064716334988474
107053,0.0147708228699264,0.0148323422735203,0.1134118293475577,0.1116293932578443,0.0968585703879179,0.0040198455154137
107054,0.007877558473187,0.015108763367147,0.1219292129101485,0.1202790310470608,0.1124014725738737,0.0055925257801898
107055,0.0103066218062146,0.0131812303707317,0.1691136404247805,0.1690972769434169,0.1587906551372023,0.0039725140460897
107056,0.0095704790693585,0.0290891104785909,0.1564280484324567,0.1552762386051938,0.1457057595358353,0.0105015028829926
107057,0.017405481698052,0.028468428007858,0.0342544409611259,0.0246934174435595,0.0072879357455075,0.0117174901944834
107058,0.0125202185481148,0.0174484255445654,0.1539726575652185,0.1524701990715982,0.1399499805234835,0.0036332906597215
107059,0.014601037736734,0.0141883643429637,0.1265700256831844,0.1261427404436032,0.1115417027068692,0.0031274775463732
107060,0.0049044882359148,0.0036302810528229,0.0569743210949247,0.0566832703566388,0.051778782120724,0.0013306635563519
107061,0.0238578462221441,0.0250526354959266,0.1197688043572946,0.1153116194600524,0.0914537732379082,0.0089741666293429
107062,0.0087631937965788,0.0148864307146639,0.1584003741803491,0.1547638109036207,0.1460006171070418,0.0065532948189032
107063,0.0085572629752916,0.0121164981681041,0.0343140112998175,0.0328009619083282,0.0242436989330365,0.0039491835600583
