id,experiment,status,seed_cohort,n,destination,design_file,design_provenance,primary_estimand,frozen_threshold_summary,full_recovered_primary_hypotheses,inference_framework,outcome
T01,"Same present, different histories",CONFIRMATORY PASS,73000–73063,64,MAIN,reactor_same_present_history_geometry_confirmatory_prereg.json,original frozen JSON,response norm; response RSA,norm >0.08; RSA shuffle advantages >0; mean RSA >0.07,"{""H1_causal_history_imprint"": ""mean history_imprint_norm >0.08 AND >90% seeds exceed 0.06"", ""H2_relational_specificity"": ""true response RSA > mean label-shuffle RSA"", ""H3_coherent_history_package"": ""true response RSA > mean component-scramble RSA"", ""H4_nontrivial_metric_structure"": ""mean true response RSA >0.07 AND >60% seeds exceed 0.05""}",frozen H1--H4; fractions/bootstrap; sign-flip/Holm where specified,PASS
T04,Second-time maladaptive trace hypothesis,CONFIRMATORY FAIL / NULL,97000–97063,64,SUPPLEMENT,reactor_second_time_maladaptive_trace_confirmatory_prereg.json,original frozen JSON,same-encounter gain / specificity,"four signed predictions (<0,<0,>0,>0), each Holm/sign-flip + robustness","{""H1_common_negative_transfer"": ""INTACT common_same_gain < 0"", ""H2_common_relation_specific_interference"": ""INTACT common_specificity < 0"", ""H3_r_credit_rescue"": ""NO_R common_same_gain - INTACT common_same_gain > 0"", ""H4_r_credit_reduces_specific_interference"": ""NO_R common_specificity - INTACT common_specificity > 0""}",frozen H1--H4; fractions/bootstrap; sign-flip/Holm where specified,FAIL / null
T05,Distributed trace architecture,CONFIRMATORY PASS,99000–99063,64,MAIN,reactor_distributed_trace_architecture_confirmatory_prereg.json,original frozen JSON,component norm and RSA,intact norm >0.03; r ratio >5; K RSA >0.65; NO_R--intact RSA >0.45,"{""H1_causal_history_imprint"": ""INTACT mean response norm > 0.03 and >80% seeds exceed 0.02"", ""H2_R_amplitude_dominance"": ""per-seed R-only response norm / (M-only norm + GH-only norm) > 5 on average and >75% seeds exceed 3"", ""H3_K_metric_trace"": ""K-only response RSA exceeds its 64-label-shuffle mean; one-sided sign-flip, >75% favorable seeds, bootstrap lower bound >0; additionally mean K RSA >0.65"", ""H4_R_masks_metric_geometry"": ""NO_R full-package response RSA - INTACT full-package response RSA >0; one-sided sign-flip, >75% favorable seeds, bootstrap lower bound >0, mean difference >0.45""}",frozen H1--H4; fractions/bootstrap; sign-flip/Holm where specified,PASS
T06,Contextual reactivation of trace field,CONFIRMATORY PASS,101000–101063,64,MAIN,reactor_contextual_trace_reactivation_confirmatory_prereg.json,original frozen JSON,interaction fraction; K/M relative RSA,interaction >0.50; r ratio >100; K/M RSA shuffle advantages >0 with raw floors,"{""H1_nonadditive_field"": ""FULL interaction_fraction >0.50 on average and >80% seeds exceed 0.45"", ""H2_R_amplitude_dominance"": ""R interaction norm / (M+K+GH interaction norms) >100 on average and >80% seeds exceed 50"", ""H3_K_relative_geometry"": ""K relative-angle RSA - 64-label-shuffle mean >0; one-sided sign-flip, >75% favorable seeds, bootstrap lower bound >0, and mean raw K RSA >0.20"", ""H4_M_relative_geometry"": ""M relative-angle RSA - 64-label-shuffle mean >0; one-sided sign-flip, >75% favorable seeds, bootstrap lower bound >0, and mean raw M RSA >0.18""}",frozen H1--H4; fractions/bootstrap; sign-flip/Holm where specified,PASS
T07,Two-trace coexistence and superposition in K,CONFIRMATORY PASS,103000–103063,64,MAIN,reactor_multi_trace_K_superposition_confirmatory_prereg.json,original frozen JSON,correct two-trace span R2,pair-span R2>0.90; correct--wrong >0.25; pair--single >0.08; older fraction >0.30,"{""H1_high_dual_reconstruction"": ""mean correct K pair-span R2 >0.90 and >85% seeds exceed 0.85"", ""H2_correct_pair_specificity"": ""correct-pair R2 - wrong-pair R2 >0; one-sided sign-flip, >75% favorable seeds, bootstrap lower bound >0, mean advantage >0.25"", ""H3_both_traces_needed"": ""pair R2 - best-single R2 >0; one-sided sign-flip, >75% favorable seeds, bootstrap lower bound >0, mean gain >0.08"", ""H4_older_trace_persists"": ""mean older-trace coefficient fraction >0.30 and >70% seeds exceed 0.15""}",frozen H1--H4; fractions/bootstrap; sign-flip/Holm where specified,PASS
F01,K storage superposition vs nonlinear readout,CONFIRMATORY PASS,107000–107063,64,MAIN,reactor_K_storage_superposition_nonlinear_readout_confirmatory_prereg.json,original frozen JSON,storage error vs readout nonadditivity,storage error <0.02; response error <0.03; readout excess >0.05; mismatch <0.02,"{""H1_storage_superposition"": ""mean ||K_AB-K_synth||/||K_AB-K0|| <0.02 and >75% seeds <0.025"", ""H2_synthetic_field_reproduces_operation"": ""mean ||R(K_AB)-R(K_synth)||/||R(K_AB)-R(K0)|| <0.03 and >75% seeds <0.05"", ""H3_nonlinearity_localized_to_readout"": ""synthetic_readout_nonadditivity - K_storage_error >0; one-sided sign-flip, >75% favorable seeds, bootstrap lower bound >0, mean difference >0.05"", ""H4_actual_and_synthetic_nonadditivity_match"": ""mean |actual_readout_nonadditivity-synthetic_readout_nonadditivity| <0.02 and >75% seeds <0.03""}",frozen H1--H4; fractions/bootstrap; sign-flip/Holm where specified,PASS
F02,Localization of K readout nonlinearity,CONFIRMATORY PASS,110000–110063,64,MAIN,reactor_K_readout_nonlinearity_localization_confirmatory_prereg.json,original frozen JSON,stagewise residual; additive-b collapse,row-norm residual >0.04; centering gain >0.02; sigmoid increment tiny; additive-b action residual <10-4,"{""H1_norm_introduces_nonlinearity"": ""mean scores relative residual >0.04 and >75% seeds exceed 0.02"", ""H2_relative_centering_amplifies"": ""centered relative residual - scores relative residual >0; one-sided sign-flip, >75% favorable seeds, bootstrap lower bound >0, and mean amplification >0.02"", ""H3_sigmoid_adds_little"": ""mean |b relative residual - centered relative residual| <1e-4 and >90% seeds below 1e-3"", ""H4_additive_b_collapses_action_nonlinearity"": ""mean native action relative residual - additive-b action relative residual >0.05, >90% favorable seeds, bootstrap lower bound >0, AND mean additive-b action residual <1e-4""}",frozen H1--H4; fractions/bootstrap; sign-flip/Holm where specified,PASS
F03,Third-trace contextual reweighting,CONFIRMATORY PASS,113000–113063,64,MAIN,reactor_third_trace_contextual_reweighting_confirmatory_prereg.json,original frozen JSON,third-trace contextual interaction,normalized b and action interactions >0.10; additive-b removes >0.999 / >0.99,"{""H1_b_contextual_reweighting"": ""mean ||M_b|| / ||b_C-b0|| >0.10 and >75% seeds exceed 0.05"", ""H2_action_contextual_reweighting"": ""mean ||M_a|| / ||a_C-a0|| >0.10 and >75% seeds exceed 0.05"", ""H3_additive_b_removes_b_interaction"": ""mean fraction of b interaction removed >0.999 and >90% seeds exceed 0.999"", ""H4_additive_b_removes_action_interaction"": ""mean fraction of action interaction removed >0.99 and >90% seeds exceed 0.99""}",frozen H1--H4; fractions/bootstrap; sign-flip/Holm where specified,PASS
F04,Trace-weight continuation and rank/median events,CONFIRMATORY PASS,115000–115063,64,SUPPLEMENT,reactor_trace_weight_continuation_confirmatory_prereg.json,original frozen JSON,jump/path fraction; event curvature,max jump/path <0.10; rank and median curvature advantages >0; median > generic rank,"{""H1_continuous_path"": ""mean maximum-adjacent-jump/path-length fraction <0.10 for both b and action, and >90% seeds have both fractions <0.12"", ""H2_rank_events_amplify_curvature"": ""rank-event curvature advantage >0 for both b and action; one-sided sign-flip for each with Holm correction, >65% favorable seeds, bootstrap lower bounds >0"", ""H3_median_events_strongly_amplify"": ""among seeds with at least one median event, at least 30 eligible seeds; median-event curvature advantage >0 for both b and action, >85% favorable, bootstrap lower bounds >0"", ""H4_median_events_exceed_generic_rank_events"": ""among eligible seeds, median-event advantage - generic-rank-event advantage >0 for both b and action, >75% favorable, bootstrap lower bounds >0""}",frozen H1--H4; fractions/bootstrap; sign-flip/Holm where specified,PASS
R01,Native written-field hysteresis,CONFIRMATORY PASS,121000–121063,64,MAIN,reactor_native_written_field_hysteresis_confirmatory_prereg.json,original frozen JSON,cycle--flat response distance,cycle--flat response >0.015; r>0.010; m>0.060; return mismatch >0.020,"{""H1_common_present_hysteresis"": ""CYCLE-FLAT mean matched-lambda response separation >0.015; one-sided sign-flip with Holm, >75% favorable seeds, bootstrap lower bound >0"", ""H2_r_path_memory"": ""CYCLE-FLAT matched-lambda r separation >0.010; one-sided sign-flip with Holm, >85% favorable seeds, bootstrap lower bound >0"", ""H3_m_path_memory"": ""CYCLE-FLAT matched-lambda m separation >0.060; one-sided sign-flip with Holm, >75% favorable seeds, bootstrap lower bound >0"", ""H4_nonreturn_after_cycle"": ""CYCLE-FLAT response mismatch at lambda=0 after full cycle >0.020; one-sided sign-flip with Holm, >75% favorable seeds, bootstrap lower bound >0""}",frozen H1--H4; fractions/bootstrap; sign-flip/Holm where specified,PASS
R02,Memory at the turning point,CONFIRMATORY PASS,123000–123063,64,SUPPLEMENT,reactor_ascent_memory_at_turn_confirmatory_prereg.json,frozen working record; JSON unavailable,removed-response fractions,frozen ablation decomposition; exact standalone criterion file unavailable,,frozen confirmatory decomposition; archived primary tests,PASS
R03,Bidirectional x↔m relay,CONFIRMATORY PASS,127000–127063,64,MAIN,reactor_mx_memory_relay_confirmatory_prereg.json,original frozen JSON,x m and m x relay,"relay contrasts >0.25,0.20,0.15,0.15 with favorable-seed/bootstrap rules","{""H1_x_to_m_durable_relay"": ""x->m relay contrast in m after 12 source-free steps >0.25 on average; >85% seeds positive; bootstrap lower bound >0"", ""H2_x_to_m_operational_relay"": ""fixed-probe x->m relay contrast after source-free retention >0.20 on average; >85% seeds positive; bootstrap lower bound >0"", ""H3_m_to_x_source_dependence"": ""m->x immediate relay minus m->x relay after 12 source-free steps >0.15 on average; >85% seeds positive; bootstrap lower bound >0"", ""H4_directional_asymmetry"": ""x->m after12 relay minus m->x after12 relay >0.15 on average; >85% seeds positive; bootstrap lower bound >0""}",frozen H1--H4; fractions/bootstrap; sign-flip/Holm where specified,PASS
R04,m→x return alignment intervention,CONFIRMATORY PASS,147000–147063,64,SUPPLEMENT,reactor_m_to_x_return_alignment_confirmatory_prereg.json,original frozen JSON,write/return alignment gains,return rescue >0.005; specific rescue >0.005; write cosine >0.15; full return >0.003,"{""H1_return_alignment_rescues_x"": ""RETURN_ALIGNED x target projection - NATIVE_M >0.005 on average; >85% seeds positive; bootstrap lower bound >0"", ""H2_return_alignment_is_specific"": ""RETURN_ALIGNED - SCRAMBLED_RETURN x target projection >0.005 on average; >90% seeds positive; bootstrap lower bound >0"", ""H3_write_alignment_moves_toward_return_channel"": ""WRITE_ALIGNED_M cosine to return-optimal direction - NATIVE_M cosine >0.15 on average; >80% seeds positive; bootstrap lower bound >0"", ""H4_write_alignment_improves_full_return"": ""WRITE_ALIGNED_M x target projection - NATIVE_M >0.003 on average; >80% seeds positive; bootstrap lower bound >0""}",frozen H1--H4; fractions/bootstrap; sign-flip/Holm where specified,PASS
R05,Return-aligned residual attenuation,CONFIRMATORY PASS,149000–149063,64,MAIN,reactor_return_aligned_residual_attenuation_confirmatory_prereg.json,original frozen JSON,projection rescue; G3 norm/cosine,G1 rescue >0.08; G2 >0.015; G3 norm <0.015; G3 cosine >0.55,"{""H1_first_generation_rescue"": ""RETURN_ALIGNED - NATIVE x projection at G1 >0.08 on average; >85% seeds positive; bootstrap lower bound >0"", ""H2_second_generation_rescue"": ""RETURN_ALIGNED - NATIVE x projection at G2 >0.015 on average; >80% seeds positive; bootstrap lower bound >0"", ""H3_third_generation_amplitude_near_extinction"": ""RETURN_ALIGNED x norm ratio at G3 <0.015 on average and bootstrap 95% upper bound <0.02"", ""H4_third_generation_geometry_survives"": ""RETURN_ALIGNED x cosine at G3 >0.55 on average; >80% seeds exceed 0.40; bootstrap lower bound >0.40""}",frozen H1--H4; fractions/bootstrap; sign-flip/Holm where specified,PASS
R06,Maximum full-loop causal gain,CONFIRMATORY PASS,151000–151063,64,MAIN,reactor_full_loop_operator_gain_confirmatory_prereg.json,original frozen JSON,_1(T); finite top-mode gain,mean _1(T)<0.15; finite top gain <0.15; optimal--historical gain >0.04,"{""H1_G0_max_gain_contracts"": ""mean sigma_max(G0) <0.15; >90% seeds <0.20; bootstrap 95% upper bound <0.20"", ""H2_G1_max_gain_contracts"": ""mean sigma_max(G1) <0.15; >90% seeds <0.20; bootstrap 95% upper bound <0.20"", ""H3_finite_amplitude_top_mode_contracts"": ""mean finite top-mode gain <0.15 at both G0 and G1; >90% seeds <0.20 at both stages"", ""H4_optimal_mode_exceeds_native_history"": ""mean [sigma_max - historical norm gain] >0.04 at both G0 and G1; >80% seeds positive at both stages; bootstrap lower bounds >0""}",frozen H1--H4; fractions/bootstrap; sign-flip/Holm where specified,PASS
R07,"Half-channel factorization A=x→m, B=m→x",CONFIRMATORY PASS,153000–153063,64,MAIN,reactor_loop_half_operator_factorization_confirmatory_prereg.json,original frozen JSON,"_1(A),_1(B); interface efficiency",_1(A)<0.15; _1(B)/_1(A)>5; ideal product <0.20; efficiency <0.75,"{""H1_x_to_m_is_strong_bottleneck"": ""mean sigmaA <0.15 at both G0 and G1; >90% seeds <0.20 at both stages"", ""H2_return_channel_is_much_stronger"": ""mean sigmaB/sigmaA >5 at both stages; >85% seeds have ratio >3 at both stages"", ""H3_even_perfect_interface_contracts"": ""mean sigmaA*sigmaB <0.20 at both stages; >90% seeds <0.30 at both stages; bootstrap 95% upper bounds <0.30"", ""H4_native_geometry_adds_further_loss"": ""mean sigmaT/(sigmaA*sigmaB) <0.75 at both stages; >80% seeds <0.85 at both stages""}",frozen H1--H4; fractions/bootstrap; sign-flip/Holm where specified,PASS
M01,Mode drift under sufficient gain,CONFIRMATORY PASS,157000–157063,64,MAIN,reactor_loop_mode_drift_confirmatory_prereg.json,original frozen JSON,inherited vs reoriented gain,capacity change <10%; G2 inherited alignment <0.40; reoriented gain >0.85; G4 reoriented >0.70,"{""H1_mode_capacity_stays_available"": ""mean sigma1 across generations 2-4 differs from generation 1 by <10% in absolute relative terms; >85% seeds have max relative deviation <20%"", ""H2_inherited_packet_leaves_top_mode"": ""generation-1 alignment >0.90 mean, generation-2 alignment <0.40 mean, and >80% seeds have G2 alignment <0.50"", ""H3_norm_preserving_reorientation_restores_gain"": ""mean REORIENTED actual gain over generations 2-4 >0.85, mean INHERITED gain over generations 2-4 <0.55, and >90% seeds have positive rescue averaged over G2-G4"", ""H4_reorientation_prevents_multigeneration_extinction"": ""G4 REORIENTED norm relative to initial >0.70 mean while G4 INHERITED norm <0.15 mean; >90% seeds have REORIENTED > INHERITED""}",frozen H1--H4; fractions/bootstrap; sign-flip/Holm where specified,PASS
M02,Optimal-mode stationarity under neutral evolution,CONFIRMATORY PASS,159000–159063,64,MAIN,reactor_optimal_mode_stationarity_confirmatory_prereg.json,original frozen JSON,mode cosine/angle/projector drift,consecutive ||>0.995; angle <2; projector <0.05; relative _1 change <0.05,"{""H1_consecutive_mode_stationarity"": ""mean absolute cosine(v_g,v_g+1) >0.995 and >95% transitions >0.99"", ""H2_small_angular_displacement"": ""mean sign-invariant angular displacement <2 degrees and bootstrap 95% upper bound <2.5 degrees"", ""H3_small_projector_displacement"": ""mean Frobenius norm ||v_next v_next^T - v v^T||_F <0.05 and bootstrap upper bound <0.06"", ""H4_capacity_stability"": ""mean absolute relative sigma1 change <0.05 and >90% transitions <0.10""}",frozen H1--H4; fractions/bootstrap; sign-flip/Holm where specified,PASS
M03,Mode stationarity across historical fields,CONFIRMATORY PASS,161000–161063,64,SUPPLEMENT,reactor_history_field_optimal_mode_stationarity_confirmatory_prereg.json,original frozen JSON,mode spread across histories,mean angle <1.5; max angle <3; _1 spread <0.05; projector <0.04,"{""H1_mean_history_mode_spread_small"": ""mean seed-level pairwise angle <1.5 degrees and >90% seeds have mean angle <2 degrees"", ""H2_max_history_mode_spread_small"": ""mean seed-level maximum angle <3 degrees and >90% seeds have max angle <5 degrees"", ""H3_capacity_stable_across_histories"": ""mean sigma1 relative spread <0.05 and >90% seeds <0.10"", ""H4_projector_spread_small"": ""mean seed-level projector distance <0.04 and bootstrap 95% upper bound <0.05""}",frozen H1--H4; fractions/bootstrap; sign-flip/Holm where specified,PASS
M04,Native compatibility imprint in m,CONFIRMATORY PASS,163000–163063,64,SUPPLEMENT,reactor_native_mode_compatibility_imprint_confirmatory_prereg.json,original frozen JSON,alignment2 vs | m|,Spearman >0.85; aligned/orthogonal imprint ratio >2; positive contrast in >95% seeds,"{""H1_monotonic_compatibility_imprint"": ""mean within-seed Spearman rho between alignment^2 and ||delta_m|| >0.85; >90% seeds rho>0.75; bootstrap 95% lower bound >0.80"", ""H2_aligned_writes_more_than_orthogonal"": ""mean aligned/orthogonal ||delta_m|| ratio >2.0; >85% seeds ratio>1.5; bootstrap lower bound >1.7"", ""H3_effect_positive_seedwise"": ""aligned-minus-orthogonal ||delta_m|| >0 in >95% seeds"", ""H4_equal_input_norm_sanity"": ""max relative spread of initial packet norm within each seed <1e-10""}",frozen H1--H4; fractions/bootstrap; sign-flip/Holm where specified,PASS
M05,Causal decomposition of m compatibility imprint,CONFIRMATORY PASS,165000–165063,64,SUPPLEMENT,reactor_m_compatibility_imprint_causal_decomposition_confirmatory_prereg.json,original frozen JSON,native/AMP/DIR compatibility,native >0.90; AMP/DIR >0.85; positive aligned contrasts in >95% seeds,"{""H1_native_return_tracks_compatibility"": ""mean within-seed Spearman(alignment^2, returned x projection) >0.90; >90% seeds >0.80"", ""H2_amplitude_is_causally_sufficient"": ""AMP_ONLY mean Spearman >0.85; >90% seeds >0.75; aligned-minus-orthogonal return contrast >0.40 mean"", ""H3_direction_is_causally_sufficient"": ""DIR_ONLY mean Spearman >0.85; >90% seeds >0.75; aligned-minus-orthogonal return contrast >0.70 mean"", ""H4_both_channels_positive_seedwise"": ""AMP_ONLY and DIR_ONLY aligned-minus-orthogonal contrasts are both >0 in >95% seeds""}",frozen H1--H4; fractions/bootstrap; sign-flip/Holm where specified,PASS
M06,Operator explanation of compatibility imprint,CONFIRMATORY PASS,168000–168063,64,MAIN,reactor_compatibility_imprint_operator_explanation_confirmatory_prereg.json,original frozen JSON,operator-predicted imprint,norm correlation and vector cosine >0.995; relative error <0.005; shuffle advantages >0.70,"{""H1_norm_prediction_near_exact"": ""mean within-seed Pearson corr(||A3 d||,||delta_m_obs||) >0.995; >95% seeds >0.99"", ""H2_vector_prediction_near_exact"": ""mean cosine(A3 d,delta_m_obs) >0.995; >95% seeds >0.99"", ""H3_absolute_error_small"": ""mean relative norm error <0.005; >95% seeds <0.01"", ""H4_direction_shuffle_breaks_prediction"": ""mean true-minus-shuffled vector cosine advantage >0.70 and true-minus-shuffled norm-correlation advantage >0.70; >95% seeds positive on both""}",frozen H1--H4; fractions/bootstrap; sign-flip/Holm where specified,PASS
M07,Native mode correction attempt,INDEPENDENT REPLICATION NULL,166100–166115,16,MAIN,,independent diagnostic record,native autocorrection effects,diagnostic replication only; no confirmatory threshold,,16-seed diagnostic replication; no frozen H threshold,diagnostic null
M08,Native competition between simultaneous modes,CONFIRMATORY PASS,170000–170063,64,MAIN,reactor_native_mode_competition_confirmatory_prereg.json,original frozen JSON,compatible share in m and x,memory share >0.75; returned share >0.82; return increment >0.04; residual sanity <0.005,"{""H1_write_stage_enriches_compatible_mode"": ""mean m compatible share >0.75; >90% seeds >0.70; bootstrap 95% lower bound >0.70"", ""H2_full_loop_enriches_further"": ""mean x compatible share >0.82; >90% seeds >0.78; bootstrap 95% lower bound >0.78"", ""H3_return_adds_selection"": ""mean x_share-m_share >0.04; >90% seeds positive; bootstrap 95% lower bound >0"", ""H4_phase_and_span_sanity"": ""mean m and x two-component residuals each <0.005; >95% seeds have both residuals <0.01; mean absolute plus/minus ratio difference <0.05 at both supports""}",frozen H1--H4; fractions/bootstrap; sign-flip/Holm where specified,PASS
M09,Input–output modal mismatch and non-normality,CONFIRMATORY PASS,172000–172063,64,MAIN,reactor_loop_input_output_mode_mismatch_confirmatory_prereg.json,original frozen JSON,|u_1Tv_1|; non-normality,|u_1Tv_1|<0.50; output--u_1 cosine >0.995; preference >0.40; _1/>1.5,"{""H1_top_input_output_modes_are_misaligned"": ""mean |u1 dot v1| <0.50; >80% seeds <0.65; bootstrap 95% upper bound <0.55"", ""H2_finite_output_follows_u1"": ""mean finite-output cosine with u1 >0.995; >95% seeds >0.99"", ""H3_output_prefers_u1_over_v1"": ""mean [cos(out,u1)-cos(out,v1)] >0.40; >90% seeds positive; bootstrap 95% lower bound >0.25"", ""H4_operator_is_strongly_nonnormal"": ""mean sigma1/spectral_radius >1.5; >90% seeds >1.2; mean normalized commutator >0.50""}",frozen H1--H4; fractions/bootstrap; sign-flip/Holm where specified,PASS
C01,Hidden closure in co-produced native state?,CONFIRMATORY EQUIVALENCE / NULL,174000–174063,64,MAIN,reactor_native_modal_closure_coproduct_confirmatory_prereg.json,original frozen JSON,next-loop gain after co-product restoration,"absolute gain differences <0.002; ALL_NONX ratio in [0.98,1.02]","{""H1_full_state_no_material_rescue"": ""mean |ALL_NONX-X_ONLY| second-loop gain <0.002 and >95% seeds absolute difference <0.005"", ""H2_all_slow_no_material_rescue"": ""mean |ALL_SLOW-X_ONLY| <0.002 and >95% seeds absolute difference <0.005"", ""H3_no_single_package_rescues"": ""for M,THETA,R,KB,GH,FASTCTX each mean absolute gain difference from X_ONLY <0.002 and no package mean rescue exceeds 0.003"", ""H4_full_state_ratio_equivalent"": ""mean ALL_NONX/X_ONLY gain ratio between 0.98 and 1.02 and >95% seeds between 0.95 and 1.05""}",frozen H1--H4; fractions/bootstrap; sign-flip/Holm where specified,NULL / equivalence
C02,Universal closure map?,DIAGNOSTIC NULL,175000–175031,32,SUPPLEMENT,,diagnostic working record,held-out common-map alignment,diagnostic held-out comparison; no frozen confirmatory threshold,,held-out diagnostic map comparison,diagnostic null
C03,Instance-specific closure geometry,CONFIRMATORY PASS,176000–176063,64,SUPPLEMENT,reactor_instance_specific_modal_closure_confirmatory_prereg.json,original frozen JSON,own-instance transferred alignment,own ||>0.97; own--identity and own--wrong >0.50; pair geometry >0.98,"{""H1_own_closure_generalizes"": ""mean abs cosine(Q_A u_B, v_B) >0.97; >95% seeds >0.90; bootstrap lower bound >0.95"", ""H2_own_beats_identity"": ""mean OWN-IDENTITY abs-cos advantage >0.50; >95% seeds positive; bootstrap lower bound >0.40"", ""H3_own_beats_wrong_seed"": ""mean OWN-WRONG_SEED advantage >0.50; >95% seeds positive; bootstrap lower bound >0.40"", ""H4_pair_geometry_is_stable"": ""mean abs cosine(u_A,u_B)>0.98 and mean abs cosine(v_A,v_B)>0.98""}",frozen H1--H4; fractions/bootstrap; sign-flip/Holm where specified,PASS
C04,Exact write/read reciprocity hypothesis,CONFIRMATORY MIXED / STRONG HYPOTHESIS FAIL,180000–180063,64,SUPPLEMENT,reactor_scale_invariant_write_read_reciprocity_confirmatory_prereg.json,transcript-recovered design,reciprocity-specific closure gains,reciprocal advantage over matched controls >0.05/0.04/0.025; vs native >0.04,"{""H1_reciprocity_improves_input_output_alignment"": ""mean RECIPROCAL |u1.v1| minus max(PERMUTED,ORTHOGONAL) >0.05; >75% seeds positive; bootstrap 95% lower bound >0"", ""H2_reciprocity_improves_normalized_inherited_closure"": ""mean RECIPROCAL closure gain minus max(PERMUTED,ORTHOGONAL) >0.04; >75% seeds positive; bootstrap lower bound >0"", ""H3_reciprocity_improves_multistep_retention"": ""mean RECIPROCAL third-pass normalized gain minus max(PERMUTED,ORTHOGONAL) >0.025; >75% seeds positive; bootstrap lower bound >0"", ""H4_reciprocity_beats_native_closure"": ""mean RECIPROCAL closure gain minus NATIVE >0.04; >75% seeds positive; bootstrap lower bound >0""}",frozen H1--H4; fractions/bootstrap; sign-flip/Holm where specified,mixed; strong H fail
C05,Static subspace/basis factorization,CONFIRMATORY FAIL / HETEROGENEOUS,182000–182063,64,SUPPLEMENT,reactor_write_read_subspace_factorization_confirmatory_prereg.json,transcript-recovered design,subspace/basis closure gains,XSPACE gain >0.08; memory-only weak; interaction >0.08; BOTH alignment >0.55,"{""H1_xspace_match_improves_closure"": ""mean XSPACE_MATCH-NATIVE >0.08; >80% seeds positive; bootstrap 95% lower bound >0"", ""H2_memory_basis_alone_is_weak"": ""absolute mean MEMBASIS_MATCH-NATIVE <0.04 and >75% seeds have absolute difference <0.08"", ""H3_positive_factorial_interaction"": ""mean [(BOTH-XSPACE)-(MEMBASIS-NATIVE)] >0.08; >80% seeds positive; bootstrap lower bound >0"", ""H4_both_match_produces_strong_modal_alignment"": ""mean BOTH_MATCH |u1.v1| >0.55; >75% seeds >0.45; bootstrap lower bound >0.50""}",frozen H1--H4; fractions/bootstrap; sign-flip/Holm where specified,FAIL / heterogeneous
C06,Static geometry moderators,EXPLORATORY NULL,same 182000–182063 cohort,64 reused,SUPPLEMENT,reactor_instance_geometry_moderates_closure_effect_diagnostic_design.json,transcript-recovered design,static moderators; CV R2,post-confirmatory exploratory moderator predictions; no confirmatory threshold,{},exploratory correlations + cross-validated ridge,exploratory null
C07,Dynamic closure map from effective half-channels,CONFIRMATORY PASS,184000–184063,64,MAIN,reactor_dynamic_half_channel_closure_map_confirmatory_prereg.json,original frozen JSON,dynamic alignment; closure-need MAE,dynamic ||>0.995; vs static >0.20; vs wrong >0.70; need MAE <0.02,"{""H1_dynamic_closure_transfers_across_context"": ""mean abs cosine(C_dyn^A u_B,v_B) >0.995; >95% seeds >0.99; bootstrap 95% lower bound >0.99"", ""H2_dynamic_beats_static_geometry"": ""mean DYNAMIC_OWN-STATIC_OWN abs-cos advantage >0.20; >90% seeds positive; bootstrap lower bound >0.15"", ""H3_dynamic_is_instance_specific"": ""mean DYNAMIC_OWN-DYNAMIC_WRONG_SEED advantage >0.70; >95% seeds positive; bootstrap lower bound >0.60"", ""H4_dynamic_map_predicts_closure_need"": ""mean absolute error between predicted need [1-|u_B.C_dyn^A u_B|] and actual need [1-|u_B.v_B|] <0.02; >90% seeds error <0.03; bootstrap 95% upper bound <0.02""}",frozen H1--H4; fractions/bootstrap; sign-flip/Holm where specified,PASS
G01,Fixed instance-specific closure + gain across generations,CONFIRMATORY PASS,186000–186063,64,MAIN,reactor_fixed_instance_closure_multigeneration_confirmatory_prereg.json,original frozen JSON,G4 amplitude; specificity; alignment,G4 >0.85; vs unclosed >0.70; specificity >0.60; mean G1--G4 alignment >0.99,"{""H1_fixed_dynamic_prevents_extinction"": ""mean G4 FIXED_DYNAMIC norm relative to initial >0.85; >90% seeds >0.70; bootstrap 95% lower bound >0.75"", ""H2_fixed_dynamic_beats_uncorrected"": ""mean G4 FIXED_DYNAMIC-UNCORRECTED norm advantage >0.70; >95% seeds positive; bootstrap lower bound >0.60"", ""H3_fixed_dynamic_is_specific"": ""mean G4 FIXED_DYNAMIC-max(STATIC,WRONG_SEED) advantage >0.60; >90% seeds positive; bootstrap lower bound >0.50"", ""H4_fixed_dynamic_preserves_modal_alignment"": ""mean post-closure abs cosine with v_A over generations 1-4 >0.99; >90% seeds have minimum generation alignment >0.98""}",frozen H1--H4; fractions/bootstrap; sign-flip/Holm where specified,PASS
G02,Projective attractor under repaired relay,CONFIRMATORY PASS,188000–188063,64,MAIN,reactor_fixed_closure_modal_attractor_confirmatory_prereg.json,original frozen JSON,G4 share; 67.5/90 boundary,nonorthogonal G4 share >0.95; 67.5 gain >0.70; vs unclosed >0.65; G1 90<0.10,"{""H1_nonorthogonal_inputs_converge"": ""for FIXED_DYNAMIC, pooled seed-angle G4 compatible share over 22.5,45,67.5 has mean >0.95; >90% seed-angle cells >0.90; bootstrap lower bound >0.93"", ""H2_hard_nonorthogonal_case_is_strongly_enriched"": ""at 67.5 degrees, mean G4 share minus initial share >0.70; >90% seeds positive; bootstrap lower bound >0.65"", ""H3_fixed_closure_beats_uncorrected_selection"": ""pooled nonorthogonal G4 share advantage FIXED_DYNAMIC-UNCORRECTED >0.65; >95% seed-angle cells positive; bootstrap lower bound >0.60"", ""H4_exact_orthogonal_control_is_not_immediately_attracted"": ""at generation 1, mean FIXED_DYNAMIC share for 90 degrees <0.10 while mean share for 67.5 degrees >0.75; >85% seeds have 67.5-degree share greater than 90-degree share""}",frozen H1--H4; fractions/bootstrap; sign-flip/Holm where specified,PASS
