seed,NATIVE_M_m_norm,NATIVE_M_m_cos_return_opt,NATIVE_M_x_target_projection,NATIVE_M_x_norm_ratio,WRITE_ALIGNED_M_m_norm,WRITE_ALIGNED_M_m_cos_return_opt,WRITE_ALIGNED_M_x_target_projection,WRITE_ALIGNED_M_x_norm_ratio,RETURN_ALIGNED_M_m_norm,RETURN_ALIGNED_M_m_cos_return_opt,RETURN_ALIGNED_M_x_target_projection,RETURN_ALIGNED_M_x_norm_ratio,SCRAMBLED_RETURN_m_norm,SCRAMBLED_RETURN_m_cos_return_opt,SCRAMBLED_RETURN_x_target_projection,SCRAMBLED_RETURN_x_norm_ratio,RETURN_minus_NATIVE_x,RETURN_minus_WRITE_x,RETURN_minus_SCRAMBLED_x,write_vs_native_cos_gain,write_vs_native_x_gain,return_vs_native_x_gain,return_vs_scrambled_x_gain
147000,0.0005982304161046,0.5790150823281749,0.0042761253795384,0.0068221001615044,0.0007570701710707,0.5204695494936772,0.0047308430625352,0.0079544137241994,0.0005982304161046,0.9999999999095682,0.0059722091872128,0.0086091055249529,0.0005982304161046,-0.0503631609036515,-0.0006961523061396,0.0058273992202095,0.0016960838076744,0.0012413661246775,0.0066683614933524,-0.058545532834497704,0.00045471768299680006,0.0016960838076743997,0.0066683614933524
147001,0.0022610011750487,0.2510242865848864,0.0077842471878628,0.019869733665423,0.004502088536218,0.4109256458635666,0.0240701342757456,0.0324758302502022,0.0022610011750487,0.9999999999932776,0.0297774387938041,0.037255743916204,0.0022610011750487,0.2432056709344268,0.0062574374575924,0.022148806867374,0.0219931916059413,0.0057073045180584,0.0235200013362117,0.1599013592786802,0.0162858870878828,0.0219931916059413,0.0235200013362117
147002,0.0005638304980739,0.2744534695224696,0.0024978790365537,0.0067790664370131,0.0008293862559319,0.3986405551000776,0.0050393442292098,0.0103317503276968,0.0005638304980739,0.9999999999001103,0.008293915872474,0.0113428918282307,0.0005638304980739,0.0737308949665161,0.0006916737892352,0.0088437791308172,0.0057960368359202,0.0032545716432642,0.0076022420832387,0.12418708557760805,0.0025414651926561,0.0057960368359203,0.0076022420832388
147003,0.0006225208508071,0.2519587019137476,0.0026466563157158,0.0089633484058138,0.0008263178521998,0.5312200560962617,0.0056151850498576,0.0112561825180317,0.0006225208508071,0.9999999999157356,0.0074561407620017,0.0120671327344404,0.0006225208508071,0.0877203797886076,0.0008823594597697,0.0089671846167796,0.0048094844462858,0.001840955712144,0.0065737813022319,0.2792613541825141,0.0029685287341417997,0.0048094844462859,0.006573781302232
147004,0.0007493402272752,0.1588985563824694,0.0033553058835551,0.0126027671220904,0.0008422181937358,0.2952101183501817,0.0031003524713381,0.012760811411329,0.0007493402272752,0.9999999998979696,0.0123067923230123,0.019485313138271,0.0007493402272752,0.094925510595077,0.0015115000340676,0.0120425616913289,0.0089514864394571,0.0092064398516742,0.0107952922889447,0.13631156196771227,-0.00025495341221700015,0.0089514864394572,0.0107952922889447
147005,0.0009637526445511,0.1048779173618151,0.0018720397789987,0.0163078374944283,0.0012799909323058,0.571913917817314,0.0166077928609624,0.0217594784458187,0.0009637526445511,0.9999999999601034,0.0215728296193834,0.0253575046199458,0.0009637526445511,0.1357323170521973,0.00419432076471,0.0145761923569843,0.0197007898403846,0.0049650367584209,0.0173785088546734,0.4670360004554989,0.014735753081963699,0.0197007898403847,0.017378508854673402
147006,0.0008628224583065,0.0389910353383046,-0.0012282532224182,0.0095931480953446,0.0013298167051116,0.3901348865054576,0.008919716477538,0.0164174766272212,0.0008628224583065,0.999999999951806,0.0115897866324888,0.014997249051119,0.0008628224583065,-0.0121751739786413,0.0004361418747343,0.0086848056243255,0.012818039854907,0.0026700701549507,0.0111536447577544,0.35114385116715296,0.0101479696999562,0.012818039854907001,0.0111536447577545
147007,0.0028611245117372,0.695537598553512,0.0211362023066654,0.0252905775300304,0.0018327369715037,0.7395489079428718,0.0147214744605041,0.0174941437873515,0.0028611245117372,0.999999999989208,0.029304591338999,0.0326122164608173,0.0028611245117372,0.020357521914621,0.0009433271793577,0.0231288170466699,0.0081683890323335,0.0145831168784948,0.0283612641596413,0.04401130938935971,-0.006414727846161301,0.0081683890323336,0.0283612641596413
147008,0.002139788419663,0.7505533187537674,0.0136293100190981,0.0179130404761707,0.0027949315122006,0.6556234555625752,0.0158284369688566,0.0221153947097431,0.002139788419663,0.9999999999899606,0.0162301491051382,0.0194188433996001,0.002139788419663,-0.063760490364613,-0.0010906011252325,0.0114840235633465,0.00260083908604,0.0004017121362815,0.0173207502303707,-0.09492986319119223,0.0021991269497585,0.0026008390860400993,0.0173207502303707
147009,0.0011792887882496,0.3852275974746965,0.0085602039572408,0.0164871414753507,0.0014250513783788,0.5269021687427972,0.0139484213218261,0.0193762328522528,0.0011792887882496,0.9999999999776288,0.0212056767275629,0.0255906549742026,0.0011792887882496,-0.1857820760615864,-0.0041118895863173,0.016158311665976,0.012645472770322,0.0072572554057367,0.0253175663138802,0.14167457126810068,0.0053882173645853,0.012645472770322099,0.0253175663138802
147010,0.0017134387296992,0.1848155986281337,0.0041058262779955,0.022084724169687,0.0023303610153788,0.4861499369292444,0.0167279629010711,0.0277175419549825,0.0017134387296992,0.9999999999862592,0.0269953584146707,0.0318666805134643,0.0017134387296992,0.1046169725599728,0.0033734159267491,0.0207253756197149,0.0228895321366752,0.0102673955135995,0.0236219424879216,0.30133433830111067,0.012622136623075599,0.022889532136675203,0.023621942487921602
147011,0.0005879046940791,0.2527922272656537,0.0027857994107806,0.010065133541945,0.0006219149306609,0.481864316457276,0.00504555249029,0.0090516468434991,0.0005879046940791,0.99999999984528,0.0088271427813146,0.0121809338667004,0.0005879046940791,0.1303575728364099,0.0003618429743991,0.0098376938789289,0.0060413433705339,0.0037815902910245,0.0084652998069154,0.2290720891916223,0.0022597530795093997,0.0060413433705339996,0.008465299806915499
147012,0.0005886851120879,0.2532807077092047,0.0054735351803973,0.0133507451598021,0.001075020472235,0.6429659445817941,0.0220008241195561,0.0276483340743685,0.0005886851120879,0.9999999999032336,0.0202971902060515,0.0255985060609539,0.0005886851120879,0.0419008145002156,0.0002117839196302,0.0127028183725409,0.0148236550256542,-0.0017036339135046,0.0200854062864213,0.38968523687258944,0.0165272889391588,0.014823655025654199,0.0200854062864213
147013,0.0005869485091659,0.1853458278403536,0.001301241931999,0.0051163046354877,0.0009581329535019,0.3575688048998561,0.0034725310202641,0.0088736648193147,0.0005869485091659,0.9999999999222656,0.0054066556784123,0.0085722273115224,0.0005869485091659,0.179261274722967,0.0011607131819109,0.0064227362641655,0.0041054137464132,0.0019341246581482,0.0042459424965014,0.17222297705950249,0.0021712890882651,0.0041054137464133,0.0042459424965014
147014,0.0017987426700876,0.5414639846027117,0.0090889240620822,0.0132800544876576,0.0024577621104574,0.7168884139331922,0.0151701306143433,0.0195233469723703,0.0017987426700876,0.999999999988829,0.0150200907726444,0.0203054726971176,0.0017987426700876,0.1697152959334941,0.0021017622576512,0.0114504626515158,0.0059311667105621,-0.0001500398416988,0.0129183285149931,0.17542442933048052,0.0060812065522611,0.005931166710562199,0.0129183285149932
147015,0.0020896812941723,0.3117246444620509,0.0066736732235129,0.0107329066045433,0.002143128275175,0.4109504405721234,0.0092223820327708,0.0139729407076734,0.0020896812941723,0.9999999999844164,0.0212170250274955,0.0312062075422734,0.0020896812941723,-0.1001829774491837,-0.0018084638143842,0.0151222977671078,0.0145433518039825,0.0119946429947246,0.0230254888418797,0.09922579611007248,0.0025487088092578996,0.014543351803982599,0.023025488841879698
147016,0.0003691669230455,0.3267702934331727,0.0020895031733227,0.0064351833675643,0.0004720811240978,0.5284658899669402,0.0037352547333593,0.0074093040674779,0.0003691669230455,0.9999999996976706,0.0051905212215092,0.0071728330891704,0.0003691669230455,0.1463884241311316,0.0011317798632084,0.0062562731940326,0.0031010180481864,0.0014552664881499,0.0040587413583008,0.2016955965337675,0.0016457515600366,0.0031010180481865,0.0040587413583008
147017,0.0005249460877232,0.1206016575905685,0.0014607816787806,0.0064840818381676,0.000748086881277,0.2804083918228061,0.0029196095300557,0.0076230213561785,0.0005249460877232,0.9999999999321356,0.0057477820563608,0.0084425891754545,0.0005249460877232,0.1178470817259396,0.000277149777895,0.006288577886584,0.0042870003775802,0.0028281725263051,0.0054706322784658,0.15980673423223757,0.0014588278512750999,0.0042870003775802,0.0054706322784657995
147018,0.0003617965412644,0.2762449519731071,0.0007479353182862,0.003274398360967,0.0005075939667653,0.3893572046128349,0.0016046490278593,0.0048924310709719,0.0003617965412644,0.9999999997429758,0.0025041552186082,0.0047303103835506,0.0003617965412644,0.0651782237587835,8.820267840736999e-05,0.0037204065540488,0.0017562199003219,0.0008995061907489,0.0024159525402008,0.1131122526397278,0.0008567137095731,0.0017562199003220002,0.00241595254020083
147019,0.0005970387863017,-0.0279481267912863,-0.0004212775574234,0.0055856881420127,0.0008918480083052,0.4163880181498292,0.0056264457373894,0.0102272650325618,0.0005970387863017,0.9999999999539536,0.0080586481114868,0.0108266620863581,0.0005970387863017,-0.0911176466709687,-0.0007087591503369,0.0080532543848832,0.0084799256689102,0.0024322023740973,0.0087674072618237,0.44433614494111545,0.0060477232948128005,0.0084799256689102,0.008767407261823701
147020,0.002733784065704,0.2899391826428237,0.0075236612960097,0.0153858200523807,0.0022914072763908,0.3120217852878214,0.0080183675439036,0.0131274544919086,0.002733784065704,0.9999999999914844,0.030997361822774,0.0427103256253825,0.002733784065704,0.0742762893939273,0.0032443708255924,0.0267395665260396,0.0234737005267643,0.0229789942788703,0.0277529909971815,0.022082602644997673,0.0004947062478938991,0.0234737005267643,0.0277529909971816
147021,0.0005309748406497,0.4311097405112395,0.0047705625004739,0.0092236507141522,0.0009793486389228,0.5822970171355047,0.0109041669916365,0.0166180271202157,0.0005309748406497,0.9999999998707636,0.0091691748536608,0.0123521518459975,0.0005309748406497,0.0441159244504444,0.0009528957934691,0.0089757951539136,0.0043986123531868,-0.0017349921379757,0.0082162790601916,0.15118727662426523,0.0061336044911626,0.0043986123531869,0.0082162790601917
147022,0.0015860882720148,0.3806605448207662,0.0066178985343507,0.0112899043386295,0.0015083222576705,0.4127550318670979,0.0064873704274286,0.0111638619430197,0.0015860882720148,0.999999999984159,0.0131738525133563,0.018276136839935,0.0015860882720148,0.1595890896287536,0.0015025797006743,0.0108081882144049,0.0065559539790056,0.0066864820859277,0.011671272812682,0.032094487046331666,-0.00013052810692210006,0.0065559539790056,0.011671272812682
147023,0.0003720286912664,0.2038369830634321,0.0006405397109944,0.0060763395428339,0.0006987598152736,0.4118929898780457,0.0043934674708221,0.0097268361338277,0.0003720286912664,0.9999999997753544,0.0052320720867691,0.0075256436622989,0.0003720286912664,0.117884351544648,0.0011362699776306,0.0062428918429562,0.0045915323757746,0.0008386046159469,0.0040958021091385,0.2080560068146136,0.0037529277598277,0.004591532375774699,0.004095802109138499
147024,0.0009641906422133,0.4934848949179722,0.0056984538693299,0.0109865736486775,0.0010275939699429,0.7508683530511094,0.0089549629113696,0.0128674310469067,0.0009641906422133,0.9999999999474272,0.0106197863232325,0.0156644352107404,0.0009641906422133,0.1797734052586092,0.0020602951605901,0.0110506994487235,0.0049213324539025,0.0016648234118628,0.0085594911626423,0.25738345813313723,0.0032565090420397,0.004921332453902601,0.0085594911626424
147025,0.0013665056056205,0.4721680677032842,0.0101365051019487,0.0118894065035489,0.0018798649872365,0.3484746184891737,0.0110150337119465,0.0158303151810943,0.0013665056056205,0.9999999999908016,0.0198734801792209,0.0238489351210078,0.0013665056056205,0.0943394785239011,0.0010251853904832,0.0109942131255786,0.0097369750772722,0.0088584464672744,0.0188482947887376,-0.12369344921411046,0.0008785286099978005,0.009736975077272201,0.0188482947887377
147026,0.0005336864362188,-0.0268880467349172,-0.0011355638156461,0.0092360516633948,0.0004299991565547,0.3591629451814022,0.0045039790540479,0.0097036839120857,0.0005336864362188,0.9999999998638252,0.0122648855352807,0.0167279859397739,0.0005336864362188,0.0642293240726442,0.0007281587034767,0.0107895931597442,0.0134004493509268,0.0077609064812327,0.0115367268318039,0.38605099191631936,0.005639542869694,0.0134004493509268,0.011536726831804
147027,0.0011897451295907,0.2388215496417799,0.0046240850851141,0.0124703908376449,0.0012508454738631,0.5231471960610263,0.0103156941030654,0.0179322088116439,0.0011897451295907,0.9999999999724916,0.0154001923663453,0.0197107623519298,0.0011897451295907,0.0683010723665498,0.0010386627851885,0.0126493655625821,0.0107761072812311,0.0050844982632798,0.0143615295811568,0.2843256464192464,0.0056916090179513,0.0107761072812312,0.0143615295811568
147028,0.0018649826458709,0.1808467671080615,0.0038196596604838,0.0129169516490833,0.0016984233601443,0.5888697954453472,0.0151549418103841,0.0195043654868151,0.0018649826458709,0.9999999999855486,0.0276703140698107,0.0331989689867801,0.0018649826458709,0.1466487338212083,0.0036589885792916,0.0178063259082231,0.0238506544093268,0.0125153722594266,0.0240113254905191,0.40802302833728576,0.011335282149900299,0.0238506544093269,0.0240113254905191
147029,0.0010540559797138,0.3308307265575828,0.0037883664330306,0.0126547290700223,0.0012544692678476,0.6187450225634816,0.0100410928439518,0.0163383430468083,0.0010540559797138,0.9999999999573254,0.0135201463817158,0.0184260943309176,0.0010540559797138,0.2865889398376164,0.0044270990158438,0.014693466748694,0.0097317799486851,0.0034790535377639,0.0090930473658719,0.28791429600589885,0.0062527264109212,0.0097317799486852,0.009093047365872
147030,0.0002824905176906,0.1102398977371969,0.0001654153272319,0.0033678426383795,0.000510492499997,0.3362676365376667,0.0019818621130018,0.0050223974910347,0.0002824905176906,0.9999999997598384,0.0030458691988369,0.0046187137969076,0.0002824905176906,0.058267001487094,0.0002571507022711,0.0041359979439162,0.0028804538716049,0.0010640070858351,0.0027887184965657,0.22602773880046984,0.0018164467857698999,0.0028804538716050002,0.0027887184965658
147031,0.0003947663692003,-0.015282216939592,-0.0008446800707762,0.0074240426935953,0.0006912689873886,0.4028591332883492,0.0055925860286985,0.0105786977259998,0.0003947663692003,0.9999999998778204,0.0059734201998995,0.0095989180985159,0.0003947663692003,0.1148290733000146,0.000628260573702,0.0066993761450947,0.0068181002706757,0.0003808341712009,0.0053451596261975,0.4181413502279412,0.0064372660994747,0.006818100270675699,0.0053451596261975
147032,0.001231378817539,0.5188838034853497,0.0066080177407382,0.009293811479468,0.0020777605082257,0.6374334882348477,0.0130275474066232,0.0175748016365858,0.001231378817539,0.9999999999766972,0.01137612447805,0.0139100119919305,0.001231378817539,-0.0321993766860091,-0.0005266860089219,0.0092104448995122,0.0047681067373117,-0.0016514229285732,0.0119028104869719,0.11854968474949801,0.006419529665885001,0.0047681067373118,0.0119028104869719
147033,0.0007234632158591,0.1440540880609383,0.0015604226050792,0.0079849956411678,0.0008399663801895,0.1774931250582649,0.0022948821690234,0.0077613497084436,0.0007234632158591,0.9999999999647828,0.00871145148833,0.0130110412201411,0.0007234632158591,0.0949500014172976,0.000820147837436,0.0087158588897873,0.0071510288832508,0.0064165693193066,0.007891303650894,0.03343903699732659,0.0007344595639442002,0.0071510288832508,0.007891303650894
147034,0.0011587309525732,0.0412039389216298,0.0014735437677666,0.0083818004071718,0.0012237717765803,0.4398595775581571,0.0059873431140396,0.0114878407508055,0.0011587309525732,0.9999999999747522,0.0097687311028785,0.0129313562131968,0.0011587309525732,0.435419359650626,0.0038832613752836,0.008419169856837,0.0082951873351118,0.0037813879888388,0.0058854697275948,0.39865563863652725,0.004513799346273,0.0082951873351119,0.0058854697275949
147035,0.0003297325147501,-0.1260572378319002,-0.001148825171275,0.0046035462850136,0.0004396000005825,0.1939662457797406,0.0023190985663806,0.0070522777659074,0.0003297325147501,0.999999999626144,0.0053245157968403,0.008091868348898,0.0003297325147501,0.1899795934837654,0.0001733702787667,0.0053782650333297,0.0064733409681153,0.0030054172304597,0.0051511455180735,0.3200234836116408,0.0034679237376556,0.0064733409681153,0.0051511455180736
147036,0.0005391216761139,0.3581564439257709,0.0026887293050168,0.0091990585342207,0.0011235819592159,0.6589848779454838,0.0110424015580102,0.015521206922964,0.0005391216761139,0.99999999988001,0.0082855899369868,0.0103845256076002,0.0005391216761139,0.0264149952595364,0.0002341580716506,0.0080179786253787,0.0055968606319699,-0.0027568116210234,0.0080514318653361,0.3008284340197129,0.0083536722529934,0.00559686063197,0.0080514318653362
147037,0.0005460824134794,0.3910636734372926,0.0031798914880218,0.0071028418807011,0.0006535228933649,0.4693529188095724,0.0042560984053326,0.0085647416853445,0.0005460824134794,0.999999999914709,0.0066457926940279,0.0099111193225475,0.0005460824134794,0.1580355669529638,0.0004765150370776,0.0063998780375121,0.003465901206006,0.0023896942886953,0.0061692776569503,0.07828924537227983,0.0010762069173108,0.0034659012060060997,0.0061692776569503
147038,0.0004923378321223,0.4496490643080085,0.0033898509901258,0.0076514529946774,0.0006261819604048,0.5955981673008136,0.0050139690341799,0.0096949587991918,0.0004923378321223,0.9999999998685184,0.0067928749427848,0.0106816384849005,0.0004923378321223,0.0812381486126008,0.0008406571703291,0.0066161682784815,0.0034030239526589,0.0017789059086048,0.0059522177724556,0.1459491029928051,0.0016241180440541001,0.0034030239526589997,0.0059522177724557
147039,0.0006021880100635,0.4942993966235136,0.0021381740572168,0.0053249184847777,0.0010350535736139,0.5374621761119721,0.0047026353561589,0.0092931728418235,0.0006021880100635,0.9999999998916416,0.0047851316432646,0.0066306880106068,0.0006021880100635,0.1991401806458293,0.0007371718897779,0.0058498561604763,0.0026469575860478,8.249628710575111e-05,0.0040479597534867,0.043162779488458536,0.0025644612989421003,0.0026469575860478003,0.0040479597534867
147040,0.0013650097498182,0.3978716665683864,0.0108385296132519,0.0142746528161868,0.0017405366416676,0.4921581560483943,0.0158773471965057,0.0196623109405535,0.0013650097498182,0.9999999999708168,0.0249179965919043,0.0330816877599456,0.0013650097498182,0.1404526778802631,0.004303054813861,0.0169792512713357,0.0140794669786524,0.0090406493953986,0.0206149417780433,0.0942864894800079,0.0050388175832538,0.014079466978652401,0.0206149417780433
147041,0.0018560181097608,0.2955951350310022,0.0044674319143953,0.0124533394427566,0.0014743114199743,0.5954761423824118,0.0100195799146158,0.0140912141562325,0.0018560181097608,0.9999999999830186,0.0203060516798095,0.0304222051754973,0.0018560181097608,0.107555180033315,0.0018086337090167,0.017921166149244,0.0158386197654141,0.0102864717651936,0.0184974179707927,0.29988100735140955,0.0055521480002205005,0.0158386197654142,0.0184974179707928
147042,0.0006607925471251,0.4297102644027561,0.0028817230413049,0.0054792372005495,0.0011251281115049,0.6516693405989729,0.0076081888614549,0.0109680224528412,0.0006607925471251,0.9999999999187702,0.0058797346412439,0.0076151755328787,0.0006607925471251,0.0427656883008103,0.0001576089477505,0.0053261690347507,0.002998011599939,-0.0017284542202109,0.0057221256934934,0.22195907619621674,0.004726465820149999,0.002998011599939,0.0057221256934934005
147043,0.0005354862497168,0.1253881313064084,0.0011902281899805,0.0058294754102078,0.0007286124377573,0.4158925995303321,0.0048895903038553,0.0099693674132385,0.0005354862497168,0.9999999999041104,0.0057783516151652,0.0078763071970488,0.0005354862497168,0.1653468066266257,0.0010293106479032,0.0055939936904776,0.0045881234251846,0.0008887613113098,0.0047490409672619,0.2905044682239237,0.0036993621138748005,0.0045881234251847,0.004749040967262
147044,0.0019108801327919,0.4882024104169657,0.0085596127323152,0.0125802910694928,0.0023490105424373,0.6050947084936021,0.0127065120692841,0.0177710898689644,0.0019108801327919,0.9999999999780874,0.0154731878779565,0.0197545317539413,0.0019108801327919,-0.0109182108162355,-0.0004856367596715,0.0143877977103919,0.0069135751456413,0.0027666758086723,0.015958824637628,0.11689229807663643,0.0041468993369689015,0.006913575145641301,0.015958824637628
147045,0.0007100560956061,-0.2843468930688108,-0.004310139905086,0.013699639257207,0.0007041354426855,0.5133517711825546,0.0069071671419251,0.013722191911488,0.0007100560956061,0.9999999998750868,0.0128271638063757,0.0190816744524292,0.0007100560956061,-0.090326153084846,-0.0014571719405432,0.0142205749209821,0.0171373037114617,0.0059199966644506,0.0142843357469189,0.7976986642513654,0.0112173070470111,0.0171373037114617,0.0142843357469189
147046,0.0013171156480834,-0.0304971084156445,-0.0018744773966745,0.0277367669527956,0.0012969851943848,0.3828325166285971,0.0098953987245967,0.0224547045437976,0.0013171156480834,0.9999999999837236,0.0290049971254617,0.0412237235445419,0.0013171156480834,0.1735991805301623,0.0046349730633529,0.0238089344735069,0.0308794745221363,0.0191095984008649,0.0243700240621087,0.4133296250442416,0.0117698761212712,0.0308794745221362,0.0243700240621088
147047,0.0021247250100986,0.5046857108517799,0.0119714757129821,0.0184986263628658,0.0021410955726633,0.6652562799862571,0.0156762144869105,0.0205520285019779,0.0021247250100986,0.9999999999827258,0.020884277781144,0.0284848189734868,0.0021247250100986,0.0966359530901629,0.0021037430259628,0.015971482628907,0.0089128020681619,0.0052080632942334,0.0187805347551812,0.1605705691344772,0.0037047387739283996,0.0089128020681619,0.0187805347551812
147048,0.0008166118395346,0.2342423018087598,0.002373177639486,0.0072962401026178,0.0013271234395649,0.3295279970064559,0.0042578422558506,0.0106067147258427,0.0008166118395346,0.9999999999307604,0.0069681160499126,0.0120848037454777,0.0008166118395346,0.1818881846482938,0.0017573847036437,0.0071136419025572,0.0045949384104266,0.0027102737940619,0.0052107313462689,0.09528569519769611,0.0018846646163645999,0.0045949384104266005,0.0052107313462689
147049,0.0003859005984646,0.309562602772182,0.0022410794325865,0.00714799325457,0.0005613231606791,0.2203316305193013,0.0021112167961043,0.0075002099116702,0.0003859005984646,0.999999999836196,0.0054742488121712,0.0090803506880772,0.0003859005984646,0.0084894611108479,-0.0001925622535332,0.0062713847653919,0.0032331693795847,0.0033630320160669,0.0056668110657045,-0.08923097225288071,-0.00012986263648219996,0.0032331693795847,0.0056668110657044
147050,0.0011621715130233,0.1208376709125335,0.0023994506471239,0.0116660015572985,0.0009583267872899,0.2726567044049227,0.0037613372139552,0.0105950162926038,0.0011621715130233,0.9999999999716024,0.0151150777694326,0.0239324463657332,0.0011621715130233,-0.1290477016438218,-0.0015540674127577,0.0150315936793051,0.0127156271223087,0.0113537405554773,0.0166691451821904,0.15181903349238918,0.0013618865668312999,0.0127156271223087,0.0166691451821903
147051,0.0011158910296164,0.3887871335429771,0.0049459920988536,0.0114974833420247,0.0011547613570927,0.4025529017771281,0.0054032508761903,0.0111257039209319,0.0011158910296164,0.9999999999575884,0.015028604090799,0.0221214344407092,0.0011158910296164,0.0851867192982694,0.0012977948056741,0.0130772018049856,0.0100826119919453,0.0096253532146086,0.0137308092851248,0.013765768234150988,0.00045725877733669967,0.010082611991945399,0.0137308092851249
147052,0.0020632471871502,0.423369028070143,0.0105970898944155,0.0147990993547156,0.0022968000483825,0.4235841003294947,0.011269840494053,0.0168111287297315,0.0020632471871502,0.9999999999824398,0.0202404146208763,0.0236357372114098,0.0020632471871502,0.160992005765132,0.0028397963737683,0.0141006237142122,0.0096433247264608,0.0089705741268233,0.017400618247108,0.0002150722593516896,0.0006727505996374991,0.0096433247264608,0.017400618247108
147053,0.0001878609589022,0.6339264005266615,0.0013056185181801,0.0024584691067988,0.0005258190930152,0.676583084239522,0.0042553937140661,0.0075902107610168,0.0001878609589022,0.99999999969717,0.0018862528910913,0.0026670957288073,0.0001878609589022,0.2939789427778008,0.0004862579472569,0.0019013527396135,0.0005806343729112,-0.0023691408229747,0.0013999949438344,0.042656683712860466,0.002949775195886,0.0005806343729112,0.0013999949438344
147054,0.0012454656152726,0.3376920401650536,0.0052747096223614,0.0124787904927172,0.0016726438939961,0.4725397477915956,0.0122101101484425,0.0227461682133165,0.0012454656152726,0.9999999999835456,0.0199314576308546,0.0276060751063158,0.0012454656152726,0.0290564627708221,0.0013819375066472,0.0143041246931749,0.0146567480084932,0.0077213474824121,0.0185495201242074,0.13484770762654197,0.006935400526081099,0.0146567480084932,0.0185495201242074
147055,0.0011132104816298,0.3108396807246004,0.0057860393949838,0.0114924599702203,0.001105966206869,0.1508162143554847,0.0025148794704177,0.0089008905963928,0.0011132104816298,0.9999999999763514,0.0173966465829498,0.0214963418708071,0.0011132104816298,-0.0138982199916666,-0.000219611165656,0.0126470036320298,0.0116106071879659,0.014881767112532,0.0176162577486058,-0.16002346636911569,-0.0032711599245661,0.011610607187966002,0.017616257748605802
147056,0.0005567854374018,-0.0036497959358842,0.0003531935215644,0.0047178115098263,0.0008604151301415,0.2587729018627548,0.0015016617803492,0.0060491029044222,0.0005567854374018,0.9999999999170176,0.0037075736915115,0.0059390792889101,0.0005567854374018,0.007764888962179,-0.0001905648429212,0.0050379020920857,0.0033543801699471,0.0022059119111622,0.0038981385344327,0.262422697798639,0.0011484682587848002,0.0033543801699471,0.0038981385344327
147057,0.0025443098529951,0.7904681803174948,0.0145360236292484,0.016876807061881,0.0025233893530027,0.629626918212947,0.0119853844173082,0.0148877967769429,0.0025443098529951,0.99999999999528,0.0177625268035287,0.0198370086064055,0.0025443098529951,0.1884214851751442,0.0036310854626411,0.0133923667664362,0.0032265031742803,0.0057771423862205,0.0141314413408876,-0.16084126210454774,-0.0025506392119402,0.003226503174280299,0.0141314413408876
147058,0.0009684053724687,0.6377179016683941,0.0113175501217331,0.0150049479243299,0.0011940394048158,0.7517894001602171,0.0153874941078468,0.0195110979423117,0.0009684053724687,0.9999999999392868,0.0161143216310437,0.020218438827024,0.0009684053724687,0.3854056797531404,0.0060917882876099,0.0118184112017745,0.0047967715093105,0.0007268275231969,0.0100225333434338,0.11407149849182296,0.004069943986113701,0.004796771509310601,0.0100225333434338
147059,0.0016553345429359,0.5547752152212474,0.0126900664195309,0.0159197636485344,0.0017320182851563,0.5895243897026903,0.0145996197634989,0.017443906412487,0.0016553345429359,0.9999999999805383,0.0235619307119262,0.0279169206764574,0.0016553345429359,0.1099006562338702,0.0026749137205936,0.0150179362520158,0.0108718642923952,0.0089623109484272,0.0208870169913326,0.03474917448144288,0.0019095533439680012,0.0108718642923953,0.0208870169913326
147060,0.0003961112048838,-0.0038618808710505,-8.574338985195898e-05,0.0048065177093011,0.0006618532015121,0.3350138576375811,0.004862044537073,0.0112498467297728,0.0003961112048838,0.9999999998846472,0.0085938757623497,0.0120485620926715,0.0003961112048838,0.1819355222069515,0.0017131604120469,0.0057926170727619,0.0086796191522017,0.0037318312252767,0.0068807153503028,0.3388757385086316,0.004947787926924959,0.008679619152201659,0.0068807153503028
147061,0.0003793014065758,0.3478104505602759,0.0024977504349963,0.0072683046548159,0.0005327826420038,0.5774633558674761,0.005185615496835,0.0098002535548615,0.0003793014065758,0.9999999997092508,0.0063067279124404,0.0093177857513587,0.0003793014065758,0.092496280363285,0.0006970366892478,0.0071384739483633,0.003808977477444,0.0011211124156053,0.0056096912231925,0.22965290530720023,0.0026878650618387006,0.0038089774774441,0.0056096912231926
147062,0.0023088766673651,0.0244097145189651,-0.0004785532471133,0.0203118770526079,0.0017463282982172,0.2713207826155393,0.0075082915250915,0.0235122528719957,0.0023088766673651,0.9999999999955674,0.0330855023108295,0.0466367542053025,0.0023088766673651,0.2783400420697227,0.0107396805690108,0.0286688988082981,0.0335640555579428,0.0255772107857379,0.0223458217418186,0.24691106809657423,0.0079868447722048,0.0335640555579428,0.0223458217418187
147063,0.0011815007528181,0.33791970633675,0.0075288842304267,0.0167376580277389,0.0015773398799789,0.6320709634766324,0.0192749697576608,0.0261080370096057,0.0011815007528181,0.9999999999721964,0.0221592632952747,0.0316700672770807,0.0011815007528181,0.1923927472823123,0.0043406053693233,0.0153037293848663,0.014630379064848,0.0028842935376139,0.0178186579259514,0.2941512571398824,0.011746085527234102,0.014630379064848,0.0178186579259514
