seed,condition,M_fro,u1_v1_abs_cos,u1_v1_angle_deg,normalized_inherited_closure_gain,normalized_third_pass_gain,second_output_cos_v1,second_output_cos_u1,sigma1,spectral_radius,sigma1_over_rho,normalized_nonnormality
180000,NATIVE,1.93220977436284,0.0790255804719068,85.46744172115773,0.1735933852014014,0.038204410501676,0.141757888495413,0.4552338234560087,0.0904642288420626,0.0233590735745568,3.87276612462038,0.83244460443603
180000,RECIPROCAL,1.9322097743628392,0.5179965517636925,58.80204015264675,0.5477745387602042,0.2264586962077402,0.3511654019599098,0.9456382418505414,0.2968890642565405,0.1096012309468872,2.7088114037734705,0.8980478376090206
180000,PERMUTED,1.9322097743628392,0.7936467183657104,37.47237898582818,0.7967487928946191,0.6223616201448814,0.7754879206791736,0.9961065839614944,0.110280446352521,0.0850026847148655,1.2973760384445074,0.5613315522457926
180000,ORTHOGONAL,1.9322097743628397,0.4307378330560569,64.48560600443383,0.5530008323479791,0.2071357448421008,0.1911134984382013,0.7789099181409695,0.1087484272799271,0.0477289296657734,2.2784593755076115,0.6910334597189316
180001,NATIVE,1.825440902462513,0.3590187561838989,68.96005328938945,0.3664426972672953,0.1135620279524584,0.3011662303647936,0.9797405129403246,0.1533184019616765,0.051312343240103,2.9879438801743907,1.0375467421547675
180001,RECIPROCAL,1.8254409024625124,0.3877158764119901,67.18755097918581,0.3995080984787534,0.1093478744066711,0.2498078625684624,0.9704831463700808,0.494149216625385,0.139337458971206,3.5464204692257013,1.1845499346677746
180001,PERMUTED,1.8254409024625124,0.3141883936524049,71.6881751797476,0.3320389732287276,0.0677933254790171,0.1497366138072413,0.9462395049510416,0.3299541754561262,0.0937305060302654,3.5202431890166146,1.1818537918625112
180001,ORTHOGONAL,1.825440902462512,0.0822128537514683,85.28422796910142,0.2220757993609083,0.0534563775545917,0.1648102343779128,0.3702017688917934,0.0951415095650344,0.0280621597499383,3.39038443273205,0.7940473964207622
180002,NATIVE,1.8476931086005943,0.0443113463551152,87.46031529659736,0.434217055323759,0.2143497460638267,0.415446701384562,0.1020488389662064,0.0918496131150396,0.034814221454199,2.638278533267579,0.6953838020017366
180002,RECIPROCAL,1.8476931086005937,0.5833584735315914,54.31289185101711,0.629895396370641,0.3760293798503521,0.4919431335407132,0.9261196015922758,0.1561793875089543,0.0747269129780329,2.0900018652565446,0.6595340816395545
180002,PERMUTED,1.8476931086005937,0.0953852436247188,84.52650666082462,0.2147115764010748,0.0842509049949341,0.00613287395191,0.4442482572366789,0.1034539867444391,0.0321430542586396,3.218548738772357,0.7733094257627333
180002,ORTHOGONAL,1.8476931086005937,0.4651372828176873,62.28089288179928,0.50289071090128,0.2469625067400025,0.4421008677692088,0.924927171520154,0.0676610589632542,0.0273336896288066,2.4753723292425414,0.638764646038694
180003,NATIVE,2.004133521950741,0.0246671988722037,88.5865302450043,0.1839479856380448,0.1110500915246875,0.5914624334920305,0.1340987713817149,0.0604668791995103,0.0191480323172482,3.157863857637192,0.6629500353661639
180003,RECIPROCAL,2.0041335219507403,0.7558468103053024,40.90058270763119,0.7605695252235267,0.5757872207213188,0.7498264681541597,0.993790554628336,0.2339048247910889,0.1778214435051668,1.315391553349364,0.7084456662599888
180003,PERMUTED,2.0041335219507403,0.4693894531424499,62.005328084889946,0.5015882846997248,0.1711036292734737,0.2915573391244266,0.935806252778502,0.1334609889872107,0.0365585606569752,3.650608409873029,0.8744422191947832
180003,ORTHOGONAL,2.004133521950741,0.0317517163974565,88.18045483515658,0.4145174064056736,0.2060397364508751,0.4777090350316842,0.0765992354163814,0.0807090925387414,0.0384925611166136,2.09674519433067,0.6830511385188547
180004,NATIVE,1.978809720750212,0.1214415785147848,83.02469252952623,0.3036491820925814,0.0488737638888766,0.1153654913943836,0.3999404104363976,0.1113982467763842,0.0309928267553725,3.594323539948478,0.9296136265980928
180004,RECIPROCAL,1.978809720750212,0.4254599725449538,64.82021835401667,0.4417466393901986,0.1478946938568957,0.3091816952707225,0.9631312037421964,0.3050443419234102,0.107928542446988,2.8263546880866843,1.064921423056806
180004,PERMUTED,1.978809720750212,0.6378604623790297,50.36753605002199,0.6446533220645929,0.4497362049964369,0.6918838203392134,0.9894627709916838,0.2511304207360308,0.173032420805923,1.4513489412351386,0.9161288957632844
180004,ORTHOGONAL,1.9788097207502116,0.539548784514921,57.34707206501904,0.5685467189149027,0.3820820865716861,0.656759310029383,0.9489963912634504,0.1837343689799286,0.1210901526452967,1.5173353486317824,0.9860448099471418
180005,NATIVE,2.077212149526772,0.2716642824719343,74.23667461723723,0.4566697663871215,0.1542075587529581,0.1417451325271965,0.5948812522036718,0.0580100963995643,0.0194492723226909,2.9826358249857283,0.6031675389859288
180005,RECIPROCAL,2.077212149526772,0.5844750811090066,54.234084449359365,0.6051266428822579,0.2987612194680818,0.4575759898678973,0.9658723309968796,0.1844934245923962,0.078639327503461,2.3460707313942137,0.7542378053532487
180005,PERMUTED,2.077212149526772,0.309546329040349,71.96810769268576,0.4758697462757231,0.0994929016298301,0.0249147225760795,0.6504854142607971,0.0631743509824655,0.0254430712911447,2.4829687524575808,0.6163076268273989
180005,ORTHOGONAL,2.0772121495267712,0.4028594900583318,66.24293885112607,0.5607175677484093,0.1498528104865897,0.1804522416635386,0.7184713182360767,0.0777459326687858,0.0293389889737651,2.6499186027951853,0.6553190216255023
180006,NATIVE,1.9261128663323623,0.0062847993043834,89.63990515419903,0.1194650557524376,0.0568667972519541,0.4326961144812067,0.0526078464099754,0.0854606478729055,0.0206471864732384,4.139094107745388,0.8090322617463334
180006,RECIPROCAL,1.926112866332362,0.5723127100769293,55.08834397195493,0.582397771279684,0.3174895145454909,0.5254719557074785,0.982683551173972,0.2414293619929775,0.1174778296099534,2.055105740330431,0.9157872530039196
180006,PERMUTED,1.926112866332362,0.3283786105719616,70.82960673210879,0.4016565412468469,0.0994374074431139,0.0061662776232004,0.8175607187986665,0.1060085080248214,0.0380807735454555,2.783780321538908,0.8181281672950267
180006,ORTHOGONAL,1.926112866332362,0.4677200738194508,62.11359691624035,0.5581705306554435,0.3564992866634149,0.6043676510553667,0.837951930694393,0.0602453187757703,0.0379034456089166,1.5894417462035773,0.5968465230709299
180007,NATIVE,1.962170094088696,0.2501263551291523,75.51501064521486,0.3798067243194379,0.0420878035898885,0.0253273697394617,0.6585622083899144,0.0689588112266599,0.0208046178003015,3.3145915915675803,0.6898386429592545
180007,RECIPROCAL,1.962170094088695,0.578180134382805,54.67735547496563,0.6133535106507204,0.3321523522918301,0.4309530930189832,0.9426539904685604,0.2098344041581518,0.0936259783658736,2.2411985201175044,0.7499458845622845
180007,PERMUTED,1.962170094088695,0.1657604448294028,80.45858690619414,0.4201606454058177,0.1570222047471368,0.1906642979502259,0.3945168274132348,0.0715817423044318,0.0320192022633708,2.235587936127853,0.7375354624342931
180007,ORTHOGONAL,1.962170094088695,0.2037875865450427,78.24146527621501,0.5456747585139025,0.2919134100078776,0.3359322342012454,0.3734598006696091,0.0544125878135092,0.0337536427389274,1.6120508306131551,0.5903159917823428
180008,NATIVE,1.888696535233719,0.2586085691359954,75.01248442924602,0.4158132593754741,0.1875926269806467,0.4102459544411484,0.6219343979660646,0.1103719141578779,0.0485925914345007,2.271373287564814,0.8599337712490341
180008,RECIPROCAL,1.8886965352337184,0.6331687395029224,50.71570475336964,0.6455523647097516,0.3609634932528796,0.5395774955162361,0.9808170089929108,0.2238911929269216,0.1114663834430289,2.008598341591944,0.7628975963342755
180008,PERMUTED,1.8886965352337184,0.5745164457310867,54.93422437518381,0.5875788752182757,0.2994146862453353,0.4857171698079277,0.9777690620985312,0.1801219520263303,0.0753886429728917,2.389245182342601,0.7742609706925848
180008,ORTHOGONAL,1.8886965352337188,0.3626065248836203,68.7396418144083,0.4335884624284262,0.1061927840634795,0.0691831461914719,0.8362919134257931,0.1030355566217622,0.0341989123354504,3.012831390984125,0.7715767217493928
180009,NATIVE,1.9295338123865104,0.238433632255665,76.20588950222151,0.3144179652350946,0.0663130666002982,0.0809408679165057,0.7583333607460412,0.0710115686194618,0.0236230954224381,3.0060230189820656,0.7764361043307675
180009,RECIPROCAL,1.9295338123865096,0.7065169954458834,45.04776952724136,0.7158701946507234,0.473469679479885,0.644520226470445,0.986934503943964,0.2507191286664588,0.1553062018769296,1.6143536165100232,0.7699795000149972
180009,PERMUTED,1.9295338123865096,0.201393755621795,78.38152609339998,0.5536132623856769,0.260335269769079,0.2124915830531926,0.3637805834960113,0.0701293271550219,0.0284164642893706,2.467911786662772,0.5816865315907152
180009,ORTHOGONAL,1.9295338123865091,0.6045654278051652,52.80242312960276,0.7397377508995193,0.4232051676112521,0.3606549775083462,0.8172699406918225,0.0496936018975064,0.0236518622973191,2.1010439378017542,0.5187077393202643
180010,NATIVE,1.8589666292713096,0.2023696164368908,78.32443793475066,0.4710894378029243,0.2390856419412024,0.2816368187109765,0.4295779106844357,0.0439541656524053,0.0177396979009308,2.477729096508262,0.5922898174973038
180010,RECIPROCAL,1.8589666292713087,0.6385982449864254,50.312626601537694,0.6465905041244487,0.3726702255625549,0.5543545137933673,0.9876393805862476,0.1239001842430996,0.0671179024549329,1.8460079905848068,0.6301980742970005
180010,PERMUTED,1.8589666292713087,0.6109173273571631,52.344138700303,0.623510653843511,0.35074157599045,0.5342012899145985,0.9798025480258834,0.102185031333439,0.0503225729325956,2.030600292840915,0.8055866425086454
180010,ORTHOGONAL,1.858966629271309,0.5583799784698719,56.05616366221619,0.6233901684816339,0.4103608327452064,0.6002969930264824,0.8957150861552382,0.0348379933961072,0.0201601124591908,1.7280654295270617,0.4793523940560955
180011,NATIVE,1.8371604256706917,0.4194643688136659,65.19922452448914,0.4844726846048301,0.2071038913289912,0.3783866911260288,0.8658163445392271,0.0762890066203189,0.0266199710648939,2.865856106091909,0.7454651074416843
180011,RECIPROCAL,1.8371604256706908,0.5695273564048562,55.28272654763062,0.5843394607257529,0.3356318070237244,0.5380260474436429,0.9746515419264916,0.0968210969743539,0.043688337578366,2.216177184601693,0.6310212739073405
180011,PERMUTED,1.8371604256706908,0.0176616225602577,88.98801095117848,0.2152861312062959,0.0845068917845787,0.3225778037202578,0.082037902122609,0.0698239966239711,0.0220242380168788,3.170325192202178,0.6896355023436728
180011,ORTHOGONAL,1.8371604256706904,0.5634049085333027,55.708401526604895,0.5921016635034677,0.2885636687037192,0.4546114948308238,0.951534074739165,0.058747942930714,0.0216571978776942,2.712628995795365,0.6946370263424323
180012,NATIVE,1.87843162643001,0.0839467132726057,85.18454049381081,0.1295506083975923,0.029649497883018,0.0266889912112349,0.6479839370184275,0.1069466982508086,0.027279366286506,3.920424584925444,0.8630179353033894
180012,RECIPROCAL,1.8784316264300096,0.596883262715282,53.35299761224953,0.6165215958579223,0.3269243365423054,0.5086938563789152,0.96814656084299,0.2792136736216879,0.1441697286644568,1.936701110616174,0.905267502036716
180012,PERMUTED,1.8784316264300096,0.6992279858964067,45.63490202874181,0.7012315165491381,0.4941140871912453,0.7023850214089322,0.9971428399815888,0.26984557993182,0.1902472609018348,1.418394034440556,0.942729361769582
180012,ORTHOGONAL,1.8784316264300096,0.7842048941760956,38.35279961752632,0.7844328943719682,0.6155043001266874,0.784438497568899,0.999709343912638,0.2006009597001948,0.1575095317021447,1.2735798115350634,0.7962901345026674
180013,NATIVE,1.8366604255960088,0.5026687748278906,59.82327764748519,0.529474498917111,0.2666613389147261,0.4749288731745075,0.9493729648093564,0.1165914251463796,0.0610608712011982,1.9094294407003107,0.8223383153559818
180013,RECIPROCAL,1.836660425596008,0.6004534604474167,53.09761873397614,0.6082421324251407,0.3543368338303788,0.5685480067062447,0.9871947838492018,0.2681679874460832,0.1462431074346019,1.8337136850432607,0.8714771252664874
180013,PERMUTED,1.836660425596008,0.5391760855445951,57.3724309827752,0.5477138562285905,0.284863643522391,0.5138490900636173,0.9844119870496076,0.12688717042929,0.067806834775919,1.8713035470334456,0.7053978473746247
180013,ORTHOGONAL,1.836660425596008,0.5454546068192098,56.94426465422073,0.5746514811516764,0.2686041333612625,0.4303225089484206,0.9491920315354314,0.1038676839946589,0.0495585850723578,2.0958565270377494,0.7007875512078355
180014,NATIVE,1.9032324722153884,0.2572659570998226,75.09210465562664,0.3299030128506221,0.0396568526171661,0.0425543879650718,0.7798229997260057,0.0878412024760848,0.0214806993970145,4.089308306613572,0.8166298135971427
180014,RECIPROCAL,1.903232472215388,0.635119986907385,50.571115760352,0.6406469694644491,0.385249416354988,0.5934201025383146,0.9913728108919524,0.2380576643047311,0.139245762547653,1.7096223249397673,0.801930498191507
180014,PERMUTED,1.903232472215388,0.7330088988587651,42.86076265240867,0.7615250589144766,0.5453326694040156,0.6504688997701867,0.962553878271102,0.1312293626963241,0.0863200852252378,1.5202645172777751,0.6393868654309013
180014,ORTHOGONAL,1.903232472215388,0.4690101677487346,62.029936451627925,0.4854994906814217,0.2351145441785377,0.4555736821416444,0.9660363743954724,0.0911946123134843,0.0447548798143509,2.03764623414853,0.8095393529309827
180015,NATIVE,1.9729627236449736,0.082068491055877,85.2925273881362,0.2094411038369955,0.0429297290467724,0.1367362229972039,0.3918451992105077,0.1296605461232749,0.0351240091774425,3.691507580135304,1.0023313814457506
180015,RECIPROCAL,1.9729627236449732,0.4729096898339168,61.77666282586421,0.5067494583669206,0.2110664470384315,0.341649801098291,0.9332218950128516,0.1813443038100779,0.0742964795597567,2.440819603898191,0.7945002652427595
180015,PERMUTED,1.9729627236449732,0.0963636313893639,84.4701897413644,0.2122037831858167,0.0677014133561369,0.181584105338373,0.4541089227659136,0.1153609276062385,0.0394130184344004,2.926975202324177,0.9430193273032236
180015,ORTHOGONAL,1.9729627236449727,0.2665131811448175,74.54311432644123,0.3129635549704697,0.0880223655143326,0.187222667056046,0.8515789679407275,0.0777752721008303,0.0206979967906051,3.75762315975084,0.7963548511641528
180016,NATIVE,1.857456293170792,0.3436634272298737,69.89977226469287,0.361290102385907,0.0935494716069662,0.237999154509335,0.951211851529742,0.0836445013064508,0.0177483598291622,4.712801752475762,0.8656141836546823
180016,RECIPROCAL,1.857456293170791,0.8087562364357365,36.025410251979345,0.8184474680508809,0.6597606170791444,0.7777278773281905,0.9881590059307924,0.2321487022540022,0.1736759635644076,1.3366772090365209,0.5923923057249965
180016,PERMUTED,1.857456293170791,0.5241567933661733,58.38850367343491,0.7154218900146092,0.4240824734634251,0.13952112075004,0.732654117356494,0.1016423049084914,0.0602055878589331,1.6882536741713472,0.6657231500598169
180016,ORTHOGONAL,1.8574562931707912,0.1901970635771818,79.03571517611599,0.5955854967697776,0.2844667108167226,0.3845197954482176,0.3193446862100122,0.0624746388629506,0.0361646642691344,1.727505014232064,0.5950255961429892
180017,NATIVE,1.963361497679864,0.0302991334165666,88.263721801781,0.1983099206889422,0.025777553936662,0.0017441364771091,0.1527867759278251,0.0847881467477702,0.0228629863553067,3.7085333223796657,0.8360852298001811
180017,RECIPROCAL,1.9633614976798637,0.5026114634068518,59.82707604964634,0.5407847359992276,0.2063820222174615,0.2800387288637688,0.9294113349522636,0.2272665361075482,0.0953580561719265,2.3832966529623243,0.8834319523436516
180017,PERMUTED,1.9633614976798637,0.558137500050075,56.07290892473267,0.5868949831796567,0.3455106735130721,0.5506841813379426,0.951000632219098,0.137582989484662,0.0835729460475445,1.64626228931058,0.8294698744596374
180017,ORTHOGONAL,1.9633614976798637,0.7098287784920932,44.779014015758186,0.7254122762788685,0.4714209054730774,0.6228589600588864,0.9785177363323349,0.0828096604732948,0.0508890555206879,1.6272587421008138,0.6596929911904796
180018,NATIVE,1.993969121572576,0.0937670789259781,84.61963812889093,0.2639282674248389,0.0483251032838055,0.1020800167106379,0.3552748625255852,0.0424434566052666,0.0135259304172089,3.1379324967739715,0.609436190005957
180018,RECIPROCAL,1.993969121572575,0.7107577925016263,44.70339509973067,0.7234191183594351,0.5097109337846492,0.6764216258589381,0.9824979385580432,0.1415801041259922,0.0961082232241152,1.4731320523514349,0.6515897557406599
180018,PERMUTED,1.993969121572575,0.3917775459537662,66.934851196771,0.514337801074792,0.2224775980729972,0.0070345912598744,0.76171252654399,0.0666295542338626,0.0369417398082621,1.8036387722854044,0.6269291447530966
180018,ORTHOGONAL,1.9939691215725752,0.5453713302030869,56.949957309756414,0.65379515258666,0.4206223551065829,0.5168989331665046,0.8341623948195088,0.0468828986141676,0.0255248985330647,1.8367516154249943,0.5576711517999903
180019,NATIVE,1.9257806275900915,0.4363349678597281,64.12972958231012,0.4633102148769321,0.2039408193185973,0.4135555574499283,0.9417771373239132,0.1264289964504995,0.0559336434714341,2.260339012513388,0.7571790265776627
180019,RECIPROCAL,1.9257806275900904,0.5543864328661247,56.33153580452819,0.5707378225881431,0.289229165126902,0.4818440373183527,0.9713504360936324,0.3473714883429945,0.1627362596193501,2.1345672387672856,0.9706812213517748
180019,PERMUTED,1.9257806275900904,0.4545973769968826,62.96096824994131,0.4622206370756563,0.2066825294105877,0.4414281727092832,0.9835073134617996,0.2373340827079774,0.1051672977087711,2.2567289250428377,1.0154285336764648
180019,ORTHOGONAL,1.9257806275900904,0.3328622973767476,70.55740233057618,0.3403135808220194,0.0983925625614661,0.2810902845167198,0.9781046544564124,0.190958755644748,0.0623885315777765,3.060799009296873,1.0017863665834543
180020,NATIVE,1.8387830021745812,0.4041691453890932,66.16092800915136,0.4372175884338311,0.1838051995997828,0.335934421497642,0.9244119085805184,0.1071530505819003,0.0403096863921437,2.6582457015289886,0.7237587838741713
180020,RECIPROCAL,1.838783002174581,0.5214309429648654,58.57171464433793,0.5279743375620997,0.2406560208353677,0.4426663055176846,0.987606604844753,0.2970564384459164,0.1095638605638043,2.711262974098318,0.9128748009919098
180020,PERMUTED,1.838783002174581,0.0461209186016094,87.35652827939549,0.4834479327728224,0.2334917543442164,0.4710125829276629,0.09539997065885,0.0920977538946457,0.0449149136658376,2.05049384219775,0.6688369233415937
180020,ORTHOGONAL,1.838783002174581,0.3806706805019932,67.6247676644659,0.4367136184749364,0.1793376710367171,0.3365705918728623,0.8716711922823525,0.0882345191414377,0.0384999797288361,2.2918068986760685,0.7774547605663636
180021,NATIVE,1.9155765353205143,0.0145794864366207,89.16462736326453,0.2129872883951968,0.0943660118406066,0.1311177793515855,0.068452378292024,0.0626996841196365,0.0204976641034652,3.0588697230643835,0.614435215286261
180021,RECIPROCAL,1.9155765353205136,0.5328575666389416,57.80126680769696,0.5596110538561379,0.2939481309276865,0.4870905770675542,0.952192711289658,0.2670542813094379,0.1435709266246852,1.8600860744428696,0.9084900325389496
180021,PERMUTED,1.9155765353205136,0.3397115599846674,70.14069827427055,0.4009212344333636,0.2064325730791681,0.4931223558170814,0.8473274319450557,0.1060655494822118,0.0427205086296022,2.482778245966704,0.737189813649323
180021,ORTHOGONAL,1.9155765353205132,0.1001141214106254,84.25425786902298,0.391875302013452,0.1468439941059885,0.2974655361169251,0.2554744350976917,0.0756037125858197,0.0336306564939405,2.2480593740249906,0.7147301160389559
180022,NATIVE,1.8985443231502228,0.2609157694192818,74.87559240828597,0.3296287701383292,0.0878666265288836,0.2444553451330858,0.7915442857423621,0.0593379290281672,0.0186641680849959,3.1792431764406204,0.7304981799724343
180022,RECIPROCAL,1.898544323150222,0.6669943860312872,48.164488244138326,0.6726336481441968,0.4227844835393189,0.615632872632806,0.9916161462804096,0.1231060580298246,0.06659020058122,1.8487113262208976,0.6354295531724431
180022,PERMUTED,1.898544323150222,0.5755740083906545,54.86015973017705,0.5870142267869182,0.3259807933197358,0.5423452935546175,0.9805111735385186,0.078929198435338,0.0418797245058298,1.884663745205604,0.677332201478921
180022,ORTHOGONAL,1.898544323150222,0.618366408576827,51.80306113591879,0.7085385706790973,0.4818377460205592,0.6361225064361544,0.8727349987229901,0.0389802733917725,0.0232808081416802,1.67435224561571,0.4931605614153336
180023,NATIVE,1.8731061096961128,0.2426299656647246,75.95818478817282,0.299908724329872,0.0944853812803058,0.2878858448849273,0.8090126961356777,0.0967098769403703,0.0278792984503892,3.4688777091166965,0.8336818647411993
180023,RECIPROCAL,1.873106109696112,0.4496840226712295,63.27658701852496,0.4713556312239433,0.1731794311190099,0.3142012709069084,0.9540228075849148,0.165032155616333,0.0627528136204208,2.629876591901948,0.6860420663047369
180023,PERMUTED,1.873106109696112,0.4316711384760408,64.4263383790395,0.4652270824567225,0.1813580096099749,0.3588776811243546,0.9278719033219462,0.0895130639072993,0.040088560330311,2.232882976334175,0.6994245311004074
180023,ORTHOGONAL,1.8731061096961124,0.2007758269276929,78.4176690623641,0.5283607209662774,0.2107562848295556,0.3706073627165498,0.3799976397952275,0.0755260412626722,0.0374150293375821,2.018601684933249,0.6262209842471262
180024,NATIVE,1.988969423345152,0.4191100419281579,65.2215865378457,0.5309408881617528,0.1609214181150794,0.1827293736929796,0.7893723223675907,0.1130670622699311,0.0323204095980177,3.49831774028205,0.7697649486721388
180024,RECIPROCAL,1.988969423345152,0.4345696468227049,64.24208699896722,0.4988068369421084,0.1521984674515836,0.2380190327284121,0.8712183046383122,0.2469255118366392,0.1099923495677736,2.24493351407581,0.7618441346482797
180024,PERMUTED,1.988969423345152,0.314857898909108,71.64776450337459,0.3917833079043689,0.1604515997571229,0.3794788498124406,0.803653173978406,0.1281777441181467,0.0430852731504943,2.974978101460014,0.7779631491306578
180024,ORTHOGONAL,1.9889694233451516,0.4772348193804779,61.49504109676791,0.5049658070026903,0.2522148116685148,0.4856085619131386,0.9450834348828132,0.128640275309089,0.0516967971366909,2.4883606419359023,0.7740541209171642
180025,NATIVE,2.0047504068035686,0.0915576137616835,84.746778193192,0.4888836456922094,0.1786582830179922,0.0572224802060645,0.1872789457541492,0.064123394293561,0.0260224078796584,2.464160679907085,0.6613944509202829
180025,RECIPROCAL,2.004750406803568,0.6337488716017408,50.67274774086982,0.6407774049721393,0.3851038729412331,0.5893163031641897,0.9890312403092498,0.1767178529960925,0.1022393160460906,1.7284725664285967,0.6644513991230002
180025,PERMUTED,2.004750406803568,0.5887842478598664,53.929217873605175,0.5963771699385905,0.3617802558837694,0.5874839963416715,0.9872682549543088,0.1319053561047369,0.079206217985951,1.6653409222004714,0.6691332160595831
180025,ORTHOGONAL,2.004750406803568,0.2399674574881598,76.11538031406116,0.5814569911256643,0.2553844635546178,0.3284319958123161,0.4127002704423484,0.0640341182021172,0.0328419301099923,1.9497672027087256,0.6149903553621728
180026,NATIVE,1.800236139513028,0.1000010889833134,84.26076681425175,0.4686048910726177,0.2709285957322184,0.5504953016616918,0.2134017183525631,0.0952632446834559,0.0559712880791229,1.702002007686278,0.700705892904108
180026,RECIPROCAL,1.8002361395130273,0.1791539728011233,79.67951499903303,0.2053945010316343,0.0300207277912024,0.1065041294496887,0.8722432776987028,0.465556172613277,0.1261757858759667,3.689742602997728,1.2185096866862688
180026,PERMUTED,1.8002361395130273,0.128076141586018,82.64156599269405,0.379736513977016,0.1148687809202326,0.0534537050220005,0.3372763399670549,0.0843392803077856,0.0307574999018276,2.742072033714658,0.6966288906112208
180026,ORTHOGONAL,1.8002361395130273,0.0747541003874403,85.71290636773428,0.315222934847124,0.1689030707120519,0.5283464535591998,0.2371467685994789,0.1090539992316341,0.0478958773905806,2.276897411071932,0.889370256401611
180027,NATIVE,1.875090977530815,0.1300771557527728,82.52594912668663,0.2997596927866768,0.1727463372526236,0.5322077637426457,0.4339381140390365,0.1139548151076799,0.0585909254600746,1.9449226004345963,0.8268169212474492
180027,RECIPROCAL,1.8750909775308149,0.4626330096579353,62.44285825375713,0.4697285625540078,0.1965135504455886,0.4060114084836059,0.9848943550345456,0.2971837575710388,0.115827590962383,2.565742368478954,0.9845141014644174
180027,PERMUTED,1.8750909775308149,0.2812808190342369,73.66333713453199,0.471425296914403,0.2216924280552701,0.4183782738049977,0.5966604271669086,0.1253944991142115,0.0662113586641732,1.89385177474179,0.782146476863714
180027,ORTHOGONAL,1.8750909775308144,0.3748121862072465,67.98729472371087,0.4195948202459357,0.1499731489938751,0.3121359871527805,0.8932717186250134,0.0761381380486252,0.0283384678070025,2.686741519236562,0.673904103239831
180028,NATIVE,1.9300622981733184,0.3371327491829257,70.29771838042507,0.3483838661459286,0.126789952176699,0.3517882497261551,0.9677048277594692,0.2051518597821807,0.0744533788240264,2.755440559213069,1.2359231684156993
180028,RECIPROCAL,1.930062298173318,0.8135076201584986,35.55993509457367,0.8160522712843377,0.6643900916331467,0.809083112671366,0.9968817547412262,0.2008587269027056,0.1625437642962799,1.235720901212704,0.588524028275494
180028,PERMUTED,1.930062298173318,0.650118230806272,49.44948343762441,0.653554868256979,0.4299284479135564,0.6515580507680359,0.9947416236682998,0.2499867608928135,0.1637719700508966,1.5264319090447631,0.9181397631921284
180028,ORTHOGONAL,1.930062298173318,0.3611419791067622,68.82965456009418,0.394456014167123,0.1503293254600547,0.3674640216774685,0.9155443601723078,0.0885227333077498,0.0339649879988089,2.606293672497442,0.7997497017803227
180029,NATIVE,1.737273164060041,0.0669565865065283,86.1607978884167,0.2556092707167287,0.0784360671657995,0.2163844261435024,0.2619489751634611,0.0466617093288875,0.0150333815993769,3.1038731386169403,0.6793896431820794
180029,RECIPROCAL,1.7372731640600405,0.6963968442122547,45.86136758728771,0.705653622836804,0.4443135899226678,0.6145042823549015,0.9868819795931304,0.1457126664501286,0.0807640488388645,1.8041773356465045,0.6346710355145405
180029,PERMUTED,1.7372731640600405,0.1835414051248896,79.42389499005975,0.4521392692084114,0.1271494494442994,0.049095078822206,0.4059399782863889,0.0620088058963337,0.0288037962898198,2.152799765433955,0.624081248092539
180029,ORTHOGONAL,1.7372731640600405,0.5456238127835281,56.932696872686,0.6004666069036337,0.3158527298091614,0.4441369413088796,0.9086663713026116,0.0512500129768434,0.0280103440476899,1.829681666515204,0.5568528321880598
180030,NATIVE,1.9170372949166825,0.2791866237776797,73.78833411817979,0.3875999729486593,0.1708221976462902,0.28208614330096,0.7202957772513949,0.0558974089996014,0.0263413001215202,2.122044422322665,0.6165950598798048
180030,RECIPROCAL,1.9170372949166812,0.6481864624499495,49.594991941489575,0.6952618971969664,0.429721608832409,0.5162262014293904,0.9322910763025972,0.1957081416329333,0.1054971692467756,1.855103250923608,0.685289200316875
180030,PERMUTED,1.9170372949166812,0.2375314009903515,76.25911267985065,0.3704918235121389,0.2061468531952623,0.3381971506355104,0.6411245428809444,0.0650459869821342,0.0335986292581165,1.9359714493834272,0.5896048705820202
180030,ORTHOGONAL,1.9170372949166816,0.1177821106863242,83.23588089300299,0.2381500797292001,0.0357332802097179,0.078299492548622,0.4945709479511943,0.1216360845852341,0.0311476148876862,3.905149239318391,1.023399871158348
180031,NATIVE,1.894344179281954,0.1073072072252965,83.83988900256045,0.1507955329063525,0.0520023373075863,0.2920189521471427,0.7116073344953482,0.1057944692846691,0.0406918666411383,2.599892263917708,0.741791849561807
180031,RECIPROCAL,1.8943441792819533,0.5278310195403009,58.140977640090135,0.5594049401878409,0.2927353561962779,0.4520280898617905,0.943558023214916,0.1847888499802922,0.0713564533002574,2.589658558318832,0.8161395193114317
180031,PERMUTED,1.8943441792819533,0.5343351088214789,57.701168638397576,0.5401956415403446,0.275644508780601,0.5044283779551885,0.9891510921817944,0.2094075932497593,0.1062500560964112,1.970893954726397,1.045789516573915
180031,ORTHOGONAL,1.8943441792819533,0.3763643739416115,67.89133539549492,0.3910885134577244,0.1114737504711833,0.2582108071182181,0.9623508770791174,0.2058585771433751,0.059063619234701,3.4853701789819502,1.1092161668681089
180032,NATIVE,2.01471311096562,0.4798888144694712,61.32185943534305,0.5144083336602074,0.2440693806342388,0.447184961705186,0.9328947123676604,0.1196858543421774,0.0608200696829058,1.967867760858791,0.8698801104487639
180032,RECIPROCAL,2.01471311096562,0.5990199239655826,53.20026292943308,0.600310682067301,0.3488269007289873,0.5795790491083576,0.997849849852289,0.4515340208081839,0.2628789110646809,1.7176502252669594,1.0114967924489122
180032,PERMUTED,2.01471311096562,0.0112367051354903,89.35617067092342,0.2382361750424058,0.0370686184632817,0.0331688358702836,0.0471662422110752,0.1335757626846773,0.0368680779618465,3.623073674274707,0.9165428622558603
180032,ORTHOGONAL,2.01471311096562,0.1547496552458549,81.09772262824166,0.1747605461832988,0.0253939383801425,0.1206395874452678,0.8854953742450701,0.2318377736762883,0.0497930009623954,4.656031353711175,1.249974176542822
180033,NATIVE,1.864427081543532,0.2286737963427068,76.7809948323194,0.3833525244042681,0.1007343057658546,0.0512474816040116,0.5965104747857467,0.1136413648576204,0.0338215786547175,3.3600254446362485,0.7367234795609962
180033,RECIPROCAL,1.8644270815435315,0.603103213536991,52.90752625718915,0.6044697532590132,0.3521977576950115,0.5807222235706405,0.9977392752662044,0.5165966165593984,0.297948235181309,1.733846875263532,0.9716841427385506
180033,PERMUTED,1.8644270815435315,0.4678150022354764,62.10744317050038,0.4735146075524373,0.2298142422751517,0.4786634711713708,0.9879631900979275,0.2784307129586733,0.1239721451435625,2.2459134883585503,1.0091695820720676
180033,ORTHOGONAL,1.8644270815435315,0.3501422063635685,69.50398666463936,0.4034930240145721,0.184563347367488,0.4473490466379033,0.867777595953978,0.1576136518775249,0.0699656853640773,2.252727905934966,0.9078429436380996
180034,NATIVE,1.994315260432155,0.105838666890194,83.92451211185468,0.3802342345357531,0.1299685858086229,0.1811130632225237,0.2783512300501208,0.0865598914620442,0.035781268935614,2.41913979120753,0.6682711302570493
180034,RECIPROCAL,1.9943152604321543,0.5651499536139886,55.58729499683261,0.6007371104050059,0.2826884510145377,0.4058077537397506,0.9407608483400868,0.1804845033451083,0.0995660108423337,1.812712007021252,0.6344001628108362
180034,PERMUTED,1.9943152604321543,0.5796575921110685,54.57353690420727,0.59724115821078,0.3638163422553004,0.5948951945614196,0.970558683275624,0.1347011569459123,0.0832204464671442,1.6186065163576266,0.7931553345425767
180034,ORTHOGONAL,1.9943152604321548,0.1304012267955397,82.50722171479435,0.3810456616335714,0.1671013275464941,0.36052173485893,0.3422194238782255,0.0817336330536765,0.028936632069961,2.824573117426509,0.7471480209319802
180035,NATIVE,1.9562186091077496,0.2734507735842481,74.1302883599232,0.4503001875378507,0.1319481706954375,0.1545429499746652,0.6072632904716639,0.0543187032087319,0.0189813560971971,2.8616871697986888,0.5928850718845065
180035,RECIPROCAL,1.956218609107749,0.569264094760532,55.30107522758162,0.6073829380080061,0.3086253496976065,0.4261603541008175,0.9372408395723228,0.1244138033770613,0.0541806290752058,2.2962783101754987,0.6088409196151714
180035,PERMUTED,1.956218609107749,0.5326855269423197,57.812914716076136,0.5619631502080212,0.3255131980714234,0.49934890858359,0.9479011688669076,0.0802480677326962,0.0447297190779717,1.7940659898357068,0.6690039171425936
180035,ORTHOGONAL,1.9562186091077485,0.20362613881202,78.25091366443488,0.3003351059084114,0.0713067902168126,0.1306466764882327,0.6779964606405813,0.0793196729393211,0.0285517879206773,2.778098280909224,0.7877769027560034
180036,NATIVE,1.825461851341364,0.1712535989269093,80.13928605983571,0.3219380495498833,0.1000918513117256,0.2667532582498225,0.5319458174215351,0.113804179497359,0.039732403006088,2.8642662131439263,0.8354152622064878
180036,RECIPROCAL,1.8254618513413636,0.5362239530583836,57.573044975374735,0.5413967303554754,0.2875441727257409,0.5258038581267069,0.9904454958682554,0.2782659975868343,0.1492282437176859,1.864700613332042,0.9331636027792198
180036,PERMUTED,1.8254618513413636,0.1458496284604154,81.61351762049627,0.2506956048230241,0.0984512411175315,0.1725821921219062,0.5817797586175255,0.0895356869091756,0.0361730684781545,2.475202980450641,0.7245427006544822
180036,ORTHOGONAL,1.8254618513413632,0.3892992000336963,67.08909939003499,0.4837330782102472,0.2331176841751144,0.4080003784696943,0.8047810198840416,0.0616044971468466,0.0329149214974615,1.8716282568559632,0.6239263774593645
180037,NATIVE,1.875019302871922,0.4678989576835542,62.10200045717133,0.5079384388375764,0.1744228545554982,0.2630244753605455,0.9211725711374388,0.0722796705473671,0.0260168104632683,2.778191071861474,0.643212608104214
180037,RECIPROCAL,1.875019302871921,0.252890304890062,75.35138830621278,0.3755105917960957,0.1672250477105819,0.130005062973967,0.6734571818080176,0.1187984129307381,0.0792821008536145,1.4984266518124252,0.5985409501471253
180037,PERMUTED,1.875019302871921,0.4685524383001813,62.05962686551032,0.5418745398302535,0.2214842066478682,0.3185067299677773,0.8646880483570115,0.0846140161163873,0.0301511944515686,2.806323850695159,0.6888032703651282
180037,ORTHOGONAL,1.8750193028719215,0.5255145706393496,58.29710964239297,0.5593645426573752,0.4021010635527337,0.7063698453699561,0.9394849522330802,0.0880264358769738,0.0595302896050717,1.478683145352493,0.7172767626311541
180038,NATIVE,1.8117268876572117,0.4655175619192631,62.256277090345264,0.4895805412268633,0.2217906205987502,0.426572809155477,0.9508498045136649,0.0828284790757098,0.040251844989893,2.0577560878639343,0.6266921347348017
180038,RECIPROCAL,1.8117268876572108,0.3758394798737662,67.92379267997417,0.4400257525708309,0.1325194416548205,0.0612922214508696,0.854130645031431,0.282793667465297,0.1169317914025991,2.4184497994358845,0.9129694310097468
180038,PERMUTED,1.8117268876572108,0.1174263467023155,83.25640710865953,0.2609935887232747,0.0999789429777246,0.3557393908217923,0.449920426309088,0.1483640983242584,0.0490622951829514,3.0239942459073994,0.8561142658766434
180038,ORTHOGONAL,1.8117268876572108,0.3470355862943373,69.69389485216111,0.4299896096255415,0.1488627946358278,0.3220290453462017,0.8070790049939847,0.1277994843901461,0.0722965979739639,1.767710901641162,0.7431071711648325
180039,NATIVE,1.9221326051817211,0.3607961108224276,68.85090403995034,0.4339750365914405,0.1897086033514409,0.4282898534945054,0.8313752644765372,0.1080459858811562,0.0457682407012473,2.3607196655520406,0.838795633774836
180039,RECIPROCAL,1.922132605181721,0.6249785043219778,51.31939025468935,0.6294675519878336,0.3811088517910646,0.600129484127584,0.9928685002877714,0.24028238467656,0.1457976280513039,1.6480541411277745,0.7614159160134502
180039,PERMUTED,1.922132605181721,0.485544780019127,60.95182892158587,0.4997122896678537,0.2317024633260982,0.4384404509824444,0.9716486667595304,0.1187163187874034,0.0614030958968776,1.9333930488908488,0.7834716079986207
180039,ORTHOGONAL,1.922132605181721,0.4927592099098119,60.477901659806754,0.5329756746684777,0.2068818485149458,0.3149499755873786,0.9245435267121928,0.0725853462937324,0.0190154319172361,3.817181045881739,0.7564621266198768
180040,NATIVE,1.9267478163307716,0.5921802524208559,53.68812134696967,0.5996350507197811,0.3538769536561205,0.583120665868696,0.9875677742820675,0.0916928214109302,0.0536155124931701,1.710192016211891,0.6925542570985518
180040,RECIPROCAL,1.9267478163307707,0.3051275360004125,72.23416306015814,0.3616177189620047,0.1088234367479353,0.0136767553938202,0.8437848036768099,0.2112421461497433,0.091324511348258,2.313093637525063,0.8604159436521467
180040,PERMUTED,1.9267478163307707,0.0325953747582943,88.13209173258983,0.4268783841021016,0.2346444311216001,0.3971174359706875,0.0763575200155776,0.0636460526594359,0.0300462442466598,2.1182698288991397,0.6001684092444803
180040,ORTHOGONAL,1.9267478163307707,0.0459813497338015,87.36453347932554,0.20369377325244,0.0577858152635502,0.1416505982063148,0.2257376305598478,0.0615746601663728,0.0207456841068169,2.9680708454505407,0.6457611792488014
180041,NATIVE,1.832866579158157,0.126491618927051,82.73309694642634,0.2911805160836908,0.1143596867567656,0.3655751807953664,0.434409625438995,0.0950584404983935,0.0380179426738163,2.500357300077144,0.7658491971858334
180041,RECIPROCAL,1.8328665791581569,0.7304938539702625,43.07218843643777,0.7327713724149173,0.5234070507287242,0.7111651469799707,0.9968919112694716,0.3363131472269434,0.2388448866616665,1.4080818389189265,0.7969121355230623
180041,PERMUTED,1.8328665791581569,0.5760667170368557,54.82563068492918,0.6151270474842099,0.3450476349543651,0.5384751910220837,0.936500385396622,0.0859667730547533,0.0509192668494207,1.6882955779582212,0.6533328094404834
180041,ORTHOGONAL,1.8328665791581569,0.7330949840902977,42.85351108125565,0.74229612484045,0.5344031586440082,0.7074945183282562,0.9876044876939958,0.1081408554777517,0.0773204408914388,1.3986062964848416,0.7249857090408148
180042,NATIVE,1.914624717316418,0.3583242663119664,69.00268090713806,0.4954260257392654,0.2599644482271723,0.474416425633775,0.7232649229060547,0.1215145060166234,0.067035220494486,1.8126964470358813,0.7221449302735671
180042,RECIPROCAL,1.9146247173164173,0.3321761541115244,70.59908747668483,0.4166091914744428,0.1292409434496948,0.1296093079963675,0.7973327543156246,0.2896056503319875,0.0982687014851136,2.947079242477381,0.901339124406307
180042,PERMUTED,1.9146247173164173,0.4982392714997277,60.11642065166004,0.6621791296990353,0.4261016347623231,0.5683186753225935,0.7524237010099903,0.113637233259257,0.0698713284526155,1.6263785987169324,0.6158713937261145
180042,ORTHOGONAL,1.9146247173164177,0.1582442079262219,80.89500155720854,0.163514496444067,0.0245693929619637,0.140387993871251,0.9677686771970714,0.1535822439286765,0.0493562037206549,3.1117110383512143,0.818896585622542
180043,NATIVE,1.915659612299012,0.3571132362859135,69.07698454170036,0.3810283459670313,0.1222319548077737,0.2814757023139512,0.9372353528700712,0.1243361139756379,0.039599317586114,3.139854966067259,0.8443177135998511
180043,RECIPROCAL,1.9156596122990115,0.6757847599806023,47.48487899059731,0.6791972019102247,0.443868412791605,0.6485073151688917,0.9949757715137408,0.4368828139121603,0.2815687708495997,1.5516025182548396,0.919225649241258
180043,PERMUTED,1.9156596122990115,0.4611196596497202,62.54061927906053,0.4872583304385702,0.1866433469728181,0.3429143655854452,0.9463556205076568,0.2784465106812551,0.0979835613685572,2.8417676066488142,1.029831738625065
180043,ORTHOGONAL,1.9156596122990115,0.5403623168721741,57.29169326881584,0.591034467067928,0.3190439137189526,0.5200139766200234,0.9142653211966804,0.0951096786877831,0.0514907875740202,1.847120294111972,0.6742393738910123
180044,NATIVE,1.893985331309756,0.4288877838657302,64.6030031981681,0.4560645567114745,0.1548034213116939,0.3026967253365538,0.9404102501590638,0.047270986663957,0.014454313180332,3.270372384644012,0.6295435415079901
180044,RECIPROCAL,1.893985331309756,0.7916905364157466,37.65622342171128,0.794367850276669,0.6119668591572519,0.7652687296897622,0.9966296296356952,0.1208957991176607,0.0903965805418372,1.3373934986590177,0.5180065934195283
180044,PERMUTED,1.893985331309756,0.6421378930813204,50.04857784309839,0.6610782016763516,0.3878849196498262,0.5668620409129905,0.9713493675226144,0.0738362063044809,0.0433385568491343,1.703707083775542,0.6519582765049797
180044,ORTHOGONAL,1.893985331309756,0.423727818057645,64.92983502119904,0.5961010154954706,0.2860600379522339,0.1474502436524495,0.7108322365554749,0.0437408480700537,0.0229383285983107,1.9068890692093912,0.5021806073145613
180045,NATIVE,1.8957464091585965,0.3349989255266555,70.42752739370623,0.3696336215713001,0.1298010033206967,0.3126268185844824,0.9062999304624448,0.0759681152203807,0.0333413302062276,2.2784968311249,0.7062785769008085
180045,RECIPROCAL,1.895746409158596,0.3628048810766555,68.727446378019,0.3821294787823957,0.1329232157281211,0.2830071651743718,0.9494291888515964,0.2024937507954327,0.0750292123177098,2.698865475729293,0.8190152835575439
180045,PERMUTED,1.895746409158596,0.0015124013396016,89.91334575327599,0.2150881907208825,0.072123127012781,0.1107381937982314,0.0070315405719517,0.1141492495113769,0.0366902118626497,3.1111635424372333,0.8820482780861646
180045,ORTHOGONAL,1.895746409158596,0.1286985234775731,82.60560855634262,0.3320222198496029,0.1167442544759497,0.1519485576119814,0.3876202126950057,0.0697335376373515,0.0270905308282342,2.574092699751434,0.7327042807211842
180046,NATIVE,2.032915224261576,0.2220735470703858,77.16914835750339,0.2987053320175662,0.1228583181466381,0.3469118303002405,0.7434535753694619,0.0660909559364446,0.0227103785468991,2.910165314944333,0.6784553463786546
180046,RECIPROCAL,2.0329152242615747,0.7005734832880506,45.52696722781697,0.7091078610105082,0.4884398964336975,0.6754614639244532,0.9879646268336412,0.2731338136755923,0.1844882270767023,1.480494544305168,0.840447036599964
180046,PERMUTED,2.0329152242615747,0.3655753964746934,68.55700212924107,0.3970220334054259,0.1262273882692473,0.2795814556426884,0.9207937235598596,0.0975290902378778,0.0336041935238352,2.902289268412237,0.9126280194065556
180046,ORTHOGONAL,2.032915224261575,0.5145145631952343,59.03498676624387,0.5765281574556562,0.3068744978321531,0.42896769678772,0.8924361395736303,0.0489678104695192,0.0302285961151844,1.619916792792108,0.5469158741325708
180047,NATIVE,1.8139262359583828,0.3504913398319512,69.48262940829615,0.4197020431328063,0.1242049013469545,0.1037026351626494,0.8350956245429606,0.1113524946250633,0.0389142799901556,2.861481560322583,0.697068723188717
180047,RECIPROCAL,1.8139262359583823,0.2885244155854219,73.23036445655994,0.3471848238055991,0.1080060270952374,0.2041577026370659,0.8310398260581089,0.3078654522927339,0.0831185743634416,3.703930856015016,1.0101237465672677
180047,PERMUTED,1.8139262359583823,0.2925314816680679,72.9904269235945,0.3216035284347888,0.0669777474827843,0.1486639491207016,0.9096028364234272,0.2550451836321392,0.0749533281757101,3.402719930384459,1.14067790514719
180047,ORTHOGONAL,1.8139262359583823,0.0714371064481191,85.90346596880379,0.2413350211728033,0.0294154204099572,0.0518178524574716,0.2960080393676765,0.1065825941016699,0.0286596516285183,3.7189075248775536,0.8584436237801547
180048,NATIVE,2.0039430495385773,0.5010652692144135,59.92949729460475,0.5985630511524969,0.2586354854777483,0.4199750843070414,0.837113597723141,0.0884912984372953,0.0429549501675769,2.060095474260096,0.6612154437996416
180048,RECIPROCAL,2.003943049538577,0.5194142833059582,58.70702902310194,0.568812939522409,0.2866044102132809,0.4255783860504287,0.9131548303772246,0.2311558094040451,0.1068682800379183,2.1629973769768327,0.7416251762612054
180048,PERMUTED,2.003943049538577,0.2736753932169919,74.11690820437029,0.3288141998081177,0.0598504608147879,0.1071290955484965,0.8323101416444154,0.1679455509637441,0.0422994798205422,3.9703928198705536,0.9584351714403272
180048,ORTHOGONAL,2.003943049538577,0.0991198587563683,84.31150970411878,0.4668080197640193,0.1923724422838493,0.1714343760894634,0.2123353810555227,0.0879522892814659,0.0305581753794745,2.878191783025739,0.7364614243193558
180049,NATIVE,1.8307031741170583,0.3009519584203646,72.48521108274201,0.4017941510805511,0.1118730514098597,0.1593435947584568,0.7490202572909687,0.0855932071029372,0.0360596015881012,2.3736592567117656,0.7301252240096349
180049,RECIPROCAL,1.8307031741170576,0.7581139767329337,40.701788825466274,0.7680007741144154,0.5380444991829343,0.6812020653828157,0.9871265788854364,0.1651383140590874,0.0989596783048303,1.6687434406405626,0.6345650689860292
180049,PERMUTED,1.8307031741170576,0.5778583863335385,54.699946508363226,0.6232636580708866,0.3468737112699305,0.4916505517019111,0.9271491749127596,0.0834453795708443,0.0434379583983126,1.9210244368686489,0.7150089558549454
180049,ORTHOGONAL,1.830703174117058,0.1344061246966093,82.27571963042175,0.4807793244872602,0.3808903272793344,0.7365020375394318,0.2795588700490563,0.0566156928027204,0.0360911045828682,1.5686882808677831,0.553246070286325
180050,NATIVE,1.788108306399808,0.3507040798365785,69.46961417714299,0.4825114255495963,0.1574623765801574,0.2665368597464859,0.7268306225849691,0.0887795214532482,0.0339854984476225,2.612276574082621,0.7045261416918386
180050,RECIPROCAL,1.7881083063998071,0.3926352182894765,66.88142993015288,0.4379643672177186,0.1956287706036613,0.301665397230918,0.8965003723562966,0.2705714644631404,0.1192971656165609,2.268046043380407,0.8548094005736563
180050,PERMUTED,1.7881083063998076,0.4522310675855071,63.11308271820887,0.5152563454017447,0.2464908419927839,0.4108909772015717,0.8776817046918657,0.1920654660190775,0.0861846189887287,2.228535303314316,0.8462645958962635
180050,ORTHOGONAL,1.7881083063998078,0.3118713315757245,71.8279581335023,0.3365172555608377,0.0977877199920796,0.2532274123883458,0.9267617824112993,0.0940131306226658,0.0271974344093162,3.4566911425461084,0.7811649452240771
180051,NATIVE,2.0113225552144907,0.5973020678116875,53.32308413092311,0.6268725577985018,0.341623217708586,0.5197720528405586,0.9528285460593916,0.0646605070765077,0.0353923131712614,1.826964707382002,0.6260120859667783
180051,RECIPROCAL,2.01132255521449,0.7133596987166716,44.49106869364025,0.7151753615226036,0.5049879836954473,0.7018318482376216,0.9974612341201604,0.1890148671611625,0.1312881697874415,1.4396945853322531,0.6353847091800231
180051,PERMUTED,2.01132255521449,0.6155482035591879,52.00823545841308,0.6310992545761217,0.3911287263148809,0.6049414843951876,0.9753587872205872,0.1211555288509348,0.0768246380624554,1.5770400213592743,0.7644878588605525
180051,ORTHOGONAL,2.01132255521449,0.738938399659934,42.35893813774708,0.7407889690602114,0.5454470950563569,0.7347119364659079,0.9975018939568856,0.1630136544083001,0.1201766651136828,1.356450141581926,0.8252230071523051
180052,NATIVE,1.953963436956227,0.2042586713086012,78.21389417859125,0.4876092044022204,0.1557054536330319,0.1675799163439937,0.4188983092700388,0.1005144983869351,0.0294161920978887,3.416978582831117,0.7071450448517017
180052,RECIPROCAL,1.9539634369562264,0.707258160243481,44.98773267351751,0.7347757278262925,0.4806444029148524,0.6047706896811154,0.9625497052492192,0.3371285761551207,0.1811517144586675,1.8610289014517707,0.695966517910635
180052,PERMUTED,1.9539634369562264,0.1864785527795419,79.2526525365817,0.5411941964671891,0.2308969374497855,0.3400414665541515,0.3445686483647386,0.1289333005892263,0.0656246095368032,1.964709603596448,0.6292258772947626
180052,ORTHOGONAL,1.9539634369562264,0.1329195270273884,82.36166662502983,0.5695022132379098,0.204456235749019,0.3028094638866394,0.2333959797481243,0.1059643395127898,0.0557366770727359,1.901159973611368,0.6486711408687947
180053,NATIVE,2.021460498904432,0.022530512090843,88.70898750639702,0.2977659563507951,0.1207253090764524,0.3892989904460767,0.0756651712874117,0.1517076831147574,0.0480597625202168,3.156646540875787,0.9575945537314252
180053,RECIPROCAL,2.021460498904432,0.2845909669408007,73.46559972792075,0.3673727172057324,0.1166349701041402,0.0961603465114304,0.774665492596789,0.4091013458593475,0.118021435837785,3.4663308657050624,0.966882693545915
180053,PERMUTED,2.021460498904432,0.5059586761834104,59.60498787696926,0.5118442437568207,0.2603647662315922,0.5028876960003945,0.9885012527830443,0.2164349331099236,0.1101203911326451,1.9654391968987437,0.9948075779466388
180053,ORTHOGONAL,2.021460498904432,0.2077416910608341,78.00995768811043,0.2623662488118066,0.0540610601977413,0.1092706592127408,0.7918003630483844,0.0903597678639306,0.0519146125349234,1.740545935947091,0.7367823212902709
180054,NATIVE,1.990044217877573,0.3921936697077754,66.90893502536426,0.4639761596217295,0.1509104825918444,0.2149463859071543,0.8452884088430713,0.0946051506161684,0.0344618554529761,2.745213493952936,0.7018356623210682
180054,RECIPROCAL,1.9900442178775728,0.6432827571873274,49.96295572418248,0.6612762342171601,0.4047295221083907,0.5810618112313962,0.9727897721121996,0.2988752905754995,0.175841950059418,1.699681392719462,0.7950510623747018
180054,PERMUTED,1.9900442178775728,0.5280941210460113,58.1232275160059,0.5720154663116308,0.2549831114177174,0.3693527088749646,0.923216507503145,0.1170743176483853,0.0375803689196408,3.115305171663571,0.7511839012842613
180054,ORTHOGONAL,1.9900442178775728,0.0390965425932588,87.75936205112362,0.4978068747528878,0.2513451950399846,0.3651528292491989,0.0785375706445715,0.0887580973449612,0.0421584433072475,2.105345700221823,0.6231299567425449
180055,NATIVE,1.8895832684005036,0.6192289907631698,51.74014686990994,0.6358981082697162,0.406780761260215,0.6240643981645605,0.9737864961543694,0.0599969262876819,0.0372508620448741,1.610618466101676,0.5920093459084962
180055,RECIPROCAL,1.8895832684005027,0.6182049506943962,51.81483136904501,0.6214212008780271,0.3706150849326738,0.590592933868552,0.994824363605408,0.161272004375746,0.0918613498359151,1.755602379714777,0.6995463386834879
180055,PERMUTED,1.8895832684005027,0.6439603635814279,49.91222821403488,0.65290448685459,0.4029055442948114,0.6068217538451808,0.9863010234218842,0.1108337353143841,0.0679964372750982,1.629993272529473,0.7495299599302965
180055,ORTHOGONAL,1.8895832684005025,0.1107525005639571,83.64130426493824,0.2821257837927428,0.0579435789219761,0.0431407376821714,0.3925642636240458,0.0555735737492499,0.0236599253778905,2.348848225919572,0.6480641911744991
180056,NATIVE,1.9286240281403275,0.0606778467062135,86.52127858269421,0.1763952802320935,0.0692526857582152,0.3134194829719197,0.3439879265838352,0.0677853132804021,0.0150805206200985,4.494892118648541,0.8121946576519905
180056,RECIPROCAL,1.9286240281403275,0.4411347531623323,63.82369471349413,0.4692899206999176,0.1573087767479828,0.2838532789080906,0.9400047469683726,0.2848719180646467,0.0725758336349944,3.9251621896256665,1.0723543596467011
180056,PERMUTED,1.9286240281403275,0.3538516790120392,69.27691715181314,0.4818095181325891,0.1899883572639557,0.1121372802932036,0.7344223509396433,0.0573765477919062,0.0217349170538802,2.6398328390059533,0.5989399029571902
180056,ORTHOGONAL,1.928624028140327,0.0898507878231237,84.84497691521106,0.27246540041066,0.0762606563518686,0.0277163531547184,0.329769532893714,0.0550257348370823,0.0173919435953041,3.1638634598571387,0.6934711874411386
180057,NATIVE,1.8820982367833827,0.1761050333012483,79.85702937514262,0.3220605284194478,0.1157292864445385,0.2468126421019758,0.5468072544173694,0.0661524293505901,0.0244127579828135,2.7097482962456976,0.6650102739818202
180057,RECIPROCAL,1.8820982367833825,0.4435925021585116,63.66667742722335,0.4539095389755752,0.2093590620655533,0.4425831887578821,0.9772707204163388,0.1851859918488853,0.0765682438698674,2.4185743656811325,0.9308880529594143
180057,PERMUTED,1.8820982367833825,0.5478167501953629,56.78263853948162,0.5857666429718985,0.3626970329479101,0.5486242228665538,0.93521329144998,0.0647050418216366,0.0434585026949987,1.488892571282295,0.5723169184977743
180057,ORTHOGONAL,1.8820982367833825,0.1766638382575739,79.82450222751729,0.3787029366954856,0.1731437249208333,0.2246709042216418,0.4664971436427643,0.0623716457151327,0.0232276441933548,2.6852333881097543,0.6513553109406615
180058,NATIVE,1.8138238723177171,0.1816421376845052,79.53457569102285,0.4499100506861518,0.2380219320285018,0.4852118491567657,0.4037298953590436,0.073319023752306,0.0339721882093743,2.158207275328591,0.6572153324772217
180058,RECIPROCAL,1.8138238723177167,0.5385688181797115,57.413734853148654,0.5538215862260695,0.2869875456542217,0.4932287348237803,0.972459058249608,0.1393465061863165,0.0721970198538416,1.930086677655296,0.692444907909905
180058,PERMUTED,1.8138238723177167,0.3567555233086689,69.09892523078602,0.3875505394796953,0.1453337115568095,0.3391028821567826,0.9205393541384972,0.1010681129299642,0.0416677257904966,2.425573054745715,0.7583186467103028
180058,ORTHOGONAL,1.8138238723177167,0.0929425268444238,84.66708870573295,0.3686152339225642,0.1760281369887316,0.4000676620500878,0.2521396792405668,0.0512244251527943,0.0217763162257422,2.352299839044338,0.5960043316751914
180059,NATIVE,1.8946402328595555,0.4393548180808423,63.93727675959018,0.537697878777807,0.2674292685782879,0.167178990843077,0.8171034988635142,0.0637584365505517,0.0321432171896377,1.983573584883848,0.5765487704811222
180059,RECIPROCAL,1.8946402328595544,0.6235784525426517,51.42207445341562,0.6305950538753178,0.3652285107656387,0.5650327917425884,0.9888730473073806,0.161230010136551,0.088295898212831,1.8260192534416,0.6419323571795839
180059,PERMUTED,1.8946402328595544,0.6982631203202764,45.712180526683085,0.705249679870906,0.4862245388043646,0.6731419001062524,0.990093494899685,0.1029424043908867,0.066237100616535,1.5541502184228642,0.6211895167670043
180059,ORTHOGONAL,1.8946402328595544,0.6514049422427387,49.3523875626946,0.6696705569545086,0.4361574002076051,0.6315918930136667,0.9727244769505038,0.0606775162811928,0.041824771736456,1.4507554676814327,0.5257536487890258
180060,NATIVE,1.9428304560984249,0.1886516575038752,79.12589307425725,0.2556343919247117,0.0686085210868728,0.2110450809952195,0.7379744802077913,0.2222288720261726,0.0433265506678582,5.12916141720527,1.0549260588282097
180060,RECIPROCAL,1.942830456098424,0.0250171578638612,88.56647288168325,0.3458227056799842,0.0584502279509945,0.121061086037033,0.0723409928063297,0.3062725451072616,0.0685050855841159,4.470800123754192,0.9222416775911204
180060,PERMUTED,1.942830456098424,0.2054244266654896,78.14565429554213,0.3326696130987855,0.0787384681619556,0.0113738914312232,0.6175028273606916,0.1083581904288376,0.0262718979838465,4.124490377340003,0.7863032104529836
180060,ORTHOGONAL,1.942830456098424,0.015507057654316,89.11147543090347,0.3490743725242782,0.030543318082753,0.0386677392667256,0.0444233632568867,0.1060214116291902,0.0242673712538895,4.368887364023525,0.8249177108624722
180061,NATIVE,1.8651653415415437,0.251907003031815,75.40961245947024,0.3788572890537202,0.1123593671903983,0.1783207016391033,0.664912647348043,0.0885125976622602,0.0377805430184749,2.342809038477148,0.7015096652717255
180061,RECIPROCAL,1.8651653415415423,0.388766191912553,67.1222499790141,0.3992852156853255,0.1341886704880637,0.3181774948363887,0.9736553637361216,0.2144476150608792,0.0660267534597997,3.2478897389895427,0.8615070058258275
180061,PERMUTED,1.8651653415415428,0.3803615453163805,67.64392059912969,0.4323033438691439,0.176953661213888,0.3686090128370242,0.8798487236117934,0.1041721223031321,0.0301772176949602,3.4520121555316914,0.7628567122265616
180061,ORTHOGONAL,1.8651653415415428,0.1022596636134081,84.13069312737872,0.2288423640646381,0.1098400716955099,0.4548651625209132,0.4468563503588119,0.0854239392211173,0.0278133820073497,3.071325134014298,0.8490976733542245
180062,NATIVE,1.9359819530229048,0.678105766520419,47.304202297568175,0.6825919627808797,0.4775566705153342,0.69731667279206,0.9934277042434104,0.1159215121535756,0.0807909578976948,1.434832748243497,0.7326348966086602
180062,RECIPROCAL,1.9359819530229048,0.6229566450527352,51.467632704696186,0.6492816257073986,0.3715267923000484,0.5186328976252388,0.9594552200272336,0.2533370983520372,0.1263262986819509,2.005418515346964,0.7530661966983284
180062,PERMUTED,1.9359819530229048,0.6047717088587817,52.78758399305606,0.6091194092891599,0.3483875964678701,0.5680979575402519,0.9928623183499342,0.1728921803783292,0.098378573642675,1.7574170266616849,0.9060576710497736
180062,ORTHOGONAL,1.9359819530229048,0.3769460041948335,67.85536105268754,0.4316344835066001,0.2250594898025701,0.4547054558054105,0.873299095875099,0.1006736169937904,0.0433112762021857,2.324420470175557,0.8466698075822043
180063,NATIVE,1.755229621450398,0.3934486526085037,66.83074443336989,0.50393889333455,0.1312156652792636,0.1426876869073043,0.7807467488866742,0.0798598523728806,0.0218875934164344,3.648635592477415,0.7538406144979756
180063,RECIPROCAL,1.7552296214503975,0.4463856908792475,63.48797099852642,0.4484665770883994,0.1891377234683851,0.4183575361954412,0.9953599971202662,0.2262112087624595,0.0930801926330305,2.43028298893081,1.0124483028206317
180063,PERMUTED,1.7552296214503975,0.4525125189409251,63.09500081365242,0.4633823109031768,0.2259058310685814,0.4673451377041674,0.9765424969695714,0.0738686072494633,0.0353342373965935,2.0905674691760185,0.7353634710938166
180063,ORTHOGONAL,1.7552296214503975,0.4512267790952705,63.17757989810072,0.4978364558604887,0.1522254309168373,0.237010205647659,0.9063755251015906,0.0889638128001014,0.0278535222410393,3.1939878924547283,0.8777524444176106
