seed,spearman_alignment_mnorm,aligned_mnorm,orthogonal_mnorm,aligned_minus_orthogonal,aligned_over_orthogonal,packet_norm_rel_spread
163000,0.8059444751847988,0.004186357183337417,0.0023669691187925526,0.0018193880645448646,1.7686572883854137,8.256662774847424e-16
163001,0.9523333021943058,0.003028509127484242,0.0012380413141296807,0.0017904678133545612,2.446210068208248,1.399198042184328e-15
163002,0.9413284751863672,0.003108833192288498,0.0011148003133228182,0.00199403287896568,2.7886906337686588,1.5482358140856578e-15
163003,0.9259303253281942,0.006637758595330561,0.003083288436533259,0.0035544701587973014,2.1528179189072785,1.354630829653373e-15
163004,0.9634094297687806,0.010472427745557641,0.0033334282763694194,0.007138999469188221,3.1416388406474045,9.478110136869546e-16
163005,0.9619081260608869,0.004660908800259363,0.0014426913098155108,0.0032182174904438524,3.230704148936866,8.86119760306767e-16
163006,0.8637161968472051,0.002126559079911648,0.0012511528958404838,0.0008754061840711644,1.6996796210757241,1.5273019068847956e-15
163007,0.9763522737371553,0.0049849089279653145,0.0019630920285306727,0.003021816899434642,2.5393149457663786,1.6379507527137247e-15
163008,0.9212709018210732,0.0017349282684486144,0.0008042486182582377,0.0009306796501903767,2.157203915629714,0.0
163009,0.9488166892512594,0.001379280110706477,0.0007529353049020603,0.0006263448058044167,1.8318706822813389,0.0
163010,0.9052261582240633,0.006615129546736707,0.002735017894882457,0.00388011165185425,2.4186787074088185,1.2830584063351089e-15
163011,0.902942156142758,0.009838434234929631,0.005368310942222512,0.004470123292707119,1.832687104159177,8.607676186823457e-16
163012,0.826296131731809,0.0015448340086868515,0.0009384393871621498,0.0006063946215247017,1.64617345543946,0.0
163013,0.9081685676642675,0.001536437443069907,0.0007296179067871415,0.0008068195362827656,2.1058110399640193,0.0
163014,0.8607395669820656,0.0025552580236939044,0.0010844310595623972,0.0014708269641315072,2.3563120967068913,1.2425954611589323e-15
163015,0.8618301186792596,0.0007185146726263494,0.0003320729559303087,0.00038644171669604074,2.163725349483077,0.0
163016,0.950508557651059,0.002223029547627205,0.000888914293333214,0.001334115254293991,2.5008367671633223,1.627847870408269e-15
163017,0.9439771269008601,0.0036096777114056444,0.0012160544944296709,0.0023936232169759738,2.9683519348329974,1.2338873364763054e-15
163018,0.9151235005763869,0.005988024956988944,0.0023278052094793727,0.003660219747509571,2.5723909082262204,7.924083101568979e-16
163019,0.9549056908721537,0.0036371993645867347,0.0013981405489527355,0.002239058815633999,2.6014547445237493,1.0942096738374195e-15
163020,0.9535238238527493,0.003145674637374948,0.0014363805109899005,0.0017092941263850477,2.19000091779641,1.3411763588279443e-15
163021,0.9443395677385195,0.0030332067473375075,0.0010783903809578415,0.001954816366379666,2.8127168054304765,0.0
163022,0.9561771543890781,0.0018954093877693752,0.000766064873812224,0.0011293445139571512,2.474215242809187,2.161458623587871e-15
163023,0.9648724108260188,0.006975266451075007,0.0024314053696142457,0.0045438610814607615,2.868820863128553,7.987239063721005e-16
163024,0.8812877264060407,0.0014208305274075357,0.0006126510720337777,0.000808179455373758,2.319151295514066,2.5912931744087907e-15
163025,0.9474620558637159,0.005936671422635534,0.002272400132122176,0.0036642712905133584,2.612511475735883,1.3616045860994747e-15
163026,0.9764180941096289,0.002877002520731796,0.0010287507541002327,0.0018482517666315631,2.7965982131845792,1.5721780494637728e-15
163027,0.9242055653841096,0.003587564093777235,0.001190724093199107,0.0023968400005781277,3.0129264321305094,1.2228491836610929e-15
163028,0.9592537566517675,0.002284736856783562,0.0008612238746055343,0.0014235129821780278,2.652895401706537,0.0
163029,0.9306092670767317,0.002662910176943222,0.0014280746030768097,0.0012348355738664122,1.864685620207848,0.0
163030,0.9151235005763869,0.005913759530882578,0.003110662824396162,0.0028030967064864155,1.9011252150186504,6.691748827074704e-16
163031,0.9744771956214049,0.004227608571978868,0.0014531441623227444,0.002774464409656123,2.9092836633761348,9.274650980202874e-16
163032,0.8937685009949414,0.001858019776308256,0.0009786158383150378,0.0008794039379932182,1.898620177152927,1.9929325809601788e-15
163033,0.8888168964573605,0.005246503967550997,0.0028278512985388483,0.002418652669012149,1.8552969776946941,1.2420032072780767e-15
163034,0.9196915047389979,0.0032647301650247144,0.0013557038972805114,0.001909026267744203,2.4081439697645086,1.2383992091313248e-15
163035,0.9371581578091136,0.0027391593064336386,0.0009712958263230365,0.001767863480110602,2.8201081814592506,0.0
163036,0.9385977257203495,0.003867179686657673,0.0012560412281758348,0.0026111384584818383,3.0788636550338,1.0191760740172572e-15
163037,0.8196893468646403,0.0038452159089536484,0.002504215094605625,0.0013410008143480232,1.5354974567620656,9.387118361169506e-16
163038,0.9706144829307337,0.0022538512218840275,0.0007632399281661253,0.0014906112937179022,2.9530048661061477,0.0
163039,0.9192244057285498,0.002462895082190353,0.0010101064401886182,0.001452788642001735,2.4382530238377806,1.521093174134132e-15
163040,0.9507436352486872,0.001988134178387507,0.0010397416958207028,0.0009483924825668042,1.9121423968828086,1.8794378458271392e-15
163041,0.9074433869517514,0.0011105444973094952,0.0005485856398211,0.0005619588574883952,2.02437762984396,0.0
163042,0.9314679214801644,0.003624019263781087,0.0018221284771869687,0.0018018907865941182,1.9888933788982417,1.7072302203568445e-15
163043,0.957363186672581,0.0022359125112488124,0.0008630543016368602,0.0013728582096119522,2.5906973721185476,0.0
163044,0.8863671871665264,0.0018689810461401078,0.0009275653541814257,0.0009414156919586821,2.014931926589113,1.8619467217211494e-15
163045,0.9538896492350373,0.0032262149682448977,0.00111517331453574,0.0021110416537091577,2.8930166514835554,1.4280081185833398e-15
163046,0.942171161736337,0.0023389433750856843,0.0009228339970383849,0.0014161093780472994,2.534522332932499,0.0
163047,0.9706825146738299,0.0022246344153314876,0.0008309142438562685,0.0013937201714752192,2.677333349112291,1.9678050872856275e-15
163048,0.8696808017713724,0.0024098578323446355,0.0008962988840922149,0.0015135589482524205,2.6886765956232193,0.0
163049,0.9547128699856816,0.004349323360216655,0.0014205070729438538,0.002928816287272801,3.061810421823575,1.0062312855908495e-15
163050,0.9756278933105669,0.005127948716033019,0.0017041978208447968,0.003423750895188222,3.0090102529810814,9.220724311138276e-16
163051,0.8970463099034726,0.0010984039882938972,0.0004854262977727246,0.0006129776905211726,2.2627616042464687,3.89070166712942e-15
163052,0.9448155276333579,0.0027716234052519895,0.001125797619163164,0.0016458257860888254,2.4619197607734775,0.0
163053,0.9383225505016864,0.005464737636678722,0.002504200735974396,0.002960536900704326,2.182228268753457,1.4533448314688728e-15
163054,0.8972696281802434,0.002763269470853008,0.001265350757226725,0.001497918713626283,2.183797223867866,1.5819683593775113e-15
163055,0.8602045204605604,0.00394176786297005,0.0018734003221480742,0.002068367540821976,2.104071306258902,8.826914120470009e-16
163056,0.964564673287228,0.002893053891525938,0.0013002915575942519,0.0015927623339316863,2.2249270747218626,1.3286738129079555e-15
163057,0.9610728954314095,0.004077312379803044,0.0013353214977028297,0.0027419908821002138,3.053431242449284,1.0779643764603605e-15
163058,0.9106509470224485,0.0016362811499443983,0.0007734630786338341,0.0008628180713105642,2.1155258669003856,2.06194434926258e-15
163059,0.9847509232519115,0.0018927438046897713,0.0005820369578336685,0.0013107068468561028,3.2519306192020507,2.2271747978039195e-15
163060,0.9545934978417386,0.004178254425976258,0.0014332386734518033,0.0027450157525244546,2.9152537559640783,0.0
163061,0.8892381436549252,0.002071744557081204,0.0009956276553318585,0.0010761169017493456,2.0808427186452327,1.5903568947777675e-15
163062,0.9298464725955212,0.0035554499857857243,0.0014668162416197072,0.0020886337441660173,2.4239232460756326,0.0
163063,0.9851589415017755,0.0015945414893351298,0.0005960876681757306,0.0009984538211593992,2.6750117045910327,0.0
