seed,INTACT_natural_same_gain,INTACT_common_same_gain,INTACT_natural_specificity,INTACT_common_specificity,INTACT_second_vs_first_savings,NO_R_natural_same_gain,NO_R_common_same_gain,NO_R_natural_specificity,NO_R_common_specificity,NO_R_second_vs_first_savings,NO_THETA_natural_same_gain,NO_THETA_common_same_gain,NO_THETA_natural_specificity,NO_THETA_common_specificity,NO_THETA_second_vs_first_savings,NO_BOTH_natural_same_gain,NO_BOTH_common_same_gain,NO_BOTH_natural_specificity,NO_BOTH_common_specificity,NO_BOTH_second_vs_first_savings,INTACT_over_NOBOTH_common_gain,INTACT_over_NOR_common_gain,INTACT_over_NOTHETA_common_gain,INTACT_over_NOBOTH_natural_gain
97000,0.0001488977989707,0.0001551880274447,0.0185245168913864,0.0162347523373916,-0.1926174750231127,-0.0002876187271166,0.0023765442947943,0.016342035733078,0.0156127898131994,-0.1894017358276244,0.0001488550455513,0.0001551364080571,0.0185245664571346,0.0162347632790911,-0.192617547451529,-0.000287658701103,0.0023764989865751,0.0163420989056296,0.0156128177226952,-0.1894017924210371,-0.0022213109591304,-0.0022213562673496,5.161938759767892e-08,0.0004365565000737
97001,-0.0029411102117556,0.0004203079978679,0.0067432638070337,0.0088642664660984,0.505387082431304,-0.0071071590371242,-0.006043741076588,0.0147761194284266,0.0116107527687486,0.506394647041765,-0.0029410989852132,0.0004203200379163,0.0067433570942091,0.0088643232258434,0.5053871000911797,-0.0071071259016683,-0.0060437190691234,0.0147762560927894,0.0116108458564597,0.50639468156501,0.0064640270669914,0.006464049074456,-1.2040048374961644e-08,0.0041660156899127
97002,-0.0058887872704508,-0.0047751661836403,-0.0007415221772348,0.0030323060407126,-0.7982338092115419,-0.0205475262063601,-0.0149787178155743,-0.0236185369373276,-0.0152240416871286,-0.7849969000483248,-0.0058887801078321,-0.0047751455932883,-0.0007415182375412,0.0030323108476492,-0.7982337940986018,-0.0205475320956365,-0.0149787105568988,-0.0236185420521737,-0.0152240511397584,-0.784996892281913,0.0102035443732585,0.010203551631934,-2.0590352006744084e-08,0.0146587448251856
97003,0.0057760912172929,0.0072831413108036,0.0047821172719303,0.004423850692537,-0.637813665206804,0.005297474647226,0.0064438329110647,0.0076449761948973,0.0076159164292235,-0.6426619063100237,0.0057759876147419,0.0072830544242206,0.0047820976074859,0.0044238431158638,-0.6378137573920483,0.0052973796898222,0.0064437569845266,0.007644974277209,0.0076159254602747,-0.6426619840607392,0.000839384326277,0.0008393083997388,8.688658301170271e-08,0.0004787115274706
97004,0.0104102719700212,0.0076403625093434,0.0017367321074488,0.0010368851446974,1.1575648336504345,-0.0040020429912868,-0.003450494475178,0.0017134166226812,0.0018833623770853,1.1372681241939346,0.0104102145719948,0.0076403287963564,0.0017367507969307,0.0010369322363563,1.1575647911154685,-0.0040021000526718,-0.0034505295668989,0.0017134533990906,0.0018834254121594,1.137268077190448,0.0110908920762423,0.0110908569845214,3.37129869576458e-08,0.014412372022693
97005,0.0034305500146458,0.0044702693310447,-0.0108435534217586,-0.0088707393512816,0.1843645749115555,-6.582025566043148e-05,-0.0009367607157593,-0.0025819786359786,-0.0055849951282886,0.1768926116510853,0.0034305030183814,0.0044702280477543,-0.0108436252626593,-0.0088708018155066,0.1843644650720337,-6.58731005857005e-05,-0.0009368048674028,-0.0025820512317983,-0.0055850589319964,0.1768925064075458,0.0054070741984476,0.005407030046804,4.128329034180923e-08,0.0034964231152315
97006,2.2746602748258127e-05,-0.0007312374732902,0.0063912888249536,0.0060328138906175,-0.4272299914490283,-0.0010754409278145,0.0004920663035395,-0.0009290801237323,-0.000307268299111,-0.435116337964757,2.276292887512521e-05,-0.0007312559859046,0.0063913120198872,0.0060327940125035,-0.4272300007125149,-0.001075447553267,0.000492043056601,-0.0009291059892286,-0.0003073168443294,-0.4351163652045158,-0.0012232805298913,-0.0012233037768298,1.851261438590157e-08,0.0010981941560153
97007,-0.0039355172164326,-0.0042027613117487,0.015810758467612,0.014096383083667,-0.0931242667980279,-0.0090322076923914,-0.0079896923162059,0.0065533735483795,0.0042130071645638,-0.096373368082392,-0.0039354592396126,-0.0042027163917322,0.0158107306093745,0.0140963182686191,-0.0931241682287208,-0.0090321768176402,-0.0079896720611357,0.00655331258132,0.0042129140974853,-0.0963732974974837,0.0037869107493869,0.0037869310044571,-4.49200165397734e-08,0.0050966596012075
97008,0.0004860890829326,-0.0047508154666572,0.0022012400818071,-0.0003514629032257,-0.9980003329281204,-0.0007509043162402,-0.0030225264949209,-0.0047410131189843,-0.0052402855870991,-1.0021135664985916,0.0004861028379468,-0.0047508011325902,0.0022012395546658,-0.0003514654944503,-0.9980002747703112,-0.0007508796643335,-0.0030225061941937,-0.0047410067150398,-0.0052402826694794,-1.0021134897909212,-0.0017283092724635,-0.0017282889717363,-1.43340670444303e-08,0.0012369687472661
97009,0.0065938602060382,0.0067249349782011,-0.0001224216147874,0.0018725720200733,1.0861279968335225,0.0075790165169306,0.0063356195805838,0.0011515947162526,0.0019506897911521,1.0836371563609275,0.0065939580146378,0.0067250384726883,-0.000122233661619,0.0018727503640295,1.0861280982360864,0.0075790908765988,0.0063357113258024,0.0011517746525057,0.0019508714494851,1.0836372287672806,0.0003892236523987,0.0003893153976173,-1.034944871469712e-07,-0.0009852306705606
97010,0.0044876460658165,0.00615917186977,0.0042380990825557,0.0062376618637577,0.3472010983894332,-0.0082907819908,-0.0053294510046123,-0.0089616986570311,-0.0078090255823132,0.3223522258644304,0.0044877116753791,0.0061592520694739,0.0042381871952333,0.0062377432983172,0.3472011910878007,-0.0082907200019692,-0.0053293647808421,-0.0089616160275959,-0.007808940527044,0.3223523285067837,0.0114885366506122,0.0114886228743824,-8.019970387795895e-08,0.0127783660677857
97011,-0.0147789537089544,-0.0108620849695495,-0.0205346650930116,-0.0170569825717914,0.1672466796048319,-0.0012867659951422,-0.0007888503409821,-0.0070295857467378,-0.0053817264796701,0.1817612922845455,-0.0147788723159996,-0.01086197955713,-0.0205344395301482,-0.0170567887847205,0.1672469480858496,-0.0012867181268669,-0.000788769287209,-0.0070293835201963,-0.0053815486390194,0.1817615425489835,-0.0100733156823404,-0.0100732346285673,-1.0541241951544933e-07,-0.0134922355820874
97012,-0.0482021488734772,-0.0312863967143602,-0.0144241096898296,-0.0113055497231942,-1.0478576516552558,-0.0296665030831279,-0.0150199897544499,-0.0179770809386836,-0.0134471624079295,-1.024048324090688,-0.0482015543922352,-0.0312859382696026,-0.0144238197632225,-0.011305271964391,-1.04785695970405,-0.0296659907922205,-0.0150195646214219,-0.0179768759291954,-0.0134469187665835,-1.0240477260398118,-0.0162668320929382,-0.0162664069599103,-4.584447576005957e-07,-0.0185361580812566
97013,0.007390103071361,0.0052506445500769,-0.0131062113247886,-0.0152995688325446,0.4684850038262835,-0.0017074643746462,-0.0023493615661449,-0.0112850984468281,-0.0108142141195138,0.4743520903948247,0.007390355504959,0.0052508178619846,-0.0131061500484508,-0.0152994369716931,0.4684855915300728,-0.0017072297297424,-0.0023492056724125,-0.0112850177782735,-0.0108140872002828,0.4743526554699576,0.0075998502224895,0.0076000061162219,-1.7331190763081317e-07,0.0090973328011034
97014,0.0006998063379762,0.001158583497347,-0.0014411276359341,-0.0041480351022713,-0.1919901804432185,0.0161405384886893,0.0085254038294864,0.0029083804371441,-0.002441123876487,-0.192349281996648,0.0006997973391074,0.0011585717770369,-0.0014411578667835,-0.0041480419204285,-0.1919902238969135,0.0161405323458189,0.0085253937240641,0.0029083603863798,-0.0024411227506243,-0.1923493215627603,-0.007366810226717,-0.0073668203321393,1.1720310083562781e-08,-0.0154407260078426
97015,0.0056078293171966,0.0053438285644448,-0.0035188376657441,-0.0026938193905385,-0.2738164986695198,-0.0163204368307905,-0.0083653567926448,-0.0043400614213063,-0.0003480568552532,-0.2934508613907828,0.0056079374769208,0.0053438749660632,-0.0035187801555425,-0.0026937876713505,-0.2738164845946304,-0.0163203880264473,-0.0083653276366024,-0.0043400578555356,-0.0003480441233896,-0.2934509473890332,0.0137091562010472,0.0137091853570896,-4.6401618436497933e-08,0.021928217343644
97016,0.0068893026243783,0.0065606542913726,0.0083796412143087,0.0082168914707055,-1.1958248132006546,-0.0032145675456072,-0.0002609209154912,0.0020969979405849,0.0036788361721961,-1.2040195635755684,0.0068892855877229,0.0065606232296058,0.0083795822565866,0.0082168478341154,-1.195824874212437,-0.0032145821754858,-0.0002609499599377,0.0020969455864967,0.003678797040107,-1.204019618252289,0.0068216042513103,0.0068215752068638,3.1061766825324355e-08,0.0101038847998641
97017,0.0028152176189416,-0.0019446186777589,-0.0046931648966147,-0.0099057339629612,-0.4514797225005839,-0.0248893466707362,-0.0211044004760328,-0.0071771183925702,-0.010804492817233,-0.4650162097296038,0.0028152592867366,-0.0019446087566689,-0.0046931923655816,-0.0099057731780493,-0.4514797122634896,-0.0248892955349951,-0.0211043873446007,-0.0071771347285411,-0.0108045234604925,-0.465016185930759,0.0191597686668418,0.0191597817982739,-9.921089977327212e-09,0.0277045131539368
97018,-0.0084379891636577,-0.0081044402984574,-0.0167990097822485,-0.0175856054303191,-0.6500102819687217,-0.030358372711522,-0.0242652066405533,-0.010678848995804,-0.0105024187497902,-0.6527116893695625,-0.0084379402674739,-0.0081044059597618,-0.0167989870233021,-0.0175855907584974,-0.6500102270747308,-0.0303583201713365,-0.0242651692663879,-0.010678816048156,-0.0105023947017908,-0.6527116210429047,0.0161607289679304,0.0161607663420958,-3.4338695609203995e-08,0.0219203310076788
97019,-0.0080669499594286,-0.0062301530479964,0.001467477610773,0.0003365000289902,3.708376032924321,-0.0041173007528913,-0.0013123492521026,0.0050110537426464,0.0071170529337099,3.715705073181959,-0.0080669630690081,-0.0062301847590414,0.0014674773836982,0.0003364581259052,3.708376007592833,-0.0041173177075292,-0.0013123792119354,0.0050110374533756,0.0071170021315022,3.715705036357201,-0.004917773836061,-0.0049178037958937,3.171104503985056e-08,-0.0039496322518993
97020,0.0027974298284469,0.0014615807405877,0.0036405529784916,0.0043064879281539,1.7996523279682566,-0.021656259070897,-0.0195523758118574,-0.005820092821319,-0.0073739639334259,1.7859432589811006,0.0027974188785632,0.0014615833999401,0.0036405186391862,0.0043064423607121,1.79965218075564,-0.021656280916768,-0.0195523887051534,-0.0058201160166412,-0.0073740021370636,1.7859431158769272,0.0210139694457411,0.0210139565524452,-2.659352404954518e-09,0.024453710745215
97021,0.0036797729208817,0.004153132506419,-0.0120477922038113,-0.0092432035419511,-0.5831522677651824,0.0034492874808338,0.0098173654805587,-0.0016643953806706,0.0057665106133883,-0.5816580321003958,0.0036797147132425,0.004153105691124,-0.0120478048243249,-0.0092431975263353,-0.5831523642527426,0.0034492067411766,0.0098173207730496,-0.0016644319218769,0.0057664932915441,-0.5816581444794126,-0.0056641882666306,-0.0056642329741397,2.681529492898349e-08,0.0002305661797051
97022,-0.0034592537937466,-0.0012861323291509,0.0087649360646568,0.0046575409226713,-0.210458270222716,-0.012310767885375,-0.0112375758196047,0.0065544815638341,0.0010992855714756,-0.2158047122986713,-0.0034592846563323,-0.0012861425415311,0.0087648760908954,0.0046575116482135,-0.2104582978694436,-0.0123107896907038,-0.0112375820160494,0.0065544385870391,0.0010992637146741,-0.2158047338340109,0.0099514496868984,0.0099514434904537,1.0212380163743262e-08,0.0088515358969571
97023,0.0378286037333818,0.0280767136256792,-0.0267037758741638,-0.0178314073762956,-0.3315781136022722,0.0003896745964548,-0.0033470524910459,-0.0021533143768028,-0.0035495596367308,-0.3426326240626798,0.0378285151692843,0.0280766687645868,-0.0267038697154041,-0.0178314306502369,-0.3315782209868005,0.000389604589221,-0.0033470839550085,-0.0021533984699319,-0.0035495683964104,-0.3426327153196968,0.0314237975806877,0.0314237661167252,4.4861092396431e-08,0.0374389991441607
97024,0.0088064973538855,0.0087509782442488,0.0146800370482447,0.012557153512746,-0.1308664239928096,-0.0024948775922336,-7.871916343038521e-05,0.0153544551076543,0.013789175936003,-0.1335233585790987,0.0088063953824321,0.0087509307149895,0.0146799909483036,0.0125571107349879,-0.1308658719729755,-0.0024949833509009,-7.877928228450237e-05,0.0153544059003537,0.0137891232312563,-0.1335228308598965,0.0088297575265333,0.0088296974076791,4.752925925055607e-08,0.0113014807047864
97025,0.0129878813449215,0.0049861987213009,0.0156175877574703,-0.00029600150247,0.4494915330272583,0.0050311834374074,0.0034300921396896,0.0075236762511416,0.0098454233669736,0.4339813863820146,0.0129880472802016,0.0049863693634263,0.0156180218413333,-0.0002957647787482,0.4494918851298744,0.0050313409280224,0.0034302820635999,0.0075240478078492,0.0098456755222772,0.4339817562173565,0.0015559166577009,0.0015561065816113,-1.7064212537443169e-07,0.0079565404168991
97026,0.0060627575453296,0.0069227139516738,0.0055169306129345,0.0058704925481099,1.5899911458123102,0.0072458549513772,0.0053652919673974,0.003210751042506,0.0026957668357066,1.637894388446624,0.0060625864426297,0.0069226405477359,0.0055168470040016,0.005870446631405,1.5899911249145378,0.007245704062221,0.0053652266590591,0.0032106706879203,0.0026957191844126,1.637894351352459,0.0015574872926146,0.0015574219842763,7.340393784471821e-08,-0.0011829465168914
97027,0.0080351679644184,0.0085629039928792,0.010873878215915,0.0095083532722316,0.8156371520882311,-0.0146698813176774,-0.0145132248120131,0.0022488501775846,-0.0009012844589851,0.8075823887887015,0.0080351584802758,0.0085628997038882,0.0108738930728105,0.0095083489052174,0.8156371566028744,-0.0146698930282756,-0.0145132290037728,0.0022488674868062,-0.0009012843390911,0.8075823950835008,0.023076132996652,0.0230761288048923,4.288990912426627e-09,0.022705060992694
97028,0.0012275964242403,0.0039459348294721,0.003859576554973,0.0031859813852863,-0.6803505673347094,-0.0074143214241655,-0.0039028054818419,0.0033357602345303,0.0014665094824525,-0.6938332221363201,0.0012275414472869,0.0039459465343466,0.0038596586623931,0.0031860604977984,-0.6803506530551742,-0.0074143891848587,-0.0039028019236466,0.0033358371001369,0.0014665836349875,-0.6938333207225936,0.0078487367531188,0.007848740311314,-1.1704874514073538e-08,0.0086419856090991
97029,-0.0098846072157572,-0.0096769519697562,0.0027563922322128,0.0042703986445888,-1.4317265854752022,-0.0049291173387107,-0.0058982130568764,-0.0080945409920732,-0.0060431111047925,-1.4269285045174744,-0.0098845686060767,-0.0096769886922428,0.0027562519814013,0.0042702460783717,-1.4317265402571748,-0.0049290992116712,-0.0058982684801897,-0.0080946857482159,-0.0060432664653258,-1.4269284891485206,-0.0037786834895665,-0.0037787389128798,3.6722486551621365e-08,-0.0049555080040859
97030,-0.0021345610714101,-0.0015033815179443,-0.0047996095704355,-0.0046632010941504,2.469367345139972,-0.0157811630405706,-0.0135805411104389,-8.423098232818171e-05,-0.0014009946089102,2.4469667645185065,-0.0021345059501174,-0.0015033628267734,-0.0047995343847997,-0.0046631029690547,2.469367483046979,-0.0157811207467231,-0.0135805360059177,-8.417084809353437e-05,-0.0014009216294814,2.4469668090827734,0.0120771544879734,0.0120771595924946,-1.869117088881822e-08,0.013646559675313
97031,-0.0042804149374868,-0.0046449036819999,0.0027212208400569,0.001619028042721,-0.1893299372180927,0.0097710456597219,0.0082246843510041,-0.003909822372981,-0.0032055845277328,-0.1809115606820927,-0.0042803848246364,-0.0046448901280908,0.0027212575965618,0.0016190533731549,-0.1893299152810879,0.0097710791174314,0.0082247030559998,-0.0039097800230562,-0.0032055486198833,-0.1809115378835224,-0.0128696067379998,-0.0128695880330041,-1.3553909106178708e-08,-0.0140514940549182
97032,-0.0053617259570413,0.0001913376319211,-0.0119970694038066,-0.0094247188903058,-0.1461998858737857,-0.006600248621497,-0.00668147725063,-0.008270779638766,-0.0081243896924818,-0.1470905414400927,-0.0053617273338875,0.0001913361938233,-0.0119970687482388,-0.0094247175443246,-0.1461998386185398,-0.0066002594179362,-0.0066814804157546,-0.0082707859270177,-0.0081243946919701,-0.1470905104587477,0.0068728180476758,0.0068728148825512,1.4380978352601659e-09,0.0012385334608949
97033,-0.0052459947328716,-0.0047586552073605,-0.0103272471418174,-0.0079726640488159,0.1244324661455313,-0.0034326812802989,-0.0009707164735854,-0.0119019129532231,-0.0084927729831282,0.1423698991064477,-0.0052460916639577,-0.0047586870819507,-0.0103273281331741,-0.0079726812857524,0.1244323305995652,-0.0034327800089945,-0.0009707512713419,-0.011901993863208,-0.0084927882503951,0.1423697853551964,-0.0037879039360186,-0.0037879387337751,3.18745901617401e-08,-0.001813214723877
97034,0.0030399167812617,0.0026729741945837,-0.0083656886164424,-0.0059923558266199,-0.3981932360170484,0.0049095539646119,0.0056728008085121,0.0022841638453471,0.0054534340633636,-0.4059375368163296,0.0030397505309028,0.0026728797957597,-0.008365804512738,-0.0059924183477758,-0.3981935008979709,0.0049094349527514,0.0056727396679085,0.0022840925830078,0.0054534059060099,-0.4059377455348475,-0.0029997654733248,-0.0029998266139284,9.439882395212429e-08,-0.0018695181714896
97035,0.003958032257932,0.0028850092039851,-0.0020259224426222,-0.0015801232166265,1.235747189784771,-0.0055799653082088,-0.0054208967424871,-0.012409638791502,-0.0117091190005896,1.2543709638642415,0.0039579438094066,0.0028849517879367,-0.0020259643555092,-0.0015801517431564,1.2357471164805804,-0.0055800304298916,-0.0054209327280616,-0.0124096759147164,-0.0117091378132575,1.2543708993755367,0.0083059419320467,0.0083059059464722,5.74160483046704e-08,0.0095380626878237
97036,0.0119502605150868,0.0116397889933061,0.0242634141178987,0.0224529567117335,0.855253165566001,-0.0054547825104504,-0.001487684339368,0.0109088087039234,0.0118100848672562,0.8535772747281106,0.0119501267306157,0.0116397267363192,0.0242633278779482,0.0224529177912087,0.8552530276423864,-0.0054549338323589,-0.0014877629509252,0.0109087195561479,0.0118100438021636,0.8535771074183033,0.0131275519442314,0.0131274733326741,6.225698689910075e-08,0.0174051943474458
97037,0.0008296688641306,0.00055818221176,-0.0034419467225026,-0.0030379347154095,-0.5828798307379301,-0.0034591412786378,-0.0033529278874683,0.0002941743550495,-0.0005288647371573,-0.5847707898274255,0.0008296647856829,0.0005581724094139,-0.0034419612074939,-0.0030379637124733,-0.5828798643334618,-0.0034591473290991,-0.003352939579025,0.0002941562503706,-0.000528895601013,-0.5847708228453699,0.003911121790785,0.0039111100992283,9.802346073728431e-09,0.0042888161932297
97038,0.0026690907421559,0.0001798041411642,-0.010703963831163,-0.0071856610198196,-1.0745255191415528,-0.0037556632902054,-0.0012086083732213,-0.002934483966542,0.0023477721960147,-1.0793032691522844,0.0026692104275493,0.0001798874942455,-0.0107039344913578,-0.0071856290719976,-1.0745254436775324,-0.0037555659297835,-0.0012085432180354,-0.0029344828759191,0.0023477849131672,-1.0793032110844671,0.0013883473591996,0.0013884125143855,-8.335308127049856e-08,0.0064246566719395
97039,0.0072057911046674,0.0055099161453859,0.0102957431642173,0.0073541016764707,0.2080927806098201,0.0106626445147171,0.0055939259431926,0.0195443286672513,0.0129108653891826,0.2017660746194894,0.0072058032413038,0.005509962660755,0.0102957927800671,0.0073541608343439,0.2080927449684036,0.0106626008067693,0.0055939365740714,0.0195443583897376,0.0129109077600615,0.2017659943561758,-8.402042868549398e-05,-8.400979780665008e-05,-4.6515369056532314e-08,-0.0034568097021019
97040,0.0082980427453479,0.0046210299912305,0.0229024567173913,0.017849583183826,-0.874257183857161,-0.0018680975328364,-0.0026728476844069,0.0010982426140917,-0.0003341911679013,-0.8827523018360893,0.0082980875609117,0.0046210733400191,0.0229025357351037,0.0178496469184088,-0.8742571506283442,-0.0018680669937896,-0.0026728198109572,0.0010983014267241,-0.0003341456957488,-0.8827522842079739,0.0072938498021878,0.0072938776756374,-4.3348788586472515e-08,0.0101661097391375
97041,0.0056671494440696,0.0073749002242069,-0.000897348601245,0.0012263702247186,-0.1868906308822437,-0.0059450990205104,-0.0065479896786777,0.0064935550771885,0.0067375812976617,-0.198045197411615,0.0056671834168997,0.0073749299220338,-0.0008973741447081,0.0012263709630521,-0.1868905763231191,-0.0059450726032493,-0.0065479661611929,0.0064935316268508,0.0067375824979594,-0.1980451501075037,0.0139228663853998,0.0139228899028847,-2.9697826919861118e-08,0.0116122220473189
97042,0.0014149903583144,-0.0075389657960156,0.0129932447357735,-0.0071621649289201,0.2179441693022047,0.0062245499974099,-0.0006771760812471,0.0017954974038191,-0.0053832114079653,0.2258145807415867,0.001414938611596,-0.0075390366616514,0.012993156453669,-0.007162253734413,0.2179440154766371,0.006224488453002,-0.0006772558206422,0.0017954016809292,-0.0053833090760089,0.2258144117751755,-0.0068617099753733,-0.0068617897147684,7.086563580394056e-08,-0.0048094980946875
97043,-0.006242932402084,0.0005968634553581,-0.0052238351802278,0.0005720537570596,-0.4064381248944725,0.0036489837700086,0.0062368459513256,-0.0060904982317919,-0.0024802078990887,-0.4151858376567803,-0.0062427200217321,0.0005970299985709,-0.0052236228218307,0.0005722141866084,-0.4064378858689024,0.0036492044793765,0.0062370157164202,-0.0060902698363521,-0.0024800442216225,-0.415185590225251,-0.0056401522610621,-0.0056399824959675,-1.665432128317157e-07,-0.0098921368814605
97044,0.0092065387566224,0.009806008655127,0.0101415744600567,0.006719451107358,-0.23909592280801,-0.0083840686858468,-0.0087069416558289,0.0041201085202859,-0.0011916117387718,-0.2218769024367838,0.0092065336130163,0.0098059990249452,0.010141526389426,0.0067194400109067,-0.2390959966159759,-0.0083840768700443,-0.0087069626275664,0.0041200618957701,-0.001191633157392,-0.2218769726053108,0.0185129712826935,0.018512950310956,9.630181818653938e-09,0.0175906156266668
97045,0.00365301506021,0.0032112035895931,-0.0052592555711366,-0.0062302633929905,0.8092192819343855,-0.0035653346564033,-0.0016010256867594,-0.010085840090082,-0.0082788375223721,0.7980198105872105,0.0036530865510085,0.0032112664035207,-0.0052592417836926,-0.0062302576960742,0.8092193558494606,-0.0035652747797831,-0.0016009704127016,-0.010085821775002,-0.0082788222638048,0.7980198645634378,0.0048121740022948,0.0048122292763525,-6.281392758711314e-08,0.0072182898399932
97046,0.0040568494438483,-0.0024757406109928,0.0054481254782693,0.0008070658238372,-1.884176698181537,0.0224102489167398,0.0168638038656329,0.0131469031484112,0.0081607865140334,-1.884257215164364,0.0040568712143433,-0.002475716919796,0.0054480941784124,0.0008070592165123,-1.884176650558946,0.0224102889595034,0.0168638387526379,0.013146888697129,0.0081607934874662,-1.8842571518763855,-0.0193395793636307,-0.0193395444766257,-2.3691196726627343e-08,-0.0183534395156551
97047,0.0055965594972849,0.0035499634744434,0.0021607363920184,0.0008548180322121,-0.4997720687042996,-0.0099474079700579,-0.0107198256744518,-0.0096313020014767,-0.0084124263483857,-0.5113797542768144,0.0055965039906586,0.0035499192697493,0.0021606653270924,0.000854779635907,-0.4997720513476981,-0.0099474616800698,-0.0107198697227139,-0.0096313786105624,-0.0084124703314476,-0.5113797398417645,0.0142698331971573,0.0142697891488953,4.420469412735884e-08,0.0155440211773548
97048,0.0066256553585399,-0.0006161952325995,0.0063116367249222,0.006166922216645,-1.457289976255281,0.0139064873905304,0.0099496874429985,0.0029773052936223,0.002766821616969,-1.4591798971294518,0.0066256841903946,-0.0006161900060066,0.0063117284366888,0.0061670160703704,-1.4572898232396394,0.0139065119264105,0.0099496940877542,0.0029773847859324,0.002766901077872,-1.4591797277062477,-0.0105658893203537,-0.0105658826755981,-5.226592908469385e-09,-0.0072808565678705
97049,0.0026459273499057,0.0039164976004008,0.033097256959661,0.0265824105065449,-0.3373872402242259,0.0042860316993187,0.0035909889269762,0.0226593902519253,0.0180583238534919,-0.3259656944425601,0.0026458250050163,0.0039163945155454,0.0330972909553708,0.0265824279093057,-0.3373872958670852,0.0042859652855477,0.003590909517469,0.0226594214259856,0.0180583326721322,-0.3259657171433246,0.0003255880829317,0.0003255086734246,1.0308485542953605e-07,-0.001640037935642
97050,7.986115803707006e-05,-0.0001350352822979,-0.0059173157282698,-0.0010955964045275,-0.8102303327496623,0.0079160737595306,0.005830984240579,-0.0037637450051259,-0.0004590451579965,-0.800260220375571,7.984112983175362e-05,-0.0001350553221015,-0.0059173361931932,-0.0010956139526874,-0.8102303526977368,0.0079160471059238,0.0058309616597217,-0.003763766710421,-0.0004590631044849,-0.8002602466460202,-0.0059659969420196,-0.0059660195228769,2.0039803677596172e-08,-0.0078361859478867
97051,-0.0008507627203165,0.0009662507290631,0.0016960996806258,0.0015602404336615,-0.1981777175135164,0.0058115028413636,0.0090584715409115,-0.0009791397247883,0.0025408921324902,-0.2008570164760175,-0.0008507011726881,0.0009662902733932,0.0016960969397013,0.0015602167880504,-0.1981775478188009,0.0058115539832014,0.0090585125570544,-0.0009791461458197,0.0025408745675763,-0.2008568883892506,-0.0080922618279913,-0.0080922208118484,-3.9544330088236996e-08,-0.006662316703518
97052,-0.0175031345423733,-0.0198062401824045,0.0021795580211,0.0016947097910468,-0.4878223785371813,-0.0081162806685581,-0.0106866394054318,-0.0068697090364485,-0.0029052655313293,-0.486109297020625,-0.0175032102286075,-0.0198063010600947,0.0021793767853967,0.0016945403174132,-0.4878223824934324,-0.0081163701024194,-0.0106867108576096,-0.006869898708628,-0.0029054410986156,-0.4861093179592059,-0.0091195293247949,-0.0091196007769727,6.087769019447188e-08,-0.0093867644399538
97053,0.0016008785561067,0.0077560371264084,0.0002511163377249,0.0041210774337626,-0.4366472889772004,0.0073793570024173,0.012424990834241,0.0142914388416752,0.0165811287809909,-0.4275486127037564,0.0016010154624158,0.0077560859233582,0.0002510768604134,0.0041210511845461,-0.4366471827606769,0.0073794567104258,0.0124250351624245,0.0142913966915275,0.0165811103830321,-0.4275485448841192,-0.0046689980360161,-0.0046689537078326,-4.879694981418936e-08,-0.005778578154319
97054,0.0155076402639856,0.0080882996415991,0.0099756578379983,0.0086261571369751,-1.0593914825894877,-0.0111019660868122,-0.0083691097568488,-0.0210507255537291,-0.0152853352652903,-1.0909644682640094,0.0155076305684794,0.0080882778335462,0.0099756319569753,0.0086261271199744,-1.0593915432302778,-0.0111020055722562,-0.0083691480532018,-0.0210508172563729,-0.0152854088250474,-1.0909645649120665,0.016457447694801,0.0164574093984479,2.1808052919070064e-08,0.0266096458362419
97055,0.0226567687039094,0.0199486723881828,0.0093157490985791,0.0100527038478683,0.8749125007414646,0.0031099751643275,0.0040186626953079,0.0044671987094055,0.0056997364969252,0.8653416095793904,0.0226568986607159,0.0199488060446609,0.009315758853175,0.0100527418970697,0.8749128266867544,0.0031100664375057,0.0040187501116999,0.0044672151448916,0.0056997588756746,0.8653419099356663,0.0159299222764828,0.0159300096928748,-1.3365647810736905e-07,0.0195467022664037
97056,0.0059818780751875,0.0027774839194533,0.0089341107409862,0.0060374433958103,-0.8354939871515301,0.0115307907283103,0.0082066358998418,0.0053926796667852,0.0035764760971263,-0.8281379112993308,0.0059818832473174,0.0027775006463887,0.0089340833679737,0.0060374309786128,-0.8354940037652605,0.0115307912618672,0.0082066521441821,0.0053926575988532,0.0035764706359938,-0.8281379277650474,-0.0054291682247288,-0.0054291519803885,-1.6726935420097178e-08,-0.0055489131866797
97057,0.020040122264882,0.0182728477400442,0.0109485806244837,0.0095474842700225,-1.381855014298791,0.0471549703821574,0.0403782661515546,0.0267341736764201,0.0230759830601565,-1.3616513297101194,0.0200400051826286,0.0182727507127925,0.0109484820726106,0.0095474270781366,-1.3818550906721507,0.0471548881774794,0.0403781978906306,0.0267340921385667,0.0230759363803403,-1.3616513779588282,-0.0221053501505864,-0.0221054184115103,9.702725173310613e-08,-0.0271147659125973
97058,0.009514919484904,0.0055558305477387,0.0089264245690307,0.0046881131801423,-0.948137878875246,-0.0025379382995199,-0.0065707414250189,0.0043236845803623,-0.0025958265463628,-0.9670099377744114,0.0095148853019604,0.0055558172319015,0.0089264084834283,0.0046881070542108,-0.9481379231290614,-0.002537954649266,-0.0065707461229961,0.004323676685785,-0.0025958272107797,-0.967009962959454,0.0121265766707348,0.0121265719727576,1.3315837155136734e-08,0.0120528741341701
97059,-0.0027247170269464,-0.0055008596049537,-0.0504433481530903,-0.0506559107247199,-1.0854821995810298,0.0016052663896041,-0.0017108044648146,-0.011171820173397,-0.0141552330769066,-1.071962932507974,-0.0027248914845202,-0.0055010293380393,-0.0504435330184268,-0.0506560666423971,-1.0854824558808025,0.0016050895066903,-0.001710961959398,-0.0111720151610738,-0.0141553873476386,-1.0719631739282405,-0.0037898976455557,-0.003790055140139,1.697330855865431e-07,-0.0043298065336367
97060,-0.0111412607489158,-0.0100381038723088,-0.0048251366174323,-0.0013692383773429,-0.4230738875908278,0.0087572904950846,0.0099267217109979,-0.0016759640462401,0.0009745607041742,-0.4183760654597083,-0.0111412125694938,-0.0100380595432093,-0.004825055351351,-0.0013691811815179,-0.4230738558173091,0.0087573334763541,0.0099267601531141,-0.001675886633429,0.0009746167422031,-0.4183760426373936,-0.019964864025423,-0.0199648255833068,-4.432909955776054e-08,-0.01989859422527
97061,-0.0012472240152614,0.0001924003210329,0.0032440849182027,0.0015915303854352,-1.3212328349176337,-0.0047366406625844,-0.0039871084511455,0.0017848289788947,-0.0014821041350306,-1.3155555361817246,-0.0012471640649304,0.0001924427521471,0.0032441378580223,0.0015915567246482,-1.3212328310929655,-0.0047366003074847,-0.003987081874308,0.00178487243736,-0.0014820845706072,-1.3155555481178227,0.004179482195341,0.0041795087721784,-4.2431114177787776e-08,0.0034893762922233
97062,0.0139544308443619,0.0118316280317765,0.0022581533576908,0.0013120137397325,0.1505549746304144,0.0023969493534292,0.0028200289088776,-0.0080797181678328,-0.0036461102562416,0.146576273188057,0.0139542265825031,0.0118314768335178,0.0022578108460667,0.0013117674767679,0.1505548727413106,0.0023967550400835,0.0028198957247543,-0.0080800328680141,-0.0036463329577955,0.1465761667333368,0.0090117323070221,0.0090115991228988,1.5119825863552094e-07,0.0115576758042784
97063,0.0072976071780796,0.0041604301071474,0.0088555569800327,0.0054475156437564,0.2404518590097579,-0.0088077468367865,-0.0095785793412832,-0.0067282407647063,-0.0065432779332591,0.2294487360020069,0.0072975717975934,0.0041604035584109,0.0088555261913455,0.0054475036755053,0.2404518406392078,-0.0088077728158646,-0.0095786004527193,-0.0067282652901136,-0.0065432861796688,0.2294487247993602,0.0137390305598668,0.0137390094484307,2.6548736570264356e-08,0.0161053799939443
