condition,angle_deg,mean_x_projection,mean_x_norm_ratio
AMP_ONLY,0.0,0.9999999997457982,0.9999999999995582
AMP_ONLY,22.5,0.936813467887024,0.936813468717203
AMP_ONLY,45.0,0.7642332718807514,0.7642332747676747
AMP_ONLY,67.5,0.5454591614160003,0.5454591673500522
AMP_ONLY,90.0,0.4346755304720566,0.4346755372409729
DIR_ONLY,0.0,0.9999999997457982,0.9999999999995582
DIR_ONLY,22.5,0.9855784588956936,0.9926041790651429
DIR_ONLY,45.0,0.9244308714635855,0.9598614923572003
DIR_ONLY,67.5,0.7153685866981231,0.8632169735445064
DIR_ONLY,90.0,-0.0055228905299853845,0.7038021854107065
NATIVE,0.0,0.9999999997457982,0.9999999999995582
NATIVE,22.5,0.9229097852210343,0.9295035160915174
NATIVE,45.0,0.7038039464441811,0.7310100511035625
NATIVE,67.5,0.3872944590767559,0.4689166779338576
NATIVE,90.0,-0.0019891908744082806,0.2985746001703643
