seed,NATIVE_rho,NATIVE_aligned_minus_orth,AMP_ONLY_rho,AMP_ONLY_aligned_minus_orth,DIR_ONLY_rho,DIR_ONLY_aligned_minus_orth
165000,0.9539590550898288,1.0097031292600365,0.8801041605022292,0.5105050364865191,0.917031607796029,1.0221931868119787
165001,0.9293407568939622,1.0711229750646107,0.8677950114042959,0.5883405606864239,0.7631672440718631,1.1860660579087567
165002,0.984731927834662,1.0287319099410326,0.9662682041877622,0.5622829435069818,0.6831577749352968,1.0643492727270456
165003,0.984731927834662,0.9833508614629047,0.9601136296387954,0.5958760856618934,0.8862587350511958,0.9032067689652112
165004,0.984731927834662,0.9752055972610052,0.9539590550898288,0.5704585479139896,0.8185584150125628,0.9115027547156289
165005,0.984731927834662,1.0021888172038913,0.8677950114042959,0.37504833497596757,0.9662682041877622,1.0100261564083515
165006,0.9724227787367287,0.9175473772083387,0.9785773532856954,0.5465074702808931,0.69546692403323,0.8290468797301811
165007,0.984731927834662,1.0407855298705126,0.9724227787367287,0.6722903393061319,0.9785773532856954,1.1088460214990539
165008,0.9724227787367287,1.0322494982070234,0.9478044805408621,0.5768826987201243,0.9047224586980956,1.0656784071456933
165009,0.935495331442929,1.0019436886152566,0.9293407568939622,0.6894035047742092,0.8247129895615294,1.0627291680403763
165010,0.9601136296387954,1.0386483202384942,0.8000946913656629,0.454869153133035,0.8862587350511958,1.039036915895462
165011,0.9601136296387954,1.0728043630184494,0.8801041605022292,0.5030074211615684,0.9478044805408621,1.1788551884871077
165012,0.9785773532856954,1.0230968710219457,0.984731927834662,0.741405147405128,0.8000946913656629,1.100569026536091
165013,0.984731927834662,0.9764028163919113,0.9416499059918955,0.4696232482237198,0.812403840463596,0.9313900946758191
165014,0.9601136296387954,0.9547581190782493,0.9601136296387954,0.6043176333216547,0.9539590550898288,0.8975347118713872
165015,0.9785773532856954,1.0745873861581048,0.8247129895615294,0.35351646888905364,0.9416499059918955,1.129533706499575
165016,0.984731927834662,1.1167407517431824,0.9662682041877622,0.6675799786990515,0.8247129895615294,1.336541785334378
165017,0.984731927834662,0.9679890486897942,0.9785773532856954,0.5908892123892984,0.9539590550898288,0.9333196896286722
165018,0.9416499059918955,0.8385274600052224,0.9662682041877622,0.6072794793568956,0.44928394207456457,0.5849033873344625
165019,0.984731927834662,1.0014618564441427,0.9601136296387954,0.5831365037157337,0.9108770332470623,0.9832312407326101
165020,0.9293407568939622,0.8184207702129962,0.8431767132084292,0.4649578774793208,0.7077760731311633,0.5389552657950819
165021,0.984731927834662,1.0257963070152387,0.9601136296387954,0.620207719427312,0.9539590550898288,1.0622584048599537
165022,0.984731927834662,1.0098890503739821,0.935495331442929,0.4188540570631234,0.9601136296387954,1.002111435492545
165023,0.984731927834662,0.9729625118730444,0.9785773532856954,0.6661197907484651,0.8924133096001624,0.923718370131143
165024,0.9601136296387954,0.980165616548489,0.935495331442929,0.6213291515908417,0.8431767132084292,0.935045491790732
165025,0.984731927834662,0.9911227306725128,0.9662682041877622,0.6831520222173839,0.7262397967780632,1.0010902069419045
165026,0.9478044805408621,0.9679066438992167,0.9293407568939622,0.5448253288861684,0.9662682041877622,0.9021791671681634
165027,0.9539590550898288,0.9876119900192496,0.8554858623063626,0.3840453433821537,0.935495331442929,1.0060310118309201
165028,0.984731927834662,0.9145171034143182,0.9724227787367287,0.6473035189858631,0.8000946913656629,0.7756872415674676
165029,0.984731927834662,0.9897322727854673,0.8862587350511958,0.5553114896762713,0.9047224586980956,0.942123673751072
165030,0.984731927834662,1.089038079870397,0.984731927834662,0.7529539644208354,0.935495331442929,1.361890886599439
165031,0.984731927834662,1.0428192685506812,0.9601136296387954,0.6547467940323766,0.8431767132084292,1.0990139121537386
165032,0.984731927834662,1.055712128520732,0.9478044805408621,0.5436278439520845,0.9416499059918955,1.1015106401185273
165033,0.984731927834662,0.9860977571675106,0.984731927834662,0.764840566807124,0.8985678841491291,0.947726242295369
165034,0.984731927834662,1.0543074407212336,0.9478044805408621,0.5516339156887328,0.8247129895615294,1.1413051455791645
165035,0.984731927834662,1.0011569698173364,0.9293407568939622,0.6143257038107524,0.935495331442929,1.0112613995441415
165036,0.9724227787367287,0.8947549425935197,0.8924133096001624,0.44142985161914505,0.9601136296387954,0.8287410799024006
165037,0.984731927834662,1.0585822784025727,0.9601136296387954,0.5881088895901392,0.9293407568939622,1.142840704225399
165038,0.9785773532856954,0.9675071781389284,0.9416499059918955,0.6518594187290881,0.7508580949739297,0.8860983100169868
165039,0.984731927834662,1.0261270592674956,0.9785773532856954,0.63726957387124,0.935495331442929,1.1091967218905228
165040,0.984731927834662,1.0241253584447754,0.9662682041877622,0.5342928023484591,0.8862587350511958,1.076978931142977
165041,0.9293407568939622,0.9602018468669636,0.781630967718763,0.3884021627545986,0.8801041605022292,0.9687576059604702
165042,0.984731927834662,0.9874879863681075,0.8924133096001624,0.5178690002460054,0.8616404368553293,0.961452129430778
165043,0.9785773532856954,1.0005637438367119,0.69546692403323,0.36413631305415306,0.8247129895615294,1.0017701118700677
165044,0.8677950114042959,0.9575802679997402,0.8185584150125628,0.4759186793318525,0.7877855422677296,0.9176166988119691
165045,0.984731927834662,1.0061077376757723,0.9539590550898288,0.6328394963204922,0.781630967718763,0.9866278419644505
165046,0.984731927834662,0.9946413518346637,0.984731927834662,0.6847311441244617,0.830867564110496,0.9536869161377782
165047,0.984731927834662,1.00274412340065,0.984731927834662,0.6755730986804527,0.917031607796029,1.0346180725958487
165048,0.984731927834662,1.0570647757364093,0.9416499059918955,0.5493574171428984,0.7693218186208297,1.0924499560460221
165049,0.984731927834662,0.970371388627709,0.935495331442929,0.502513096650218,0.8677950114042959,0.9435736086086681
165050,0.984731927834662,1.051406704631372,0.9047224586980956,0.6055361429385206,0.9785773532856954,1.1702180655060175
165051,0.984731927834662,1.015673415303357,0.9662682041877622,0.6788912737924946,0.9231861823449956,1.0703693528733007
165052,0.9662682041877622,1.0747956701273274,0.812403840463596,0.38241931429908527,0.8801041605022292,1.0921581917422578
165053,0.9539590550898288,0.9087170415614587,0.9785773532856954,0.653828099308731,0.5416025603090641,0.7349539972434208
165054,0.9478044805408621,0.8557427246326501,0.8185584150125628,0.3025289899119701,0.8801041605022292,0.7913417806164849
165055,0.984731927834662,1.0351313127611534,0.9231861823449956,0.5654037109790742,0.9416499059918955,1.0651320259618324
165056,0.9601136296387954,1.0267455164094204,0.935495331442929,0.6128759539847051,0.8924133096001624,1.1370784992675693
165057,0.984731927834662,1.0525106363162609,0.9601136296387954,0.5813194127914508,0.9108770332470623,1.1234472175917414
165058,0.9662682041877622,1.0183239984406987,0.8616404368553293,0.42372429068092976,0.8616404368553293,0.9732849613941201
165059,0.9601136296387954,0.9270484139801636,0.9724227787367287,0.598210916681319,0.8616404368553293,0.7016523680157263
165060,0.9416499059918955,0.9436831968254659,0.917031607796029,0.6945161267256474,0.9601136296387954,0.8267636002683396
165061,0.984731927834662,1.0400559299997163,0.9478044805408621,0.6974289451667386,0.8862587350511958,1.2182796303460284
165062,0.9785773532856954,1.0954633614123725,0.9601136296387954,0.5647523989616736,0.781630967718763,1.2688140540580368
165063,0.9601136296387954,1.1590472197512676,0.830867564110496,0.42357465605684064,0.917031607796029,1.245093627593734
