seed,rank_events,median_events,b_curv,a_curv,x_curv,b_rank_event_adv,a_rank_event_adv,b_median_event_adv,a_median_event_adv,b_max_jump_fraction,a_max_jump_fraction,b_path,a_path,paths_with_rank_event,paths_with_median_event
115000,1.7916666666666667,0.5833333333333334,7.385769059357925e-05,5.6786526585615166e-08,2.5123903658305336e-06,0.0001337712623811,1.533263452246148e-07,0.0003967553360445,4.533113494846362e-07,0.0775260661169553,0.0738688181944597,0.0002137705846338,1.4373277382992757e-07,0.9166666666666666,0.5416666666666666
115001,1.0416666666666667,0.5416666666666666,6.704175876907892e-05,5.0235852635757526e-08,2.2591672569698965e-06,0.0001950841089806,2.039714434135194e-07,0.0004697249985744,4.847805960858258e-07,0.0767253494115963,0.0886118793872827,0.0002292110053003,1.469944557209997e-07,0.6666666666666666,0.4583333333333333
115002,0.9583333333333334,0.4583333333333333,7.637726231184852e-05,5.30861062297066e-08,2.321655952784315e-06,0.0001652240933729,1.355413695489377e-07,0.0003994420442746,3.253515450234269e-07,0.0700509737731963,0.0806129680450062,0.0004667271541377,1.965230684966962e-07,0.7083333333333334,0.4583333333333333
115003,2.0416666666666665,0.375,0.0001079499580255,1.1364557927264687e-07,4.340770449703585e-06,4.99113296762419e-05,5.115426105090566e-08,0.0004081101969993,4.0880702523866045e-07,0.0771767936994073,0.0814400677631127,0.0004300690372562,4.948130434134346e-07,0.875,0.25
115004,1.0,0.625,5.67426521758181e-05,3.775418599811848e-08,1.59876584919669e-06,0.0003294596831472,2.066038569778552e-07,0.0004881651071822,3.055338545330905e-07,0.0695143346712815,0.0693964163420522,0.0002751382719415,2.675995103739481e-07,0.8333333333333334,0.625
115005,0.75,0.3333333333333333,4.570056347013451e-05,4.3234580945127014e-08,1.6956743488244551e-06,0.0001420855558997,1.371231592200672e-07,0.000322177277655,3.1065660344933697e-07,0.0752918715520115,0.0816815851261669,0.0002073445680185,1.992544133728157e-07,0.6666666666666666,0.3333333333333333
115006,3.1666666666666665,1.25,9.134834956938408e-05,5.851158034851063e-08,3.055246424553643e-06,0.0001530417569651,8.357852266187305e-08,0.0003351382865887,1.8324183741235693e-07,0.0772131763661242,0.0793009424018257,0.0002103215607654,1.8115371953585133e-07,1.0,0.875
115007,0.7083333333333334,0.125,3.726065800498963e-05,2.3618419252592644e-08,1.1400090943297932e-06,5.191892670810135e-05,3.86626476172886e-08,0.0002559625409013,1.9126201329291085e-07,0.077237941791896,0.0756519988249124,0.0001549236973735,8.951399028863891e-08,0.625,0.125
115008,0.375,0.0,1.3140286128665362e-05,9.13132050701851e-09,3.8589686103599867e-07,-3.68044912132704e-06,-2.544401058145912e-09,,,0.0682594381363943,0.0687871819997172,0.0001701315354929,1.1007770398919118e-07,0.25,0.0
115009,0.625,0.4583333333333333,2.4174201081137505e-05,2.103800174527692e-08,7.882518801809632e-07,0.00012121466184,8.200047992056587e-08,0.0001723889748046,1.160572804346791e-07,0.0773379016378075,0.0780818554106426,9.427193910822453e-05,7.893900690127794e-08,0.4583333333333333,0.4583333333333333
115010,1.375,0.4583333333333333,8.698340532199574e-05,6.883106142379456e-08,2.784055680107249e-06,0.0001243708260034,4.794885275037347e-08,0.000423007929867,1.6561162512581026e-07,0.0721373993452667,0.0722576003308941,0.0003770018444479,3.1477061079830176e-07,0.9166666666666666,0.4166666666666667
115011,1.0416666666666667,0.1666666666666666,2.7824874163238378e-05,2.5031884194546436e-08,1.025289836225621e-06,3.662238667823122e-05,3.549478643586856e-08,0.0003747534432566,3.631310508226483e-07,0.0687210042888956,0.0706082674177735,0.0003409252110017,2.6669134583022657e-07,0.5833333333333334,0.1666666666666666
115012,0.4166666666666667,0.25,1.0172152762229016e-05,8.346346916743744e-09,3.317014228152188e-07,5.082218831132424e-05,6.3824900903792e-08,8.442959835700296e-05,1.0604524605622525e-07,0.0707017026319072,0.0704625876424586,6.104894895202548e-05,6.092876939288204e-08,0.4166666666666667,0.25
115013,0.4583333333333333,0.0,3.489413732561829e-05,3.0143673509292886e-08,1.2926175228007368e-06,-9.704122659467795e-07,-8.54920789456183e-10,,,0.0794962402875409,0.0807097594669211,0.0001516805538341,1.176562428149839e-07,0.3333333333333333,0.0
115014,0.6666666666666666,0.3333333333333333,2.9757581402498218e-05,2.1922595528462152e-08,1.0470788569350965e-06,0.0001610256876541,1.330626096936501e-07,0.0003213283884073,2.657750789068516e-07,0.0691537063201368,0.0844402225416877,0.0001638392130342,6.840950342289459e-08,0.6666666666666666,0.3333333333333333
115015,0.7083333333333334,0.0,5.171280848914094e-06,6.599888465792781e-09,2.1828331837309545e-07,2.1243673390439023e-08,-1.3234499007099069e-10,,,0.0659139014833225,0.0669170594711619,8.91311850686973e-05,9.221397886776041e-08,0.5,0.0
115016,0.125,0.0,1.436678092020113e-05,1.0343346067377145e-08,5.089256380029819e-07,-8.327790399315576e-07,-8.146138992436246e-10,,,0.0692734141121233,0.071568670788459,0.0001493175995255,1.0511934395030755e-07,0.125,0.0
115017,1.2916666666666667,0.875,5.272554653347535e-05,4.457343662431299e-08,1.6684740957847986e-06,0.0001575105930668,1.7072526805936108e-07,0.0002302065698411,2.42650980676779e-07,0.0790228242130901,0.0800713242886443,0.0001504659037711,1.654788480574886e-07,0.7916666666666666,0.75
115018,0.7083333333333334,0.125,7.422376759542284e-05,5.2337055296609857e-08,2.5316680629885944e-06,0.0001267278471982,4.8930555148077774e-08,0.0007079291094874,2.780477879137009e-07,0.0735661453175761,0.0745175917073649,0.0003117487294069,2.180141562286031e-07,0.4583333333333333,0.125
115019,0.0,0.0,1.0238295547452267e-05,4.458528018994408e-09,2.755658912521584e-07,,,,,0.0635393154449177,0.0647341834113192,0.0002418103615958,1.882719361727972e-07,0.0,0.0
115020,0.7916666666666666,0.1666666666666666,6.364293514095558e-05,3.3546370825129165e-08,2.120165299392917e-06,6.450880376740872e-05,7.11890047160418e-08,0.0005428876657869,5.403041757523354e-07,0.0811393606333992,0.0845720430264018,0.0002122171216019,1.5917067711757702e-07,0.4583333333333333,0.1666666666666666
115021,0.0,0.0,3.940872683715789e-05,3.380703430389209e-08,1.240016489092696e-06,,,,,0.084027498541334,0.0984436878338057,0.0001472811765271,9.578041082588807e-08,0.0,0.0
115022,0.1666666666666666,0.0,3.689381364324941e-05,3.086970547763152e-08,1.3673026444261013e-06,1.8793895538059155e-06,1.7655608028825535e-09,,,0.0786439862210234,0.0810001485715332,0.0001922341281982,1.5840983319261884e-07,0.1666666666666666,0.0
115023,0.625,0.2083333333333333,3.301003453083208e-05,2.9549542897943773e-08,1.2723499493890578e-06,0.0001351280976596,1.6098625268792704e-07,0.0004140345260129,4.940435250952653e-07,0.070685946270367,0.0796032007160323,0.0002629383350956,2.3414752831541082e-07,0.5833333333333334,0.2083333333333333
115024,2.25,1.0416666666666667,0.0001024071709644,1.092366148401102e-07,3.34426564123219e-06,0.0002221911126964,2.4092827001945e-07,0.0004883580111752,5.293472748174828e-07,0.0757808369211211,0.0871695457844251,0.0002554398878022,3.1394981438483173e-07,1.0,0.75
115025,0.0833333333333333,0.0,1.5585681621976754e-05,1.9496702548733414e-08,6.646470093563482e-07,-2.508769738393688e-06,-3.886420142763953e-09,,,0.0679252177746154,0.0785325047528139,0.0001308188326858,8.504781475799276e-08,0.0833333333333333,0.0
115026,0.1666666666666666,0.1666666666666666,9.69071056729514e-06,9.4031525446654e-09,3.317771606321073e-07,1.740084645638002e-05,4.181354813588969e-09,1.740084645638002e-05,4.181354813588969e-09,0.0683704685002808,0.0675635615877749,0.0001279343762154,1.6194639677871637e-07,0.125,0.125
115027,0.7083333333333334,0.0833333333333333,4.2881511913321e-05,3.41098279791066e-08,1.569559047065781e-06,4.973611028116721e-05,4.297049164733744e-08,0.0003730965666437,3.224453904445545e-07,0.0827682395590482,0.0819560190361635,0.0001727187584583,1.4818838937991112e-07,0.625,0.0833333333333333
115028,1.5,0.6666666666666666,4.980294251126287e-05,4.6338077791004334e-08,1.7430085386005543e-06,7.222123954379731e-05,6.99416297832255e-08,0.0001492628973476,1.437437494666002e-07,0.0747995559696836,0.0717381440282244,0.0002089811704986,2.602949250903777e-07,0.9166666666666666,0.5833333333333334
115029,2.625,1.0833333333333333,0.0001442015171194,1.004409992347947e-07,3.913538273257298e-06,0.0003289555786151,2.1694931040824845e-07,0.0007201777516307,4.729849378532852e-07,0.0770116503896135,0.0817064358633156,0.0004252252774789,4.045101470819698e-07,1.0,0.8333333333333334
115030,1.75,0.7916666666666666,6.33356296667962e-05,8.365069247651639e-08,2.293175896470291e-06,0.0002028791903348,2.916079685078085e-07,0.0003978379300367,5.729346942732328e-07,0.0766761505038903,0.0883714479737667,0.0001923651096199,2.1643178613685898e-07,0.9583333333333334,0.6666666666666666
115031,1.125,0.3333333333333333,2.109037738603588e-05,1.904256728795159e-08,8.185530143038554e-07,9.399501013320794e-05,6.932422783498325e-08,0.0002844850051819,2.096142104159191e-07,0.0674291091663979,0.0688699917058213,0.0001773151596734,1.98829018583404e-07,0.875,0.3333333333333333
115032,1.0,0.3333333333333333,2.5655426450989736e-05,2.2203904642875604e-08,8.052913276597347e-07,8.998016942630392e-05,9.614603497160032e-08,0.0002141579141076,2.2885613318797085e-07,0.069673866796376,0.0694646309988727,0.0001819587943942,2.2990638153858286e-07,0.625,0.3333333333333333
115033,0.5,0.2083333333333333,7.267748693311852e-06,6.28425926422344e-09,2.626536593447353e-07,4.051357357817217e-05,2.351362569050436e-08,9.725848207675846e-05,5.6460553643529336e-08,0.066438862927649,0.0690671402110407,5.0071877732141366e-05,4.0578646438418995e-08,0.5,0.2083333333333333
115034,3.583333333333333,1.7083333333333333,0.0001787618377916,1.0858424338697258e-07,6.099507092161847e-06,0.0002277391002505,1.1909701319017957e-07,0.0005139802829716,2.793895213396917e-07,0.0777927769734094,0.0733667770695041,0.0003912252639544,3.239057727202935e-07,0.9583333333333334,0.7916666666666666
115035,1.0,0.5416666666666666,2.1648254525924056e-05,2.1742119936313706e-08,7.933352624827417e-07,3.917081688599453e-05,2.5921637639820662e-08,9.081744527235556e-05,6.129901909630708e-08,0.0733337018924463,0.0795708889496522,8.294739210122182e-05,7.626971177964694e-08,0.7083333333333334,0.5
115036,0.25,0.0,1.663372990411217e-05,1.1050500958964624e-08,5.508843757940128e-07,-1.0812396791372333e-07,-6.122715547243535e-11,,,0.0790655449458631,0.0778377907763444,0.0001083310926116,7.049245753852705e-08,0.25,0.0
115037,2.7916666666666665,1.25,0.0001657560066524,1.0940784046629653e-07,5.6409025508737465e-06,0.0001950420617296,1.0087617572584857e-07,0.0004038525552482,2.068259846047451e-07,0.0880114757787636,0.088301840827795,0.0003286768670488,2.7811410842298773e-07,1.0,0.9166666666666666
115038,0.1666666666666666,0.1666666666666666,8.634217524070673e-06,7.812883180267273e-09,3.084906768975541e-07,0.0001422533427356,8.849082664672998e-08,0.0001422533427356,8.849082664672998e-08,0.0682055289353472,0.0671652257054773,0.000111165727419,1.1024861800516885e-07,0.1666666666666666,0.1666666666666666
115039,0.6666666666666666,0.0833333333333333,2.017336276484887e-05,1.3189038931030338e-08,7.516337282591837e-07,3.127227733391319e-05,3.5720812617702885e-08,0.0003499193140294,4.156706236737395e-07,0.0690060365724576,0.0675326927979207,0.0002095070591666,1.5189791568112753e-07,0.4166666666666667,0.0833333333333333
115040,1.125,0.9166666666666666,0.0001891422908977,1.231450879770896e-07,6.219155376152733e-06,0.0005334509183638,4.224944261693864e-07,0.0006232969398521,4.944033713494374e-07,0.0828662141307027,0.1021469643262298,0.0004071489887676,2.524710822556826e-07,0.9166666666666666,0.8333333333333334
115041,2.4166666666666665,0.7916666666666666,4.816162167141302e-05,2.644827832254579e-08,1.5117180965142164e-06,0.0001353258367764,8.451449672618397e-08,0.0003614292714868,2.256707595370138e-07,0.069100640910977,0.0690762073808473,0.0002215577141057,1.241918248446342e-07,1.0,0.7916666666666666
115042,1.9583333333333333,0.9166666666666666,0.0001095262701489,4.707669156839545e-08,4.237097511896967e-06,0.0002309685635588,6.92280587385584e-08,0.0004775373068196,1.4700022954006709e-07,0.0842983037039107,0.0785239453441195,0.0002608785193722,1.9521535929342997e-07,0.9166666666666666,0.7083333333333334
115043,0.2916666666666667,0.0833333333333333,1.4284855954609846e-05,1.3395718889094804e-08,5.219758237491057e-07,3.452385972355796e-05,4.723836326284666e-08,0.0001246005268203,1.6877409453271474e-07,0.0768433686102508,0.0750718396652296,7.076729110743286e-05,6.732560438832053e-08,0.2916666666666667,0.0833333333333333
115044,1.3333333333333333,0.4166666666666667,6.368889416010738e-05,4.717072763236478e-08,2.1422898135505464e-06,0.0001553509454645,1.3531799968133286e-07,0.0005462819311146,4.749107636841033e-07,0.0726045831410242,0.0802783154082851,0.0002739469025704,1.6757875736734206e-07,0.7916666666666666,0.25
115045,1.2083333333333333,0.4583333333333333,0.0001065028862437,8.138705980543238e-08,4.2200159323728665e-06,0.0001066113360686,1.0902822500551507e-07,0.0003044649026167,3.26745696822062e-07,0.0819002075003848,0.0806065372679029,0.0003266747778501,2.6987740935564865e-07,0.75,0.4583333333333333
115046,0.0,0.0,1.2320577067161684e-06,7.566323842352602e-10,4.1956484428313086e-08,,,,,0.0631368855477359,0.0632787248730992,0.0001163636716989,9.565150621987849e-08,0.0,0.0
115047,0.5,0.2083333333333333,1.987446275461885e-05,1.5168550443186813e-08,7.293199904669679e-07,9.185131933668386e-05,6.82644208731812e-08,0.0002422665212284,1.8058435132019105e-07,0.0695389675390337,0.0740185288585797,0.0001047649709696,7.29486502813094e-08,0.3333333333333333,0.2083333333333333
115048,0.4583333333333333,0.0,3.475676531268053e-05,1.8514922057918577e-08,1.0095490053350717e-06,-4.288757218532253e-06,-2.447811179726353e-09,,,0.0746158017071943,0.0706020496758715,0.0001819953306838,1.2697612788550605e-07,0.4583333333333333,0.0
115049,0.375,0.0,1.2779237053110928e-05,1.4694844268214508e-08,4.688160695848542e-07,3.025262202640048e-07,4.2824347717114607e-10,,,0.0701260023347787,0.073255617913193,0.0001462028678259,1.244349528624183e-07,0.375,0.0
115050,1.125,0.4583333333333333,2.3654384556805342e-05,2.4919690546102372e-08,7.823789932202033e-07,0.000107318939655,1.1103902840091033e-07,0.0002479459948907,2.5675370065758216e-07,0.0723981037466505,0.0745566182392402,0.0001136922752615,1.4171607384790258e-07,0.75,0.4166666666666667
115051,0.9583333333333334,0.1666666666666666,1.6780703160540138e-05,1.2985654687604368e-08,6.24260884100078e-07,2.610591719168099e-05,2.5782558700496282e-08,0.0001821978725307,1.7929291405847595e-07,0.0716315663174127,0.0764702068322528,9.430711339887889e-05,7.294799803718659e-08,0.5833333333333334,0.1666666666666666
115052,1.0,0.2916666666666667,5.233555434845494e-05,3.7353768414931196e-08,1.6231502632554553e-06,0.0001075998726145,6.759103153236757e-08,0.0004197943481087,2.641545149534832e-07,0.0695178328760306,0.072182973135244,0.000373309544811,2.442776259313079e-07,0.7083333333333334,0.2916666666666667
115053,0.875,0.4166666666666667,7.688439428501228e-05,8.603128437366724e-08,2.717918871594336e-06,0.0002273543537351,3.386053473430528e-07,0.0004942702510563,7.331405530465239e-07,0.075133765388012,0.079078438127977,0.0002862086668032,2.3291296633680415e-07,0.625,0.4166666666666667
115054,0.5416666666666666,0.0833333333333333,2.497423223078816e-05,1.7831904840612215e-08,1.0514876685280577e-06,4.132819778832714e-05,2.6015448726560324e-08,0.0002501631884614,1.5090968988261262e-07,0.0673360952984382,0.0695809183451711,0.0002579598118931,1.6024556503654182e-07,0.5416666666666666,0.0833333333333333
115055,0.5833333333333334,0.5,6.378520377783865e-05,5.3572318655681415e-08,2.1368153806167348e-06,0.0001875773721035,3.4344245444536154e-08,0.0002202645104552,4.1397864521735795e-08,0.0835127768408153,0.0908830619904543,0.000246790620358,2.178922472590841e-07,0.5833333333333334,0.5
115056,0.5416666666666666,0.0416666666666666,4.082938722869498e-05,5.4113335867506574e-08,1.5950426592728791e-06,4.253070994822219e-05,4.3896563776401625e-08,0.0005883835298008,6.176457859188479e-07,0.0773087566540048,0.0845255632140089,0.000157894311304,1.74811866193891e-07,0.5416666666666666,0.0416666666666666
115057,2.4166666666666665,0.9166666666666666,0.0001580959219178,1.168900232599421e-07,5.393622634449371e-06,0.0001923705022828,1.5728898093807253e-07,0.0004903858397468,4.0357066400017045e-07,0.0812296022367383,0.0859536475113377,0.0003849856515388,2.779910884358285e-07,0.875,0.6666666666666666
115058,2.1666666666666665,0.5833333333333334,0.000101368610793,7.491951167877546e-08,3.522773189469853e-06,0.0001727903751189,1.8599662825513699e-07,0.0007412743781387,8.0309805103162e-07,0.0740064662306424,0.0702959965239196,0.0003318363020302,3.207840145417481e-07,0.9583333333333334,0.375
115059,0.875,0.3333333333333333,3.533772132900563e-05,3.4525905393465214e-08,1.269593397835289e-06,0.0001994439946829,2.1699901744920966e-07,0.0006030474821554,6.573654045193069e-07,0.0670271130539849,0.0698283996057107,0.0003084853730682,3.389853593637399e-07,0.7083333333333334,0.3333333333333333
115060,1.75,0.4166666666666667,0.0001177655761547,1.4515142394045496e-07,4.39350584435147e-06,0.0002332217519868,3.416792259311995e-07,0.0009231200512829,1.3578690620762136e-06,0.0718204364836389,0.0818697441739736,0.0003413254005547,3.629040893395942e-07,0.9583333333333334,0.4166666666666667
115061,0.375,0.0,3.3139376489357494e-05,3.012135982712852e-08,1.1211869433461537e-06,-1.8207843691039525e-06,-1.2922892292587874e-09,,,0.0734466479223243,0.0788609509798838,0.0002901383009122,2.2328336280700798e-07,0.375,0.0
115062,0.6666666666666666,0.25,4.408561390152642e-05,3.0974362847624844e-08,1.3840393631073908e-06,0.0001111143587964,1.0846375454373902e-07,0.0003142374918115,3.077233815412106e-07,0.0861331287656946,0.087992790381988,0.0001390449398137,8.547886450900915e-08,0.4583333333333333,0.2083333333333333
115063,1.4583333333333333,0.7916666666666666,7.822527057080794e-05,3.7917347009188815e-08,2.8541990927551907e-06,0.0002175501560207,8.510483602778209e-08,0.0004291336933107,1.680066095733437e-07,0.0705749654051086,0.0712998284543117,0.0003364818296918,2.236444195604969e-07,0.5833333333333334,0.5
